// Auto-generated by convert_font.py — DO NOT EDIT.
// Anti-aliased VLW smooth fonts (Noto Sans) for the undercover Notes UI.
// Source: Noto Sans (SIL Open Font License 1.1), Google.
#ifndef NOTES_FONTS_H
#define NOTES_FONTS_H

#include <cstdint>

static const uint8_t NOTES_FONT_BIG[] = {
  0x00, 0x00, 0x00, 0x5E, 0x00, 0x00, 0x00, 0x0B, 0x00, 0x00, 0x00, 0x14, 0x00, 0x00, 0x00, 0x00,
  0x00, 0x00, 0x00, 0x16, 0x00, 0x00, 0x00, 0x06, 0x00, 0x00, 0x00, 0x21, 0x00, 0x00, 0x00, 0x0E,
  0x00, 0x00, 0x00, 0x06, 0x00, 0x00, 0x00, 0x06, 0x00, 0x00, 0x00, 0x0E, 0x00, 0x00, 0x00, 0x00,
  0x00, 0x00, 0x00, 0x00, 0x00, 0x00, 0x00, 0x22, 0x00, 0x00, 0x00, 0x0E, 0x00, 0x00, 0x00, 0x09,
  0x00, 0x00, 0x00, 0x09, 0x00, 0x00, 0x00, 0x0E, 0x00, 0x00, 0x00, 0x00, 0x00, 0x00, 0x00, 0x00,
  0x00, 0x00, 0x00, 0x23, 0x00, 0x00, 0x00, 0x0E, 0x00, 0x00, 0x00, 0x0D, 0x00, 0x00, 0x00, 0x0D,
  0x00, 0x00, 0x00, 0x0E, 0x00, 0x00, 0x00, 0x00, 0x00, 0x00, 0x00, 0x00, 0x00, 0x00, 0x00, 0x24,
  0x00, 0x00, 0x00, 0x10, 0x00, 0x00, 0x00, 0x0B, 0x00, 0x00, 0x00, 0x0B, 0x00, 0x00, 0x00, 0x0F,
  0x00, 0x00, 0x00, 0x00, 0x00, 0x00, 0x00, 0x00, 0x00, 0x00, 0x00, 0x25, 0x00, 0x00, 0x00, 0x0E,
  0x00, 0x00, 0x00, 0x12, 0x00, 0x00, 0x00, 0x12, 0x00, 0x00, 0x00, 0x0E, 0x00, 0x00, 0x00, 0x00,
  0x00, 0x00, 0x00, 0x00, 0x00, 0x00, 0x00, 0x26, 0x00, 0x00, 0x00, 0x0E, 0x00, 0x00, 0x00, 0x0F,
  0x00, 0x00, 0x00, 0x0F, 0x00, 0x00, 0x00, 0x0E, 0x00, 0x00, 0x00, 0x00, 0x00, 0x00, 0x00, 0x00,
  0x00, 0x00, 0x00, 0x27, 0x00, 0x00, 0x00, 0x0E, 0x00, 0x00, 0x00, 0x05, 0x00, 0x00, 0x00, 0x05,
  0x00, 0x00, 0x00, 0x0E, 0x00, 0x00, 0x00, 0x00, 0x00, 0x00, 0x00, 0x00, 0x00, 0x00, 0x00, 0x28,
  0x00, 0x00, 0x00, 0x11, 0x00, 0x00, 0x00, 0x07, 0x00, 0x00, 0x00, 0x07, 0x00, 0x00, 0x00, 0x0E,
  0x00, 0x00, 0x00, 0x00, 0x00, 0x00, 0x00, 0x00, 0x00, 0x00, 0x00, 0x29, 0x00, 0x00, 0x00, 0x11,
  0x00, 0x00, 0x00, 0x07, 0x00, 0x00, 0x00, 0x07, 0x00, 0x00, 0x00, 0x0E, 0x00, 0x00, 0x00, 0x00,
  0x00, 0x00, 0x00, 0x00, 0x00, 0x00, 0x00, 0x2A, 0x00, 0x00, 0x00, 0x0F, 0x00, 0x00, 0x00, 0x0B,
  0x00, 0x00, 0x00, 0x0B, 0x00, 0x00, 0x00, 0x0F, 0x00, 0x00, 0x00, 0x00, 0x00, 0x00, 0x00, 0x00,
  0x00, 0x00, 0x00, 0x2B, 0x00, 0x00, 0x00, 0x0C, 0x00, 0x00, 0x00, 0x0B, 0x00, 0x00, 0x00, 0x0B,
  0x00, 0x00, 0x00, 0x0C, 0x00, 0x00, 0x00, 0x00, 0x00, 0x00, 0x00, 0x00, 0x00, 0x00, 0x00, 0x2C,
  0x00, 0x00, 0x00, 0x05, 0x00, 0x00, 0x00, 0x06, 0x00, 0x00, 0x00, 0x06, 0x00, 0x00, 0x00, 0x02,
  0x00, 0x00, 0x00, 0x00, 0x00, 0x00, 0x00, 0x00, 0x00, 0x00, 0x00, 0x2D, 0x00, 0x00, 0x00, 0x07,
  0x00, 0x00, 0x00, 0x06, 0x00, 0x00, 0x00, 0x06, 0x00, 0x00, 0x00, 0x07, 0x00, 0x00, 0x00, 0x00,
  0x00, 0x00, 0x00, 0x00, 0x00, 0x00, 0x00, 0x2E, 0x00, 0x00, 0x00, 0x03, 0x00, 0x00, 0x00, 0x06,
  0x00, 0x00, 0x00, 0x06, 0x00, 0x00, 0x00, 0x03, 0x00, 0x00, 0x00, 0x00, 0x00, 0x00, 0x00, 0x00,
  0x00, 0x00, 0x00, 0x2F, 0x00, 0x00, 0x00, 0x0E, 0x00, 0x00, 0x00, 0x09, 0x00, 0x00, 0x00, 0x08,
  0x00, 0x00, 0x00, 0x0E, 0x00, 0x00, 0x00, 0x00, 0x00, 0x00, 0x00, 0x00, 0x00, 0x00, 0x00, 0x30,
  0x00, 0x00, 0x00, 0x0E, 0x00, 0x00, 0x00, 0x0B, 0x00, 0x00, 0x00, 0x0B, 0x00, 0x00, 0x00, 0x0E,
  0x00, 0x00, 0x00, 0x00, 0x00, 0x00, 0x00, 0x00, 0x00, 0x00, 0x00, 0x31, 0x00, 0x00, 0x00, 0x0E,
  0x00, 0x00, 0x00, 0x0B, 0x00, 0x00, 0x00, 0x0B, 0x00, 0x00, 0x00, 0x0E, 0x00, 0x00, 0x00, 0x00,
  0x00, 0x00, 0x00, 0x00, 0x00, 0x00, 0x00, 0x32, 0x00, 0x00, 0x00, 0x0E, 0x00, 0x00, 0x00, 0x0B,
  0x00, 0x00, 0x00, 0x0B, 0x00, 0x00, 0x00, 0x0E, 0x00, 0x00, 0x00, 0x00, 0x00, 0x00, 0x00, 0x00,
  0x00, 0x00, 0x00, 0x33, 0x00, 0x00, 0x00, 0x0E, 0x00, 0x00, 0x00, 0x0B, 0x00, 0x00, 0x00, 0x0B,
  0x00, 0x00, 0x00, 0x0E, 0x00, 0x00, 0x00, 0x00, 0x00, 0x00, 0x00, 0x00, 0x00, 0x00, 0x00, 0x34,
  0x00, 0x00, 0x00, 0x0E, 0x00, 0x00, 0x00, 0x0C, 0x00, 0x00, 0x00, 0x0B, 0x00, 0x00, 0x00, 0x0E,
  0x00, 0x00, 0x00, 0x00, 0x00, 0x00, 0x00, 0x00, 0x00, 0x00, 0x00, 0x35, 0x00, 0x00, 0x00, 0x0E,
  0x00, 0x00, 0x00, 0x0B, 0x00, 0x00, 0x00, 0x0B, 0x00, 0x00, 0x00, 0x0E, 0x00, 0x00, 0x00, 0x00,
  0x00, 0x00, 0x00, 0x00, 0x00, 0x00, 0x00, 0x36, 0x00, 0x00, 0x00, 0x0E, 0x00, 0x00, 0x00, 0x0B,
  0x00, 0x00, 0x00, 0x0B, 0x00, 0x00, 0x00, 0x0E, 0x00, 0x00, 0x00, 0x00, 0x00, 0x00, 0x00, 0x00,
  0x00, 0x00, 0x00, 0x37, 0x00, 0x00, 0x00, 0x0E, 0x00, 0x00, 0x00, 0x0B, 0x00, 0x00, 0x00, 0x0B,
  0x00, 0x00, 0x00, 0x0E, 0x00, 0x00, 0x00, 0x00, 0x00, 0x00, 0x00, 0x00, 0x00, 0x00, 0x00, 0x38,
  0x00, 0x00, 0x00, 0x0E, 0x00, 0x00, 0x00, 0x0B, 0x00, 0x00, 0x00, 0x0B, 0x00, 0x00, 0x00, 0x0E,
  0x00, 0x00, 0x00, 0x00, 0x00, 0x00, 0x00, 0x00, 0x00, 0x00, 0x00, 0x39, 0x00, 0x00, 0x00, 0x0E,
  0x00, 0x00, 0x00, 0x0B, 0x00, 0x00, 0x00, 0x0B, 0x00, 0x00, 0x00, 0x0E, 0x00, 0x00, 0x00, 0x00,
  0x00, 0x00, 0x00, 0x00, 0x00, 0x00, 0x00, 0x3A, 0x00, 0x00, 0x00, 0x0B, 0x00, 0x00, 0x00, 0x06,
  0x00, 0x00, 0x00, 0x06, 0x00, 0x00, 0x00, 0x0B, 0x00, 0x00, 0x00, 0x00, 0x00, 0x00, 0x00, 0x00,
  0x00, 0x00, 0x00, 0x3B, 0x00, 0x00, 0x00, 0x0D, 0x00, 0x00, 0x00, 0x06, 0x00, 0x00, 0x00, 0x06,
  0x00, 0x00, 0x00, 0x0B, 0x00, 0x00, 0x00, 0x00, 0x00, 0x00, 0x00, 0x00, 0x00, 0x00, 0x00, 0x3C,
  0x00, 0x00, 0x00, 0x0D, 0x00, 0x00, 0x00, 0x0B, 0x00, 0x00, 0x00, 0x0B, 0x00, 0x00, 0x00, 0x0D,
  0x00, 0x00, 0x00, 0x00, 0x00, 0x00, 0x00, 0x00, 0x00, 0x00, 0x00, 0x3D, 0x00, 0x00, 0x00, 0x0A,
  0x00, 0x00, 0x00, 0x0B, 0x00, 0x00, 0x00, 0x0B, 0x00, 0x00, 0x00, 0x0A, 0x00, 0x00, 0x00, 0x00,
  0x00, 0x00, 0x00, 0x00, 0x00, 0x00, 0x00, 0x3E, 0x00, 0x00, 0x00, 0x0D, 0x00, 0x00, 0x00, 0x0B,
  0x00, 0x00, 0x00, 0x0B, 0x00, 0x00, 0x00, 0x0D, 0x00, 0x00, 0x00, 0x00, 0x00, 0x00, 0x00, 0x00,
  0x00, 0x00, 0x00, 0x3F, 0x00, 0x00, 0x00, 0x0E, 0x00, 0x00, 0x00, 0x0A, 0x00, 0x00, 0x00, 0x0A,
  0x00, 0x00, 0x00, 0x0E, 0x00, 0x00, 0x00, 0x00, 0x00, 0x00, 0x00, 0x00, 0x00, 0x00, 0x00, 0x40,
  0x00, 0x00, 0x00, 0x10, 0x00, 0x00, 0x00, 0x12, 0x00, 0x00, 0x00, 0x12, 0x00, 0x00, 0x00, 0x0E,
  0x00, 0x00, 0x00, 0x00, 0x00, 0x00, 0x00, 0x00, 0x00, 0x00, 0x00, 0x41, 0x00, 0x00, 0x00, 0x0E,
  0x00, 0x00, 0x00, 0x0E, 0x00, 0x00, 0x00, 0x0E, 0x00, 0x00, 0x00, 0x0E, 0x00, 0x00, 0x00, 0x00,
  0x00, 0x00, 0x00, 0x00, 0x00, 0x00, 0x00, 0x42, 0x00, 0x00, 0x00, 0x0E, 0x00, 0x00, 0x00, 0x0D,
  0x00, 0x00, 0x00, 0x0D, 0x00, 0x00, 0x00, 0x0E, 0x00, 0x00, 0x00, 0x00, 0x00, 0x00, 0x00, 0x00,
  0x00, 0x00, 0x00, 0x43, 0x00, 0x00, 0x00, 0x0E, 0x00, 0x00, 0x00, 0x0D, 0x00, 0x00, 0x00, 0x0D,
  0x00, 0x00, 0x00, 0x0E, 0x00, 0x00, 0x00, 0x00, 0x00, 0x00, 0x00, 0x00, 0x00, 0x00, 0x00, 0x44,
  0x00, 0x00, 0x00, 0x0E, 0x00, 0x00, 0x00, 0x0F, 0x00, 0x00, 0x00, 0x0F, 0x00, 0x00, 0x00, 0x0E,
  0x00, 0x00, 0x00, 0x00, 0x00, 0x00, 0x00, 0x00, 0x00, 0x00, 0x00, 0x45, 0x00, 0x00, 0x00, 0x0E,
  0x00, 0x00, 0x00, 0x0B, 0x00, 0x00, 0x00, 0x0B, 0x00, 0x00, 0x00, 0x0E, 0x00, 0x00, 0x00, 0x00,
  0x00, 0x00, 0x00, 0x00, 0x00, 0x00, 0x00, 0x46, 0x00, 0x00, 0x00, 0x0E, 0x00, 0x00, 0x00, 0x0B,
  0x00, 0x00, 0x00, 0x0B, 0x00, 0x00, 0x00, 0x0E, 0x00, 0x00, 0x00, 0x00, 0x00, 0x00, 0x00, 0x00,
  0x00, 0x00, 0x00, 0x47, 0x00, 0x00, 0x00, 0x0E, 0x00, 0x00, 0x00, 0x0E, 0x00, 0x00, 0x00, 0x0E,
  0x00, 0x00, 0x00, 0x0E, 0x00, 0x00, 0x00, 0x00, 0x00, 0x00, 0x00, 0x00, 0x00, 0x00, 0x00, 0x48,
  0x00, 0x00, 0x00, 0x0E, 0x00, 0x00, 0x00, 0x0F, 0x00, 0x00, 0x00, 0x0F, 0x00, 0x00, 0x00, 0x0E,
  0x00, 0x00, 0x00, 0x00, 0x00, 0x00, 0x00, 0x00, 0x00, 0x00, 0x00, 0x49, 0x00, 0x00, 0x00, 0x0E,
  0x00, 0x00, 0x00, 0x08, 0x00, 0x00, 0x00, 0x08, 0x00, 0x00, 0x00, 0x0E, 0x00, 0x00, 0x00, 0x00,
  0x00, 0x00, 0x00, 0x00, 0x00, 0x00, 0x00, 0x4A, 0x00, 0x00, 0x00, 0x13, 0x00, 0x00, 0x00, 0x09,
  0x00, 0x00, 0x00, 0x07, 0x00, 0x00, 0x00, 0x0E, 0xFF, 0xFF, 0xFF, 0xFE, 0x00, 0x00, 0x00, 0x00,
  0x00, 0x00, 0x00, 0x4B, 0x00, 0x00, 0x00, 0x0E, 0x00, 0x00, 0x00, 0x0E, 0x00, 0x00, 0x00, 0x0D,
  0x00, 0x00, 0x00, 0x0E, 0x00, 0x00, 0x00, 0x00, 0x00, 0x00, 0x00, 0x00, 0x00, 0x00, 0x00, 0x4C,
  0x00, 0x00, 0x00, 0x0E, 0x00, 0x00, 0x00, 0x0B, 0x00, 0x00, 0x00, 0x0B, 0x00, 0x00, 0x00, 0x0E,
  0x00, 0x00, 0x00, 0x00, 0x00, 0x00, 0x00, 0x00, 0x00, 0x00, 0x00, 0x4D, 0x00, 0x00, 0x00, 0x0E,
  0x00, 0x00, 0x00, 0x13, 0x00, 0x00, 0x00, 0x13, 0x00, 0x00, 0x00, 0x0E, 0x00, 0x00, 0x00, 0x00,
  0x00, 0x00, 0x00, 0x00, 0x00, 0x00, 0x00, 0x4E, 0x00, 0x00, 0x00, 0x0E, 0x00, 0x00, 0x00, 0x10,
  0x00, 0x00, 0x00, 0x10, 0x00, 0x00, 0x00, 0x0E, 0x00, 0x00, 0x00, 0x00, 0x00, 0x00, 0x00, 0x00,
  0x00, 0x00, 0x00, 0x4F, 0x00, 0x00, 0x00, 0x0E, 0x00, 0x00, 0x00, 0x10, 0x00, 0x00, 0x00, 0x10,
  0x00, 0x00, 0x00, 0x0E, 0x00, 0x00, 0x00, 0x00, 0x00, 0x00, 0x00, 0x00, 0x00, 0x00, 0x00, 0x50,
  0x00, 0x00, 0x00, 0x0E, 0x00, 0x00, 0x00, 0x0D, 0x00, 0x00, 0x00, 0x0D, 0x00, 0x00, 0x00, 0x0E,
  0x00, 0x00, 0x00, 0x00, 0x00, 0x00, 0x00, 0x00, 0x00, 0x00, 0x00, 0x51, 0x00, 0x00, 0x00, 0x11,
  0x00, 0x00, 0x00, 0x10, 0x00, 0x00, 0x00, 0x10, 0x00, 0x00, 0x00, 0x0E, 0x00, 0x00, 0x00, 0x00,
  0x00, 0x00, 0x00, 0x00, 0x00, 0x00, 0x00, 0x52, 0x00, 0x00, 0x00, 0x0E, 0x00, 0x00, 0x00, 0x0E,
  0x00, 0x00, 0x00, 0x0D, 0x00, 0x00, 0x00, 0x0E, 0x00, 0x00, 0x00, 0x00, 0x00, 0x00, 0x00, 0x00,
  0x00, 0x00, 0x00, 0x53, 0x00, 0x00, 0x00, 0x0E, 0x00, 0x00, 0x00, 0x0B, 0x00, 0x00, 0x00, 0x0B,
  0x00, 0x00, 0x00, 0x0E, 0x00, 0x00, 0x00, 0x00, 0x00, 0x00, 0x00, 0x00, 0x00, 0x00, 0x00, 0x54,
  0x00, 0x00, 0x00, 0x0E, 0x00, 0x00, 0x00, 0x0C, 0x00, 0x00, 0x00, 0x0C, 0x00, 0x00, 0x00, 0x0E,
  0x00, 0x00, 0x00, 0x00, 0x00, 0x00, 0x00, 0x00, 0x00, 0x00, 0x00, 0x55, 0x00, 0x00, 0x00, 0x0E,
  0x00, 0x00, 0x00, 0x0F, 0x00, 0x00, 0x00, 0x0F, 0x00, 0x00, 0x00, 0x0E, 0x00, 0x00, 0x00, 0x00,
  0x00, 0x00, 0x00, 0x00, 0x00, 0x00, 0x00, 0x56, 0x00, 0x00, 0x00, 0x0E, 0x00, 0x00, 0x00, 0x0D,
  0x00, 0x00, 0x00, 0x0D, 0x00, 0x00, 0x00, 0x0E, 0x00, 0x00, 0x00, 0x00, 0x00, 0x00, 0x00, 0x00,
  0x00, 0x00, 0x00, 0x57, 0x00, 0x00, 0x00, 0x0E, 0x00, 0x00, 0x00, 0x14, 0x00, 0x00, 0x00, 0x13,
  0x00, 0x00, 0x00, 0x0E, 0x00, 0x00, 0x00, 0x00, 0x00, 0x00, 0x00, 0x00, 0x00, 0x00, 0x00, 0x58,
  0x00, 0x00, 0x00, 0x0E, 0x00, 0x00, 0x00, 0x0E, 0x00, 0x00, 0x00, 0x0D, 0x00, 0x00, 0x00, 0x0E,
  0x00, 0x00, 0x00, 0x00, 0x00, 0x00, 0x00, 0x00, 0x00, 0x00, 0x00, 0x59, 0x00, 0x00, 0x00, 0x0E,
  0x00, 0x00, 0x00, 0x0D, 0x00, 0x00, 0x00, 0x0C, 0x00, 0x00, 0x00, 0x0E, 0x00, 0x00, 0x00, 0x00,
  0x00, 0x00, 0x00, 0x00, 0x00, 0x00, 0x00, 0x5A, 0x00, 0x00, 0x00, 0x0E, 0x00, 0x00, 0x00, 0x0C,
  0x00, 0x00, 0x00, 0x0C, 0x00, 0x00, 0x00, 0x0E, 0x00, 0x00, 0x00, 0x00, 0x00, 0x00, 0x00, 0x00,
  0x00, 0x00, 0x00, 0x5B, 0x00, 0x00, 0x00, 0x12, 0x00, 0x00, 0x00, 0x07, 0x00, 0x00, 0x00, 0x07,
  0x00, 0x00, 0x00, 0x0E, 0x00, 0x00, 0x00, 0x00, 0x00, 0x00, 0x00, 0x00, 0x00, 0x00, 0x00, 0x5C,
  0x00, 0x00, 0x00, 0x0E, 0x00, 0x00, 0x00, 0x09, 0x00, 0x00, 0x00, 0x08, 0x00, 0x00, 0x00, 0x0E,
  0x00, 0x00, 0x00, 0x00, 0x00, 0x00, 0x00, 0x00, 0x00, 0x00, 0x00, 0x5D, 0x00, 0x00, 0x00, 0x12,
  0x00, 0x00, 0x00, 0x07, 0x00, 0x00, 0x00, 0x07, 0x00, 0x00, 0x00, 0x0E, 0x00, 0x00, 0x00, 0x00,
  0x00, 0x00, 0x00, 0x00, 0x00, 0x00, 0x00, 0x5E, 0x00, 0x00, 0x00, 0x0E, 0x00, 0x00, 0x00, 0x0B,
  0x00, 0x00, 0x00, 0x0B, 0x00, 0x00, 0x00, 0x0E, 0x00, 0x00, 0x00, 0x00, 0x00, 0x00, 0x00, 0x00,
  0x00, 0x00, 0x00, 0x5F, 0x00, 0x00, 0x00, 0x04, 0x00, 0x00, 0x00, 0x0A, 0x00, 0x00, 0x00, 0x08,
  0x00, 0x00, 0x00, 0x00, 0xFF, 0xFF, 0xFF, 0xFF, 0x00, 0x00, 0x00, 0x00, 0x00, 0x00, 0x00, 0x60,
  0x00, 0x00, 0x00, 0x0F, 0x00, 0x00, 0x00, 0x07, 0x00, 0x00, 0x00, 0x07, 0x00, 0x00, 0x00, 0x0F,
  0x00, 0x00, 0x00, 0x00, 0x00, 0x00, 0x00, 0x00, 0x00, 0x00, 0x00, 0x61, 0x00, 0x00, 0x00, 0x0B,
  0x00, 0x00, 0x00, 0x0C, 0x00, 0x00, 0x00, 0x0C, 0x00, 0x00, 0x00, 0x0B, 0x00, 0x00, 0x00, 0x00,
  0x00, 0x00, 0x00, 0x00, 0x00, 0x00, 0x00, 0x62, 0x00, 0x00, 0x00, 0x0F, 0x00, 0x00, 0x00, 0x0D,
  0x00, 0x00, 0x00, 0x0D, 0x00, 0x00, 0x00, 0x0F, 0x00, 0x00, 0x00, 0x00, 0x00, 0x00, 0x00, 0x00,
  0x00, 0x00, 0x00, 0x63, 0x00, 0x00, 0x00, 0x0B, 0x00, 0x00, 0x00, 0x0A, 0x00, 0x00, 0x00, 0x0A,
  0x00, 0x00, 0x00, 0x0B, 0x00, 0x00, 0x00, 0x00, 0x00, 0x00, 0x00, 0x00, 0x00, 0x00, 0x00, 0x64,
  0x00, 0x00, 0x00, 0x0F, 0x00, 0x00, 0x00, 0x0D, 0x00, 0x00, 0x00, 0x0D, 0x00, 0x00, 0x00, 0x0F,
  0x00, 0x00, 0x00, 0x00, 0x00, 0x00, 0x00, 0x00, 0x00, 0x00, 0x00, 0x65, 0x00, 0x00, 0x00, 0x0B,
  0x00, 0x00, 0x00, 0x0C, 0x00, 0x00, 0x00, 0x0C, 0x00, 0x00, 0x00, 0x0B, 0x00, 0x00, 0x00, 0x00,
  0x00, 0x00, 0x00, 0x00, 0x00, 0x00, 0x00, 0x66, 0x00, 0x00, 0x00, 0x0F, 0x00, 0x00, 0x00, 0x09,
  0x00, 0x00, 0x00, 0x08, 0x00, 0x00, 0x00, 0x0F, 0x00, 0x00, 0x00, 0x00, 0x00, 0x00, 0x00, 0x00,
  0x00, 0x00, 0x00, 0x67, 0x00, 0x00, 0x00, 0x10, 0x00, 0x00, 0x00, 0x0D, 0x00, 0x00, 0x00, 0x0D,
  0x00, 0x00, 0x00, 0x0B, 0x00, 0x00, 0x00, 0x00, 0x00, 0x00, 0x00, 0x00, 0x00, 0x00, 0x00, 0x68,
  0x00, 0x00, 0x00, 0x0F, 0x00, 0x00, 0x00, 0x0D, 0x00, 0x00, 0x00, 0x0D, 0x00, 0x00, 0x00, 0x0F,
  0x00, 0x00, 0x00, 0x00, 0x00, 0x00, 0x00, 0x00, 0x00, 0x00, 0x00, 0x69, 0x00, 0x00, 0x00, 0x0F,
  0x00, 0x00, 0x00, 0x06, 0x00, 0x00, 0x00, 0x06, 0x00, 0x00, 0x00, 0x0F, 0x00, 0x00, 0x00, 0x00,
  0x00, 0x00, 0x00, 0x00, 0x00, 0x00, 0x00, 0x6A, 0x00, 0x00, 0x00, 0x14, 0x00, 0x00, 0x00, 0x08,
  0x00, 0x00, 0x00, 0x06, 0x00, 0x00, 0x00, 0x0F, 0xFF, 0xFF, 0xFF, 0xFE, 0x00, 0x00, 0x00, 0x00,
  0x00, 0x00, 0x00, 0x6B, 0x00, 0x00, 0x00, 0x0F, 0x00, 0x00, 0x00, 0x0D, 0x00, 0x00, 0x00, 0x0C,
  0x00, 0x00, 0x00, 0x0F, 0x00, 0x00, 0x00, 0x00, 0x00, 0x00, 0x00, 0x00, 0x00, 0x00, 0x00, 0x6C,
  0x00, 0x00, 0x00, 0x0F, 0x00, 0x00, 0x00, 0x06, 0x00, 0x00, 0x00, 0x06, 0x00, 0x00, 0x00, 0x0F,
  0x00, 0x00, 0x00, 0x00, 0x00, 0x00, 0x00, 0x00, 0x00, 0x00, 0x00, 0x6D, 0x00, 0x00, 0x00, 0x0B,
  0x00, 0x00, 0x00, 0x14, 0x00, 0x00, 0x00, 0x14, 0x00, 0x00, 0x00, 0x0B, 0x00, 0x00, 0x00, 0x00,
  0x00, 0x00, 0x00, 0x00, 0x00, 0x00, 0x00, 0x6E, 0x00, 0x00, 0x00, 0x0B, 0x00, 0x00, 0x00, 0x0D,
  0x00, 0x00, 0x00, 0x0D, 0x00, 0x00, 0x00, 0x0B, 0x00, 0x00, 0x00, 0x00, 0x00, 0x00, 0x00, 0x00,
  0x00, 0x00, 0x00, 0x6F, 0x00, 0x00, 0x00, 0x0B, 0x00, 0x00, 0x00, 0x0C, 0x00, 0x00, 0x00, 0x0C,
  0x00, 0x00, 0x00, 0x0B, 0x00, 0x00, 0x00, 0x00, 0x00, 0x00, 0x00, 0x00, 0x00, 0x00, 0x00, 0x70,
  0x00, 0x00, 0x00, 0x10, 0x00, 0x00, 0x00, 0x0D, 0x00, 0x00, 0x00, 0x0D, 0x00, 0x00, 0x00, 0x0B,
  0x00, 0x00, 0x00, 0x00, 0x00, 0x00, 0x00, 0x00, 0x00, 0x00, 0x00, 0x71, 0x00, 0x00, 0x00, 0x10,
  0x00, 0x00, 0x00, 0x0D, 0x00, 0x00, 0x00, 0x0D, 0x00, 0x00, 0x00, 0x0B, 0x00, 0x00, 0x00, 0x00,
  0x00, 0x00, 0x00, 0x00, 0x00, 0x00, 0x00, 0x72, 0x00, 0x00, 0x00, 0x0B, 0x00, 0x00, 0x00, 0x09,
  0x00, 0x00, 0x00, 0x09, 0x00, 0x00, 0x00, 0x0B, 0x00, 0x00, 0x00, 0x00, 0x00, 0x00, 0x00, 0x00,
  0x00, 0x00, 0x00, 0x73, 0x00, 0x00, 0x00, 0x0B, 0x00, 0x00, 0x00, 0x0A, 0x00, 0x00, 0x00, 0x0A,
  0x00, 0x00, 0x00, 0x0B, 0x00, 0x00, 0x00, 0x00, 0x00, 0x00, 0x00, 0x00, 0x00, 0x00, 0x00, 0x74,
  0x00, 0x00, 0x00, 0x0E, 0x00, 0x00, 0x00, 0x09, 0x00, 0x00, 0x00, 0x09, 0x00, 0x00, 0x00, 0x0E,
  0x00, 0x00, 0x00, 0x00, 0x00, 0x00, 0x00, 0x00, 0x00, 0x00, 0x00, 0x75, 0x00, 0x00, 0x00, 0x0B,
  0x00, 0x00, 0x00, 0x0D, 0x00, 0x00, 0x00, 0x0D, 0x00, 0x00, 0x00, 0x0B, 0x00, 0x00, 0x00, 0x00,
  0x00, 0x00, 0x00, 0x00, 0x00, 0x00, 0x00, 0x76, 0x00, 0x00, 0x00, 0x0B, 0x00, 0x00, 0x00, 0x0C,
  0x00, 0x00, 0x00, 0x0B, 0x00, 0x00, 0x00, 0x0B, 0x00, 0x00, 0x00, 0x00, 0x00, 0x00, 0x00, 0x00,
  0x00, 0x00, 0x00, 0x77, 0x00, 0x00, 0x00, 0x0B, 0x00, 0x00, 0x00, 0x11, 0x00, 0x00, 0x00, 0x11,
  0x00, 0x00, 0x00, 0x0B, 0x00, 0x00, 0x00, 0x00, 0x00, 0x00, 0x00, 0x00, 0x00, 0x00, 0x00, 0x78,
  0x00, 0x00, 0x00, 0x0B, 0x00, 0x00, 0x00, 0x0C, 0x00, 0x00, 0x00, 0x0C, 0x00, 0x00, 0x00, 0x0B,
  0x00, 0x00, 0x00, 0x00, 0x00, 0x00, 0x00, 0x00, 0x00, 0x00, 0x00, 0x79, 0x00, 0x00, 0x00, 0x10,
  0x00, 0x00, 0x00, 0x0C, 0x00, 0x00, 0x00, 0x0B, 0x00, 0x00, 0x00, 0x0B, 0x00, 0x00, 0x00, 0x00,
  0x00, 0x00, 0x00, 0x00, 0x00, 0x00, 0x00, 0x7A, 0x00, 0x00, 0x00, 0x0B, 0x00, 0x00, 0x00, 0x0A,
  0x00, 0x00, 0x00, 0x0A, 0x00, 0x00, 0x00, 0x0B, 0x00, 0x00, 0x00, 0x00, 0x00, 0x00, 0x00, 0x00,
  0x00, 0x00, 0x00, 0x7B, 0x00, 0x00, 0x00, 0x12, 0x00, 0x00, 0x00, 0x08, 0x00, 0x00, 0x00, 0x08,
  0x00, 0x00, 0x00, 0x0E, 0x00, 0x00, 0x00, 0x00, 0x00, 0x00, 0x00, 0x00, 0x00, 0x00, 0x00, 0x7C,
  0x00, 0x00, 0x00, 0x14, 0x00, 0x00, 0x00, 0x0B, 0x00, 0x00, 0x00, 0x0B, 0x00, 0x00, 0x00, 0x0F,
  0x00, 0x00, 0x00, 0x00, 0x00, 0x00, 0x00, 0x00, 0x00, 0x00, 0x00, 0x7D, 0x00, 0x00, 0x00, 0x12,
  0x00, 0x00, 0x00, 0x08, 0x00, 0x00, 0x00, 0x08, 0x00, 0x00, 0x00, 0x0E, 0x00, 0x00, 0x00, 0x00,
  0x00, 0x00, 0x00, 0x00, 0x00, 0x00, 0x00, 0x7E, 0x00, 0x00, 0x00, 0x09, 0x00, 0x00, 0x00, 0x0B,
  0x00, 0x00, 0x00, 0x0B, 0x00, 0x00, 0x00, 0x09, 0x00, 0x00, 0x00, 0x00, 0x00, 0x00, 0x00, 0x00,
  0x00, 0xC9, 0xFF, 0xFF, 0x88, 0x00, 0x00, 0xBB, 0xFF, 0xFF, 0x7A, 0x00, 0x00, 0xAD, 0xFF, 0xFF,
  0x6C, 0x00, 0x00, 0x9F, 0xFF, 0xFF, 0x5E, 0x00, 0x00, 0x90, 0xFF, 0xFF, 0x4F, 0x00, 0x00, 0x82,
  0xFF, 0xFF, 0x41, 0x00, 0x00, 0x74, 0xFF, 0xFF, 0x33, 0x00, 0x00, 0x66, 0xFF, 0xFF, 0x25, 0x00,
  0x00, 0x57, 0xFF, 0xFF, 0x17, 0x00, 0x00, 0x00, 0x00, 0x00, 0x00, 0x00, 0x00, 0x00, 0x00, 0x00,
  0x00, 0x00, 0x00, 0x6E, 0xF1, 0xDF, 0x34, 0x00, 0x00, 0xD0, 0xFF, 0xFF, 0x84, 0x00, 0x00, 0x6D,
  0xF1, 0xE0, 0x34, 0x00, 0x00, 0xAA, 0xFF, 0xF9, 0x00, 0x8B, 0xFF, 0xFF, 0x19, 0x00, 0x95, 0xFF,
  0xE5, 0x00, 0x77, 0xFF, 0xFF, 0x05, 0x00, 0x80, 0xFF, 0xD1, 0x00, 0x63, 0xFF, 0xEF, 0x00, 0x00,
  0x6B, 0xFF, 0xBD, 0x00, 0x4F, 0xFF, 0xDA, 0x00, 0x00, 0x56, 0xFF, 0xA9, 0x00, 0x3A, 0xFF, 0xC6,
  0x00, 0x00, 0x00, 0x00, 0x00, 0x00, 0x00, 0x00, 0x00, 0x00, 0x00, 0x00, 0x00, 0x00, 0x00, 0x00,
  0x00, 0x00, 0x00, 0x00, 0x00, 0x00, 0x00, 0x00, 0x00, 0x00, 0x00, 0x00, 0x00, 0x00, 0x00, 0x00,
  0x00, 0x00, 0x00, 0x00, 0x00, 0x00, 0x00, 0x00, 0x00, 0x00, 0x00, 0x00, 0x00, 0x00, 0x00, 0x00,
  0x00, 0x00, 0x00, 0x00, 0x00, 0x00, 0x00, 0x00, 0x00, 0x00, 0x00, 0x00, 0x00, 0x00, 0x00, 0x00,
  0x00, 0x00, 0x00, 0x00, 0x00, 0x00, 0x00, 0x00, 0x00, 0x00, 0x00, 0x00, 0x00, 0x00, 0x00, 0x00,
  0x00, 0x00, 0x00, 0x00, 0x00, 0x00, 0x64, 0xFF, 0xC0, 0x00, 0x4F, 0xFF, 0xCC, 0x00, 0x00, 0x00,
  0x00, 0x00, 0x00, 0x9A, 0xFF, 0x8A, 0x00, 0x84, 0xFF, 0x96, 0x00, 0x00, 0x00, 0x00, 0x00, 0x00,
  0xD0, 0xFF, 0x54, 0x00, 0xB9, 0xFF, 0x60, 0x00, 0x00, 0x00, 0x55, 0x64, 0x65, 0xFB, 0xFF, 0x7C,
  0x64, 0xEE, 0xFF, 0x83, 0x64, 0x30, 0x00, 0xDC, 0xFF, 0xFF, 0xFF, 0xFF, 0xFF, 0xFF, 0xFF, 0xFF,
  0xFF, 0xFF, 0x7C, 0x00, 0xDC, 0xFF, 0xFF, 0xFF, 0xFF, 0xFF, 0xFF, 0xFF, 0xFF, 0xFF, 0xFF, 0x7C,
  0x00, 0x00, 0x00, 0x86, 0xFF, 0x9A, 0x00, 0x7A, 0xFF, 0xA5, 0x00, 0x00, 0x00, 0x00, 0x00, 0x00,
  0xBF, 0xFF, 0x60, 0x00, 0xB3, 0xFF, 0x69, 0x00, 0x00, 0x00, 0x90, 0xFF, 0xFF, 0xFF, 0xFF, 0xFF,
  0xFF, 0xFF, 0xFF, 0xFF, 0xFF, 0xD0, 0x00, 0x90, 0xFF, 0xFF, 0xFF, 0xFF, 0xFF, 0xFF, 0xFF, 0xFF,
  0xFF, 0xFF, 0xD0, 0x00, 0x38, 0x64, 0x92, 0xFF, 0xE2, 0x64, 0x90, 0xFF, 0xE9, 0x64, 0x64, 0x51,
  0x00, 0x00, 0x00, 0x75, 0xFF, 0xA6, 0x00, 0x75, 0xFF, 0xAF, 0x00, 0x00, 0x00, 0x00, 0x00, 0x00,
  0xA8, 0xFF, 0x72, 0x00, 0xAB, 0xFF, 0x79, 0x00, 0x00, 0x00, 0x00, 0x00, 0x00, 0xDB, 0xFF, 0x3E,
  0x00, 0xE1, 0xFF, 0x43, 0x00, 0x00, 0x00, 0x00, 0x00, 0x00, 0x00, 0x00, 0x00, 0xF0, 0x68, 0x00,
  0x00, 0x00, 0x00, 0x00, 0x00, 0x00, 0x37, 0x6F, 0xF8, 0xB6, 0x6E, 0x4D, 0x0A, 0x00, 0x00, 0x23,
  0xC5, 0xFF, 0xFF, 0xFF, 0xFF, 0xFF, 0xFF, 0xF3, 0x3A, 0x00, 0xD1, 0xFF, 0xFF, 0xF0, 0xFD, 0xE5,
  0xF3, 0xFF, 0xE9, 0x06, 0x1B, 0xFF, 0xFF, 0xE4, 0x0B, 0xF0, 0x68, 0x00, 0x32, 0x45, 0x00, 0x0D,
  0xFD, 0xFF, 0xF6, 0x47, 0xF0, 0x68, 0x00, 0x00, 0x00, 0x00, 0x00, 0xA0, 0xFF, 0xFF, 0xFF, 0xFF,
  0x9C, 0x0E, 0x00, 0x00, 0x00, 0x00, 0x06, 0x88, 0xF8, 0xFF, 0xFF, 0xFF, 0xF3, 0x90, 0x11, 0x00,
  0x00, 0x00, 0x00, 0x1A, 0x81, 0xFB, 0xFF, 0xFF, 0xFF, 0xDA, 0x13, 0x00, 0x00, 0x00, 0x00, 0x00,
  0xF0, 0xA4, 0xDC, 0xFF, 0xFF, 0x7D, 0x0D, 0x2E, 0x00, 0x00, 0x00, 0xF0, 0x68, 0x58, 0xFF, 0xFF,
  0xA0, 0x20, 0xFF, 0xD5, 0x94, 0x6E, 0xF6, 0xB4, 0xDE, 0xFF, 0xFF, 0x73, 0x20, 0xFF, 0xFF, 0xFF,
  0xFF, 0xFF, 0xFF, 0xFF, 0xFF, 0xCF, 0x0B, 0x05, 0x5E, 0xB2, 0xE5, 0xFA, 0xFF, 0xF4, 0xC8, 0x77,
  0x0A, 0x00, 0x00, 0x00, 0x00, 0x00, 0x00, 0xF0, 0x68, 0x00, 0x00, 0x00, 0x00, 0x00, 0x00, 0x00,
  0x00, 0x00, 0xF0, 0x68, 0x00, 0x00, 0x00, 0x00, 0x00, 0x18, 0xAF, 0xF4, 0xF1, 0xA5, 0x11, 0x00,
  0x00, 0x00, 0x00, 0x81, 0xFF, 0xD4, 0x03, 0x00, 0x00, 0x00, 0x00, 0xB5, 0xFF, 0xFF, 0xFF, 0xFF,
  0xAC, 0x00, 0x00, 0x00, 0x1B, 0xF5, 0xFF, 0x46, 0x00, 0x00, 0x00, 0x00, 0x1E, 0xFE, 0xFF, 0xB2,
  0xB1, 0xFF, 0xFD, 0x20, 0x00, 0x00, 0xA2, 0xFF, 0xB5, 0x00, 0x00, 0x00, 0x00, 0x00, 0x46, 0xFF,
  0xFF, 0x2B, 0x28, 0xFF, 0xFF, 0x4A, 0x00, 0x34, 0xFE, 0xFB, 0x29, 0x00, 0x00, 0x00, 0x00, 0x00,
  0x59, 0xFF, 0xFF, 0x17, 0x14, 0xFF, 0xFF, 0x60, 0x00, 0xC3, 0xFF, 0x93, 0x00, 0x00, 0x00, 0x00,
  0x00, 0x00, 0x43, 0xFF, 0xFF, 0x2B, 0x29, 0xFF, 0xFF, 0x4B, 0x55, 0xFF, 0xEF, 0x2C, 0xAF, 0xF4,
  0xF1, 0xA5, 0x11, 0x00, 0x19, 0xFC, 0xFF, 0xB2, 0xB1, 0xFF, 0xFE, 0x28, 0xDE, 0xFF, 0x71, 0xB5,
  0xFF, 0xFF, 0xFF, 0xFF, 0xAC, 0x00, 0x00, 0xA6, 0xFF, 0xFF, 0xFF, 0xFF, 0xB4, 0x77, 0xFF, 0xDB,
  0x24, 0xFE, 0xFF, 0xB2, 0xB1, 0xFF, 0xFD, 0x20, 0x00, 0x10, 0xA5, 0xF2, 0xF3, 0xAC, 0x2C, 0xF1,
  0xFF, 0x50, 0x46, 0xFF, 0xFF, 0x2B, 0x28, 0xFF, 0xFF, 0x4A, 0x00, 0x00, 0x00, 0x00, 0x00, 0x00,
  0x98, 0xFF, 0xBF, 0x00, 0x59, 0xFF, 0xFF, 0x17, 0x14, 0xFF, 0xFF, 0x60, 0x00, 0x00, 0x00, 0x00,
  0x00, 0x2C, 0xFC, 0xFD, 0x31, 0x00, 0x43, 0xFF, 0xFF, 0x2B, 0x29, 0xFF, 0xFF, 0x4B, 0x00, 0x00,
  0x00, 0x00, 0x00, 0xBA, 0xFF, 0x9D, 0x00, 0x00, 0x19, 0xFC, 0xFF, 0xB2, 0xB1, 0xFF, 0xFE, 0x20,
  0x00, 0x00, 0x00, 0x00, 0x4B, 0xFF, 0xF3, 0x19, 0x00, 0x00, 0x00, 0xA6, 0xFF, 0xFF, 0xFF, 0xFF,
  0xB4, 0x00, 0x00, 0x00, 0x00, 0x04, 0xD7, 0xFF, 0x7C, 0x00, 0x00, 0x00, 0x00, 0x10, 0xA5, 0xF2,
  0xF3, 0xAC, 0x16, 0x00, 0x00, 0x00, 0x00, 0x5E, 0xC3, 0xF1, 0xF9, 0xDB, 0x8B, 0x0F, 0x00, 0x00,
  0x00, 0x00, 0x00, 0x00, 0x00, 0x7F, 0xFF, 0xFF, 0xFF, 0xFF, 0xFF, 0xFF, 0xC7, 0x02, 0x00, 0x00,
  0x00, 0x00, 0x00, 0x00, 0xEA, 0xFF, 0xFB, 0x8E, 0x7A, 0xE8, 0xFF, 0xFF, 0x26, 0x00, 0x00, 0x00,
  0x00, 0x00, 0x00, 0xE8, 0xFF, 0xDC, 0x00, 0x00, 0xA8, 0xFF, 0xFF, 0x12, 0x00, 0x00, 0x00, 0x00,
  0x00, 0x00, 0x8F, 0xFF, 0xFF, 0x6C, 0x8C, 0xFE, 0xFF, 0x98, 0x00, 0x00, 0x00, 0x00, 0x00, 0x00,
  0x00, 0x0B, 0xD7, 0xFF, 0xFF, 0xFF, 0xFE, 0x92, 0x04, 0x00, 0x00, 0x00, 0x00, 0x00, 0x00, 0x01,
  0x8A, 0xFE, 0xFF, 0xFF, 0xFF, 0xA8, 0x00, 0x00, 0x00, 0xD8, 0xFF, 0xFF, 0x44, 0x00, 0x7F, 0xFF,
  0xFF, 0xFF, 0xF2, 0xFF, 0xFF, 0x85, 0x00, 0x2B, 0xFF, 0xFF, 0xE9, 0x05, 0x07, 0xF3, 0xFF, 0xFF,
  0x73, 0x2E, 0xEB, 0xFF, 0xFF, 0x84, 0x9A, 0xFF, 0xFF, 0x86, 0x00, 0x27, 0xFF, 0xFF, 0xFA, 0x02,
  0x00, 0x2D, 0xEA, 0xFF, 0xFF, 0xFD, 0xFF, 0xF3, 0x14, 0x00, 0x23, 0xFF, 0xFF, 0xFF, 0x29, 0x00,
  0x00, 0x2C, 0xE9, 0xFF, 0xFF, 0xFF, 0x6A, 0x00, 0x00, 0x00, 0xD9, 0xFF, 0xFF, 0xE6, 0x80, 0x6F,
  0xA0, 0xF7, 0xFF, 0xFF, 0xFF, 0x86, 0x00, 0x00, 0x00, 0x3A, 0xF3, 0xFF, 0xFF, 0xFF, 0xFF, 0xFF,
  0xFF, 0xFF, 0xF8, 0xFF, 0xFF, 0x83, 0x00, 0x00, 0x00, 0x21, 0x97, 0xDB, 0xF8, 0xF8, 0xDB, 0x99,
  0x2B, 0x39, 0xF3, 0xFF, 0xFF, 0x81, 0x00, 0xAA, 0xFF, 0xF9, 0x00, 0x00, 0x95, 0xFF, 0xE5, 0x00,
  0x00, 0x80, 0xFF, 0xD1, 0x00, 0x00, 0x6B, 0xFF, 0xBD, 0x00, 0x00, 0x56, 0xFF, 0xA9, 0x00, 0x00,
  0x00, 0x00, 0x00, 0x00, 0x00, 0x00, 0x00, 0x00, 0x00, 0x00, 0x00, 0x00, 0x00, 0x00, 0x00, 0x00,
  0x00, 0x00, 0x00, 0x00, 0x00, 0x00, 0x00, 0x00, 0x00, 0x00, 0x00, 0x00, 0x00, 0x00, 0x00, 0x00,
  0x00, 0x00, 0x00, 0x00, 0x00, 0x00, 0x00, 0x00, 0x00, 0x00, 0x00, 0x00, 0x00, 0x00, 0x00, 0x9E,
  0xFF, 0xD8, 0x07, 0x00, 0x00, 0x4E, 0xFF, 0xFF, 0x3F, 0x00, 0x00, 0x01, 0xD7, 0xFF, 0xBD, 0x00,
  0x00, 0x00, 0x48, 0xFF, 0xFF, 0x54, 0x00, 0x00, 0x00, 0x9F, 0xFF, 0xF8, 0x07, 0x00, 0x00, 0x00,
  0xDB, 0xFF, 0xC3, 0x00, 0x00, 0x00, 0x0B, 0xFF, 0xFF, 0x91, 0x00, 0x00, 0x00, 0x1F, 0xFF, 0xFF,
  0x7C, 0x00, 0x00, 0x00, 0x2F, 0xFF, 0xFF, 0x6C, 0x00, 0x00, 0x00, 0x22, 0xFF, 0xFF, 0x7A, 0x00,
  0x00, 0x00, 0x0E, 0xFF, 0xFF, 0x8F, 0x00, 0x00, 0x00, 0x00, 0xE2, 0xFF, 0xBF, 0x00, 0x00, 0x00,
  0x00, 0xA5, 0xFF, 0xF6, 0x05, 0x00, 0x00, 0x00, 0x53, 0xFF, 0xFF, 0x4F, 0x00, 0x00, 0x00, 0x03,
  0xDE, 0xFF, 0xB8, 0x00, 0x00, 0x00, 0x00, 0x57, 0xFF, 0xFE, 0x39, 0x00, 0x00, 0x00, 0x00, 0xA0,
  0xFF, 0xD3, 0x05, 0x22, 0xF6, 0xFF, 0x64, 0x00, 0x00, 0x00, 0x00, 0x79, 0xFF, 0xF3, 0x22, 0x00,
  0x00, 0x00, 0x0A, 0xEF, 0xFF, 0x9F, 0x00, 0x00, 0x00, 0x00, 0x90, 0xFF, 0xF7, 0x14, 0x00, 0x00,
  0x00, 0x3B, 0xFF, 0xFF, 0x62, 0x00, 0x00, 0x00, 0x06, 0xF7, 0xFF, 0x9F, 0x00, 0x00, 0x00, 0x00,
  0xCB, 0xFF, 0xD1, 0x00, 0x00, 0x00, 0x00, 0xB6, 0xFF, 0xE6, 0x00, 0x00, 0x00, 0x00, 0xA5, 0xFF,
  0xF6, 0x00, 0x00, 0x00, 0x00, 0xB3, 0xFF, 0xE9, 0x00, 0x00, 0x00, 0x00, 0xC7, 0xFF, 0xD5, 0x00,
  0x00, 0x00, 0x04, 0xF3, 0xFF, 0xA7, 0x00, 0x00, 0x00, 0x35, 0xFF, 0xFF, 0x69, 0x00, 0x00, 0x00,
  0x87, 0xFF, 0xFB, 0x1C, 0x00, 0x00, 0x06, 0xE9, 0xFF, 0xA6, 0x00, 0x00, 0x00, 0x6F, 0xFF, 0xF5,
  0x28, 0x00, 0x00, 0x1C, 0xF3, 0xFF, 0x67, 0x00, 0x00, 0x00, 0x00, 0x00, 0x00, 0x00, 0xCA, 0xFF,
  0xA8, 0x00, 0x00, 0x00, 0x00, 0x00, 0x00, 0x00, 0x00, 0xAC, 0xFF, 0x8B, 0x00, 0x00, 0x00, 0x00,
  0x03, 0x4B, 0x0A, 0x00, 0x8F, 0xFF, 0x6E, 0x00, 0x0D, 0x4D, 0x00, 0x26, 0xFF, 0xF8, 0xB9, 0xBD,
  0xFF, 0xAF, 0xC0, 0xFA, 0xFF, 0x14, 0x4C, 0xFF, 0xFF, 0xFF, 0xFF, 0xFF, 0xFF, 0xFF, 0xFF, 0xFF,
  0x36, 0x00, 0x0A, 0x1F, 0x7B, 0xFF, 0xFF, 0xFF, 0x63, 0x21, 0x0F, 0x00, 0x00, 0x00, 0x1B, 0xEB,
  0xFF, 0xB9, 0xFF, 0xDB, 0x0E, 0x00, 0x00, 0x00, 0x03, 0xC3, 0xFF, 0xD6, 0x0C, 0xEB, 0xFF, 0xAC,
  0x00, 0x00, 0x00, 0x08, 0x79, 0xEC, 0x65, 0x00, 0x77, 0xEA, 0x72, 0x04, 0x00, 0x00, 0x00, 0x00,
  0x0C, 0x07, 0x00, 0x09, 0x0C, 0x00, 0x00, 0x00, 0x00, 0x00, 0x00, 0x00, 0x00, 0x00, 0x00, 0x00,
  0x00, 0x00, 0x00, 0x00, 0x00, 0x00, 0x00, 0x00, 0x00, 0x00, 0x00, 0x00, 0x00, 0x00, 0x00, 0x00,
  0x00, 0x00, 0x00, 0x00, 0x00, 0x00, 0x00, 0x00, 0x00, 0x00, 0x00, 0x00, 0x00, 0x00, 0x00, 0x00,
  0x00, 0x00, 0x00, 0x00, 0x00, 0x00, 0x00, 0x00, 0x00, 0x00, 0x00, 0x00, 0x00, 0x00, 0x00, 0x00,
  0x00, 0x00, 0x00, 0x5C, 0xFF, 0xC8, 0x00, 0x00, 0x00, 0x00, 0x00, 0x00, 0x00, 0x00, 0x5C, 0xFF,
  0xC8, 0x00, 0x00, 0x00, 0x00, 0x00, 0x00, 0x00, 0x00, 0x5C, 0xFF, 0xC8, 0x00, 0x00, 0x00, 0x00,
  0x00, 0x00, 0x00, 0x00, 0x5C, 0xFF, 0xC8, 0x00, 0x00, 0x00, 0x00, 0x24, 0xFF, 0xFF, 0xFF, 0xFF,
  0xFF, 0xFF, 0xFF, 0xFF, 0xFF, 0x90, 0x24, 0xFF, 0xFF, 0xFF, 0xFF, 0xFF, 0xFF, 0xFF, 0xFF, 0xFF,
  0x90, 0x0E, 0x64, 0x64, 0x64, 0x9C, 0xFF, 0xDD, 0x64, 0x64, 0x64, 0x38, 0x00, 0x00, 0x00, 0x00,
  0x5C, 0xFF, 0xC8, 0x00, 0x00, 0x00, 0x00, 0x00, 0x00, 0x00, 0x00, 0x5C, 0xFF, 0xC8, 0x00, 0x00,
  0x00, 0x00, 0x00, 0x00, 0x00, 0x00, 0x5C, 0xFF, 0xC8, 0x00, 0x00, 0x00, 0x00, 0x00, 0x00, 0x00,
  0x00, 0x00, 0x00, 0x00, 0x00, 0x00, 0x00, 0x00, 0x00, 0x00, 0x00, 0x00, 0x00, 0x00, 0x00, 0x00,
  0x00, 0x00, 0x00, 0x00, 0x7C, 0xFF, 0xFF, 0x5E, 0x00, 0x00, 0xA6, 0xFF, 0xFD, 0x16, 0x00, 0x00,
  0xD8, 0xFF, 0xC1, 0x00, 0x00, 0x0F, 0xFE, 0xFF, 0x5E, 0x00, 0x00, 0x45, 0xFF, 0xEE, 0x08, 0x00,
  0x00, 0x28, 0x64, 0x64, 0x64, 0x64, 0x54, 0x68, 0xFF, 0xFF, 0xFF, 0xFF, 0xD8, 0x68, 0xFF, 0xFF,
  0xFF, 0xFF, 0xD8, 0x00, 0x00, 0x00, 0x00, 0x00, 0x00, 0x00, 0x00, 0x00, 0x00, 0x00, 0x00, 0x00,
  0x00, 0x00, 0x00, 0x00, 0x00, 0x00, 0x00, 0x00, 0x00, 0x00, 0x00, 0x00, 0x6E, 0xF1, 0xDF, 0x34,
  0x00, 0x00, 0xD0, 0xFF, 0xFF, 0x84, 0x00, 0x00, 0x6D, 0xF1, 0xE0, 0x34, 0x00, 0x00, 0x00, 0x00,
  0x00, 0x00, 0xBD, 0xFF, 0xEF, 0x08, 0x00, 0x00, 0x00, 0x00, 0x1F, 0xFE, 0xFF, 0x95, 0x00, 0x00,
  0x00, 0x00, 0x00, 0x7F, 0xFF, 0xFF, 0x34, 0x00, 0x00, 0x00, 0x00, 0x01, 0xDE, 0xFF, 0xD3, 0x00,
  0x00, 0x00, 0x00, 0x00, 0x41, 0xFF, 0xFF, 0x72, 0x00, 0x00, 0x00, 0x00, 0x00, 0xA2, 0xFF, 0xFB,
  0x16, 0x00, 0x00, 0x00, 0x00, 0x0E, 0xF5, 0xFF, 0xB0, 0x00, 0x00, 0x00, 0x00, 0x00, 0x65, 0xFF,
  0xFF, 0x4E, 0x00, 0x00, 0x00, 0x00, 0x00, 0xC6, 0xFF, 0xE9, 0x04, 0x00, 0x00, 0x00, 0x00, 0x27,
  0xFF, 0xFF, 0x8C, 0x00, 0x00, 0x00, 0x00, 0x00, 0x88, 0xFF, 0xFF, 0x2B, 0x00, 0x00, 0x00, 0x00,
  0x03, 0xE5, 0xFF, 0xCA, 0x00, 0x00, 0x00, 0x00, 0x00, 0x4A, 0xFF, 0xFF, 0x69, 0x00, 0x00, 0x00,
  0x00, 0x00, 0xAB, 0xFF, 0xF7, 0x10, 0x00, 0x00, 0x00, 0x00, 0x00, 0x00, 0x00, 0x0E, 0x82, 0xD7,
  0xF6, 0xEB, 0xAE, 0x2D, 0x00, 0x00, 0x00, 0x0A, 0xC8, 0xFF, 0xFF, 0xFF, 0xFF, 0xFF, 0xF6, 0x37,
  0x00, 0x00, 0x76, 0xFF, 0xFF, 0xDA, 0x70, 0xA7, 0xFF, 0xFF, 0xD1, 0x01, 0x00, 0xD8, 0xFF, 0xFF,
  0x31, 0x00, 0x00, 0xCD, 0xFF, 0xFF, 0x38, 0x11, 0xFE, 0xFF, 0xE8, 0x00, 0x00, 0x00, 0x81, 0xFF,
  0xFF, 0x78, 0x31, 0xFF, 0xFF, 0xC7, 0x00, 0x00, 0x00, 0x5D, 0xFF, 0xFF, 0x9D, 0x40, 0xFF, 0xFF,
  0xBA, 0x00, 0x00, 0x00, 0x50, 0xFF, 0xFF, 0xAD, 0x42, 0xFF, 0xFF, 0xBA, 0x00, 0x00, 0x00, 0x4F,
  0xFF, 0xFF, 0xAC, 0x33, 0xFF, 0xFF, 0xC7, 0x00, 0x00, 0x00, 0x5D, 0xFF, 0xFF, 0x9C, 0x0E, 0xFF,
  0xFF, 0xE7, 0x00, 0x00, 0x00, 0x7F, 0xFF, 0xFF, 0x7A, 0x00, 0xCE, 0xFF, 0xFF, 0x2F, 0x00, 0x00,
  0xCA, 0xFF, 0xFF, 0x40, 0x00, 0x68, 0xFF, 0xFF, 0xD9, 0x6F, 0xA5, 0xFF, 0xFF, 0xDA, 0x02, 0x00,
  0x05, 0xC0, 0xFF, 0xFF, 0xFF, 0xFF, 0xFF, 0xF9, 0x43, 0x00, 0x00, 0x00, 0x09, 0x82, 0xDB, 0xF9,
  0xE7, 0xB3, 0x37, 0x00, 0x00, 0x00, 0x00, 0x00, 0x00, 0x16, 0xC1, 0xFF, 0xFF, 0x44, 0x00, 0x00,
  0x00, 0x00, 0x00, 0x36, 0xE3, 0xFF, 0xFF, 0xFF, 0x44, 0x00, 0x00, 0x00, 0x00, 0x63, 0xF8, 0xFF,
  0xFF, 0xFF, 0xFF, 0x44, 0x00, 0x00, 0x00, 0x7E, 0xFF, 0xFF, 0xDD, 0xCE, 0xFF, 0xFF, 0x44, 0x00,
  0x00, 0x00, 0x2C, 0xF3, 0xBE, 0x15, 0xBA, 0xFF, 0xFF, 0x44, 0x00, 0x00, 0x00, 0x00, 0x2F, 0x03,
  0x00, 0xC2, 0xFF, 0xFF, 0x44, 0x00, 0x00, 0x00, 0x00, 0x00, 0x00, 0x00, 0xC4, 0xFF, 0xFF, 0x44,
  0x00, 0x00, 0x00, 0x00, 0x00, 0x00, 0x00, 0xC4, 0xFF, 0xFF, 0x44, 0x00, 0x00, 0x00, 0x00, 0x00,
  0x00, 0x00, 0xC4, 0xFF, 0xFF, 0x44, 0x00, 0x00, 0x00, 0x00, 0x00, 0x00, 0x00, 0xC4, 0xFF, 0xFF,
  0x44, 0x00, 0x00, 0x00, 0x00, 0x00, 0x00, 0x00, 0xC4, 0xFF, 0xFF, 0x44, 0x00, 0x00, 0x00, 0x00,
  0x00, 0x00, 0x00, 0xC4, 0xFF, 0xFF, 0x44, 0x00, 0x00, 0x00, 0x00, 0x00, 0x00, 0x00, 0xC4, 0xFF,
  0xFF, 0x44, 0x00, 0x00, 0x00, 0x00, 0x00, 0x00, 0x00, 0xC4, 0xFF, 0xFF, 0x44, 0x00, 0x00, 0x00,
  0x00, 0x34, 0xA1, 0xE2, 0xF9, 0xF0, 0xC1, 0x55, 0x00, 0x00, 0x09, 0x9B, 0xFF, 0xFF, 0xFF, 0xFF,
  0xFF, 0xFF, 0xFF, 0x82, 0x00, 0x04, 0xBF, 0xFF, 0xF8, 0x9F, 0x6D, 0x9C, 0xFF, 0xFF, 0xFC, 0x1E,
  0x00, 0x14, 0xB3, 0x28, 0x00, 0x00, 0x00, 0xBE, 0xFF, 0xFF, 0x54, 0x00, 0x00, 0x00, 0x00, 0x00,
  0x00, 0x00, 0xAE, 0xFF, 0xFF, 0x4C, 0x00, 0x00, 0x00, 0x00, 0x00, 0x00, 0x14, 0xF1, 0xFF, 0xFA,
  0x12, 0x00, 0x00, 0x00, 0x00, 0x00, 0x03, 0xB7, 0xFF, 0xFF, 0x8F, 0x00, 0x00, 0x00, 0x00, 0x00,
  0x01, 0x9F, 0xFF, 0xFF, 0xCA, 0x08, 0x00, 0x00, 0x00, 0x00, 0x00, 0x94, 0xFF, 0xFF, 0xD1, 0x13,
  0x00, 0x00, 0x00, 0x00, 0x00, 0x94, 0xFF, 0xFF, 0xC9, 0x12, 0x00, 0x00, 0x00, 0x00, 0x00, 0x95,
  0xFF, 0xFF, 0xBA, 0x0C, 0x00, 0x00, 0x00, 0x00, 0x01, 0x95, 0xFF, 0xFF, 0xE9, 0x6A, 0x64, 0x64,
  0x64, 0x64, 0x4E, 0x32, 0xFF, 0xFF, 0xFF, 0xFF, 0xFF, 0xFF, 0xFF, 0xFF, 0xFF, 0xC8, 0x34, 0xFF,
  0xFF, 0xFF, 0xFF, 0xFF, 0xFF, 0xFF, 0xFF, 0xFF, 0xC8, 0x00, 0x15, 0x7B, 0xC6, 0xEF, 0xF9, 0xE2,
  0xB9, 0x54, 0x01, 0x00, 0x0C, 0xE9, 0xFF, 0xFF, 0xFF, 0xFF, 0xFF, 0xFF, 0xFF, 0x99, 0x00, 0x00,
  0x6D, 0xFF, 0xB9, 0x75, 0x6C, 0xAC, 0xFF, 0xFF, 0xFE, 0x1B, 0x00, 0x00, 0x2B, 0x00, 0x00, 0x00,
  0x00, 0xD3, 0xFF, 0xFF, 0x29, 0x00, 0x00, 0x00, 0x00, 0x00, 0x00, 0x06, 0xE8, 0xFF, 0xE9, 0x05,
  0x00, 0x00, 0x04, 0x64, 0x69, 0x80, 0xD1, 0xFF, 0xF1, 0x46, 0x00, 0x00, 0x00, 0x0C, 0xFF, 0xFF,
  0xFF, 0xFF, 0xBA, 0x23, 0x00, 0x00, 0x00, 0x00, 0x0C, 0xFF, 0xFF, 0xFF, 0xFF, 0xFF, 0xF3, 0x6F,
  0x00, 0x00, 0x00, 0x00, 0x00, 0x04, 0x17, 0x56, 0xED, 0xFF, 0xFF, 0x4A, 0x00, 0x00, 0x00, 0x00,
  0x00, 0x00, 0x00, 0x91, 0xFF, 0xFF, 0x92, 0x0A, 0x07, 0x00, 0x00, 0x00, 0x00, 0x01, 0xC0, 0xFF,
  0xFF, 0x8C, 0x3C, 0xF2, 0xAA, 0x81, 0x6A, 0x79, 0xC2, 0xFF, 0xFF, 0xFF, 0x3E, 0x3C, 0xFF, 0xFF,
  0xFF, 0xFF, 0xFF, 0xFF, 0xFF, 0xFF, 0x86, 0x00, 0x10, 0x74, 0xBE, 0xE1, 0xF7, 0xF4, 0xDE, 0xA3,
  0x3E, 0x00, 0x00, 0x00, 0x00, 0x00, 0x00, 0x00, 0x02, 0xC0, 0xFF, 0xFF, 0x60, 0x00, 0x00, 0x00,
  0x00, 0x00, 0x00, 0x00, 0x77, 0xFF, 0xFF, 0xFF, 0x60, 0x00, 0x00, 0x00, 0x00, 0x00, 0x00, 0x30,
  0xF9, 0xFF, 0xFF, 0xFF, 0x60, 0x00, 0x00, 0x00, 0x00, 0x00, 0x09, 0xD5, 0xFF, 0xBF, 0xFF, 0xFF,
  0x60, 0x00, 0x00, 0x00, 0x00, 0x00, 0x94, 0xFF, 0xB5, 0x85, 0xFF, 0xFF, 0x60, 0x00, 0x00, 0x00,
  0x00, 0x48, 0xFF, 0xF1, 0x1D, 0x8D, 0xFF, 0xFF, 0x60, 0x00, 0x00, 0x00, 0x14, 0xE7, 0xFF, 0x64,
  0x00, 0x90, 0xFF, 0xFF, 0x60, 0x00, 0x00, 0x00, 0xAF, 0xFF, 0xBA, 0x00, 0x00, 0x90, 0xFF, 0xFF,
  0x60, 0x00, 0x00, 0x63, 0xFF, 0xFF, 0x83, 0x64, 0x64, 0xBB, 0xFF, 0xFF, 0x9E, 0x64, 0x09, 0xA8,
  0xFF, 0xFF, 0xFF, 0xFF, 0xFF, 0xFF, 0xFF, 0xFF, 0xFF, 0xFF, 0x18, 0xA8, 0xFF, 0xFF, 0xFF, 0xFF,
  0xFF, 0xFF, 0xFF, 0xFF, 0xFF, 0xFF, 0x18, 0x00, 0x00, 0x00, 0x00, 0x00, 0x00, 0x90, 0xFF, 0xFF,
  0x60, 0x00, 0x00, 0x00, 0x00, 0x00, 0x00, 0x00, 0x00, 0x90, 0xFF, 0xFF, 0x60, 0x00, 0x00, 0x00,
  0x00, 0x00, 0x00, 0x00, 0x00, 0x90, 0xFF, 0xFF, 0x60, 0x00, 0x00, 0x00, 0x3F, 0xFF, 0xFF, 0xFF,
  0xFF, 0xFF, 0xFF, 0xFF, 0x8C, 0x00, 0x00, 0x53, 0xFF, 0xFF, 0xFF, 0xFF, 0xFF, 0xFF, 0xFF, 0x8C,
  0x00, 0x00, 0x67, 0xFF, 0xFF, 0xA3, 0x64, 0x64, 0x64, 0x64, 0x36, 0x00, 0x00, 0x7B, 0xFF, 0xFF,
  0x52, 0x00, 0x00, 0x00, 0x00, 0x00, 0x00, 0x00, 0x90, 0xFF, 0xFF, 0x6C, 0x5D, 0x56, 0x2A, 0x00,
  0x00, 0x00, 0x00, 0xA4, 0xFF, 0xFF, 0xFF, 0xFF, 0xFF, 0xFF, 0xBF, 0x1C, 0x00, 0x00, 0xA3, 0xFF,
  0xFF, 0xFF, 0xFF, 0xFF, 0xFF, 0xFF, 0xCF, 0x02, 0x00, 0x03, 0x47, 0x22, 0x07, 0x1A, 0x75, 0xFE,
  0xFF, 0xFF, 0x48, 0x00, 0x00, 0x00, 0x00, 0x00, 0x00, 0x00, 0xAC, 0xFF, 0xFF, 0x75, 0x00, 0x00,
  0x00, 0x00, 0x00, 0x00, 0x00, 0x91, 0xFF, 0xFF, 0x78, 0x01, 0x20, 0x00, 0x00, 0x00, 0x00, 0x07,
  0xD5, 0xFF, 0xFF, 0x4F, 0x04, 0xFC, 0xC1, 0x84, 0x69, 0x7B, 0xD1, 0xFF, 0xFF, 0xE4, 0x08, 0x04,
  0xFF, 0xFF, 0xFF, 0xFF, 0xFF, 0xFF, 0xFF, 0xF1, 0x3C, 0x00, 0x01, 0x6E, 0xBD, 0xE2, 0xF8, 0xF6,
  0xD6, 0x91, 0x1F, 0x00, 0x00, 0x00, 0x00, 0x00, 0x06, 0x63, 0xB5, 0xE6, 0xF9, 0xFF, 0xB7, 0x00,
  0x00, 0x00, 0x21, 0xD2, 0xFF, 0xFF, 0xFF, 0xFF, 0xFF, 0xC8, 0x00, 0x00, 0x0A, 0xD9, 0xFF, 0xFF,
  0xD7, 0x8B, 0x70, 0x6A, 0x64, 0x00, 0x00, 0x75, 0xFF, 0xFF, 0x8A, 0x02, 0x00, 0x00, 0x00, 0x00,
  0x00, 0x00, 0xC9, 0xFF, 0xDD, 0x02, 0x31, 0x5B, 0x4E, 0x11, 0x00, 0x00, 0x11, 0xFD, 0xFF, 0x9D,
  0xAA, 0xFF, 0xFF, 0xFF, 0xF3, 0x5B, 0x00, 0x2F, 0xFF, 0xFF, 0xEE, 0xFF, 0xFF, 0xFF, 0xFF, 0xFF,
  0xFB, 0x2D, 0x42, 0xFF, 0xFF, 0xFF, 0x8B, 0x0F, 0x1D, 0xC0, 0xFF, 0xFF, 0x91, 0x40, 0xFF, 0xFF,
  0xCD, 0x00, 0x00, 0x00, 0x3F, 0xFF, 0xFF, 0xBD, 0x28, 0xFF, 0xFF, 0xCF, 0x00, 0x00, 0x00, 0x30,
  0xFF, 0xFF, 0xBF, 0x02, 0xE7, 0xFF, 0xFB, 0x30, 0x00, 0x00, 0x6E, 0xFF, 0xFF, 0x9D, 0x00, 0x81,
  0xFF, 0xFF, 0xE3, 0x75, 0x89, 0xF6, 0xFF, 0xFF, 0x47, 0x00, 0x05, 0xBD, 0xFF, 0xFF, 0xFF, 0xFF,
  0xFF, 0xFF, 0x9C, 0x00, 0x00, 0x00, 0x04, 0x6F, 0xCC, 0xF3, 0xF5, 0xC9, 0x63, 0x00, 0x00, 0x74,
  0xFF, 0xFF, 0xFF, 0xFF, 0xFF, 0xFF, 0xFF, 0xFF, 0xFF, 0xC8, 0x74, 0xFF, 0xFF, 0xFF, 0xFF, 0xFF,
  0xFF, 0xFF, 0xFF, 0xFF, 0xC5, 0x2D, 0x64, 0x64, 0x64, 0x64, 0x64, 0x64, 0xBC, 0xFF, 0xFF, 0x77,
  0x00, 0x00, 0x00, 0x00, 0x00, 0x00, 0x07, 0xE7, 0xFF, 0xF5, 0x11, 0x00, 0x00, 0x00, 0x00, 0x00,
  0x00, 0x66, 0xFF, 0xFF, 0x95, 0x00, 0x00, 0x00, 0x00, 0x00, 0x00, 0x02, 0xD9, 0xFF, 0xFE, 0x25,
  0x00, 0x00, 0x00, 0x00, 0x00, 0x00, 0x52, 0xFF, 0xFF, 0xB2, 0x00, 0x00, 0x00, 0x00, 0x00, 0x00,
  0x00, 0xC7, 0xFF, 0xFF, 0x40, 0x00, 0x00, 0x00, 0x00, 0x00, 0x00, 0x3E, 0xFF, 0xFF, 0xCF, 0x00,
  0x00, 0x00, 0x00, 0x00, 0x00, 0x00, 0xB5, 0xFF, 0xFF, 0x5E, 0x00, 0x00, 0x00, 0x00, 0x00, 0x00,
  0x2B, 0xFE, 0xFF, 0xE6, 0x06, 0x00, 0x00, 0x00, 0x00, 0x00, 0x00, 0xA1, 0xFF, 0xFF, 0x7B, 0x00,
  0x00, 0x00, 0x00, 0x00, 0x00, 0x1C, 0xFA, 0xFF, 0xF6, 0x13, 0x00, 0x00, 0x00, 0x00, 0x00, 0x00,
  0x8D, 0xFF, 0xFF, 0x98, 0x00, 0x00, 0x00, 0x00, 0x00, 0x00, 0x00, 0x27, 0x9B, 0xDF, 0xF9, 0xEF,
  0xBF, 0x5F, 0x01, 0x00, 0x00, 0x38, 0xF4, 0xFF, 0xFF, 0xFF, 0xFF, 0xFF, 0xFF, 0x98, 0x00, 0x00,
  0xB7, 0xFF, 0xFF, 0xC3, 0x6D, 0x8E, 0xFB, 0xFF, 0xFF, 0x23, 0x00, 0xD1, 0xFF, 0xFF, 0x0E, 0x00,
  0x00, 0xA2, 0xFF, 0xFF, 0x3C, 0x00, 0x9C, 0xFF, 0xFF, 0x4C, 0x00, 0x0A, 0xD2, 0xFF, 0xF3, 0x10,
  0x00, 0x1D, 0xE4, 0xFF, 0xFD, 0xA4, 0xE2, 0xFF, 0xFB, 0x5B, 0x00, 0x00, 0x00, 0x1E, 0xE0, 0xFF,
  0xFF, 0xFF, 0xF3, 0x3A, 0x00, 0x00, 0x00, 0x0E, 0xB2, 0xFF, 0xFF, 0xF3, 0xFF, 0xFF, 0xD6, 0x34,
  0x00, 0x00, 0xB9, 0xFF, 0xFE, 0x75, 0x05, 0x58, 0xF0, 0xFF, 0xF2, 0x25, 0x28, 0xFF, 0xFF, 0xA3,
  0x00, 0x00, 0x00, 0x42, 0xFF, 0xFF, 0x95, 0x44, 0xFF, 0xFF, 0xA3, 0x00, 0x00, 0x00, 0x36, 0xFF,
  0xFF, 0xAC, 0x1B, 0xFD, 0xFF, 0xFE, 0x9F, 0x6C, 0x7F, 0xE3, 0xFF, 0xFF, 0x74, 0x00, 0x85, 0xFF,
  0xFF, 0xFF, 0xFF, 0xFF, 0xFF, 0xFF, 0xC7, 0x0A, 0x00, 0x00, 0x51, 0xB6, 0xEA, 0xFC, 0xF0, 0xC7,
  0x70, 0x07, 0x00, 0x00, 0x00, 0x2E, 0xA9, 0xE8, 0xF9, 0xE1, 0x99, 0x21, 0x00, 0x00, 0x00, 0x45,
  0xF8, 0xFF, 0xFF, 0xFF, 0xFF, 0xFF, 0xEF, 0x39, 0x00, 0x04, 0xE2, 0xFF, 0xFF, 0xB4, 0x6E, 0xAA,
  0xFF, 0xFF, 0xE0, 0x08, 0x39, 0xFF, 0xFF, 0xCD, 0x01, 0x00, 0x00, 0xB5, 0xFF, 0xFF, 0x53, 0x56,
  0xFF, 0xFF, 0x99, 0x00, 0x00, 0x00, 0x5C, 0xFF, 0xFF, 0x93, 0x4B, 0xFF, 0xFF, 0xC0, 0x00, 0x00,
  0x00, 0x83, 0xFF, 0xFF, 0xAC, 0x16, 0xFB, 0xFF, 0xFF, 0xA5, 0x6C, 0x9E, 0xFF, 0xFF, 0xFF, 0xAD,
  0x00, 0x8D, 0xFF, 0xFF, 0xFF, 0xFF, 0xFF, 0xC3, 0xFF, 0xFF, 0x98, 0x00, 0x01, 0x72, 0xD9, 0xFA,
  0xE9, 0x95, 0x45, 0xFF, 0xFF, 0x7B, 0x00, 0x00, 0x00, 0x00, 0x00, 0x00, 0x00, 0x8D, 0xFF, 0xFF,
  0x40, 0x00, 0x00, 0x00, 0x00, 0x00, 0x00, 0x44, 0xF9, 0xFF, 0xDE, 0x02, 0x00, 0x32, 0x72, 0x69,
  0x7D, 0xB9, 0xFD, 0xFF, 0xFE, 0x4E, 0x00, 0x00, 0x5C, 0xFF, 0xFF, 0xFF, 0xFF, 0xFF, 0xF9, 0x66,
  0x00, 0x00, 0x00, 0x55, 0xFB, 0xFE, 0xF0, 0xD0, 0x8D, 0x22, 0x00, 0x00, 0x00, 0x00, 0x6E, 0xF1,
  0xDF, 0x34, 0x00, 0x00, 0xD0, 0xFF, 0xFF, 0x84, 0x00, 0x00, 0x6D, 0xF1, 0xE0, 0x34, 0x00, 0x00,
  0x00, 0x00, 0x00, 0x00, 0x00, 0x00, 0x00, 0x00, 0x00, 0x00, 0x00, 0x00, 0x00, 0x00, 0x00, 0x00,
  0x00, 0x00, 0x00, 0x00, 0x00, 0x00, 0x00, 0x00, 0x00, 0x00, 0x00, 0x00, 0x00, 0x00, 0x6E, 0xF1,
  0xDF, 0x34, 0x00, 0x00, 0xD0, 0xFF, 0xFF, 0x84, 0x00, 0x00, 0x6D, 0xF1, 0xE0, 0x34, 0x00, 0x00,
  0x6E, 0xF1, 0xDF, 0x34, 0x00, 0x00, 0xD0, 0xFF, 0xFF, 0x84, 0x00, 0x00, 0x6D, 0xF1, 0xE0, 0x34,
  0x00, 0x00, 0x00, 0x00, 0x00, 0x00, 0x00, 0x00, 0x00, 0x00, 0x00, 0x00, 0x00, 0x00, 0x00, 0x00,
  0x00, 0x00, 0x00, 0x00, 0x00, 0x00, 0x00, 0x00, 0x00, 0x00, 0x00, 0x00, 0x00, 0x00, 0x00, 0x00,
  0x7C, 0xFF, 0xFF, 0x5E, 0x00, 0x00, 0xA6, 0xFF, 0xFD, 0x16, 0x00, 0x00, 0xD8, 0xFF, 0xC1, 0x00,
  0x00, 0x0F, 0xFE, 0xFF, 0x5E, 0x00, 0x00, 0x45, 0xFF, 0xEE, 0x08, 0x00, 0x00, 0x00, 0x00, 0x00,
  0x00, 0x00, 0x00, 0x00, 0x00, 0x00, 0x0C, 0x33, 0x00, 0x00, 0x00, 0x00, 0x00, 0x00, 0x00, 0x0C,
  0x78, 0xEB, 0x90, 0x00, 0x00, 0x00, 0x00, 0x00, 0x0C, 0x78, 0xEC, 0xFF, 0xFF, 0x89, 0x00, 0x00,
  0x00, 0x0C, 0x79, 0xEC, 0xFF, 0xFF, 0xCC, 0x56, 0x03, 0x00, 0x0C, 0x79, 0xEC, 0xFF, 0xFF, 0xB9,
  0x43, 0x00, 0x00, 0x00, 0x18, 0xEC, 0xFF, 0xFE, 0xA6, 0x30, 0x00, 0x00, 0x00, 0x00, 0x00, 0x1B,
  0xF4, 0xFF, 0xFF, 0xCD, 0x64, 0x0A, 0x00, 0x00, 0x00, 0x00, 0x00, 0x10, 0x75, 0xE2, 0xFF, 0xFF,
  0xF0, 0x92, 0x29, 0x00, 0x00, 0x00, 0x00, 0x00, 0x04, 0x57, 0xC8, 0xFF, 0xFF, 0xFF, 0xBF, 0x3D,
  0x00, 0x00, 0x00, 0x00, 0x00, 0x00, 0x39, 0xAA, 0xFC, 0xFF, 0x90, 0x00, 0x00, 0x00, 0x00, 0x00,
  0x00, 0x00, 0x00, 0x1F, 0x8C, 0x80, 0x00, 0x00, 0x00, 0x00, 0x00, 0x00, 0x00, 0x00, 0x00, 0x00,
  0x00, 0x00, 0x00, 0x00, 0x00, 0x00, 0x00, 0x00, 0x00, 0x00, 0x00, 0x00, 0x24, 0xFF, 0xFF, 0xFF,
  0xFF, 0xFF, 0xFF, 0xFF, 0xFF, 0xFF, 0x90, 0x24, 0xFF, 0xFF, 0xFF, 0xFF, 0xFF, 0xFF, 0xFF, 0xFF,
  0xFF, 0x90, 0x0E, 0x64, 0x64, 0x64, 0x64, 0x64, 0x64, 0x64, 0x64, 0x64, 0x38, 0x0E, 0x64, 0x64,
  0x64, 0x64, 0x64, 0x64, 0x64, 0x64, 0x64, 0x38, 0x24, 0xFF, 0xFF, 0xFF, 0xFF, 0xFF, 0xFF, 0xFF,
  0xFF, 0xFF, 0x90, 0x24, 0xFF, 0xFF, 0xFF, 0xFF, 0xFF, 0xFF, 0xFF, 0xFF, 0xFF, 0x90, 0x00, 0x00,
  0x00, 0x00, 0x00, 0x00, 0x00, 0x00, 0x00, 0x00, 0x00, 0x00, 0x00, 0x00, 0x00, 0x00, 0x00, 0x00,
  0x00, 0x00, 0x00, 0x00, 0x00, 0x00, 0x00, 0x00, 0x00, 0x00, 0x00, 0x00, 0x00, 0x00, 0x00, 0x00,
  0x00, 0x00, 0x00, 0x00, 0x00, 0x00, 0x00, 0x00, 0x00, 0x00, 0x10, 0x2F, 0x00, 0x00, 0x00, 0x00,
  0x00, 0x00, 0x00, 0x00, 0x00, 0x24, 0xFE, 0xAE, 0x2F, 0x00, 0x00, 0x00, 0x00, 0x00, 0x00, 0x00,
  0x1F, 0xFD, 0xFF, 0xFE, 0xAE, 0x2F, 0x00, 0x00, 0x00, 0x00, 0x00, 0x00, 0x26, 0x9B, 0xF8, 0xFF,
  0xFE, 0xAF, 0x30, 0x00, 0x00, 0x00, 0x00, 0x00, 0x00, 0x18, 0x87, 0xF0, 0xFF, 0xFE, 0xAF, 0x30,
  0x00, 0x00, 0x00, 0x00, 0x00, 0x00, 0x0D, 0x74, 0xE6, 0xFF, 0xFE, 0x72, 0x00, 0x00, 0x00, 0x00,
  0x00, 0x38, 0xA1, 0xF7, 0xFF, 0xFF, 0x7B, 0x00, 0x00, 0x0B, 0x65, 0xCE, 0xFF, 0xFF, 0xFA, 0xA5,
  0x34, 0x00, 0x0C, 0x93, 0xF1, 0xFF, 0xFF, 0xED, 0x87, 0x1B, 0x00, 0x00, 0x00, 0x24, 0xFF, 0xFF,
  0xD8, 0x69, 0x0A, 0x00, 0x00, 0x00, 0x00, 0x00, 0x23, 0xBC, 0x4B, 0x01, 0x00, 0x00, 0x00, 0x00,
  0x00, 0x00, 0x00, 0x00, 0x00, 0x00, 0x00, 0x00, 0x00, 0x00, 0x00, 0x00, 0x00, 0x00, 0x00, 0x00,
  0x00, 0x00, 0x00, 0x00, 0x00, 0x00, 0x00, 0x00, 0x00, 0x08, 0x60, 0xB9, 0xE9, 0xFA, 0xE4, 0xB7,
  0x3E, 0x00, 0x00, 0xBA, 0xFF, 0xFF, 0xFF, 0xFF, 0xFF, 0xFF, 0xFF, 0x62, 0x00, 0x4D, 0xFF, 0xC9,
  0x7F, 0x6A, 0x9E, 0xFF, 0xFF, 0xE8, 0x00, 0x00, 0x2E, 0x00, 0x00, 0x00, 0x00, 0xD2, 0xFF, 0xFF,
  0x09, 0x00, 0x00, 0x00, 0x00, 0x00, 0x1E, 0xF4, 0xFF, 0xE0, 0x00, 0x00, 0x00, 0x00, 0x00, 0x38,
  0xE2, 0xFF, 0xFD, 0x52, 0x00, 0x00, 0x00, 0x00, 0x57, 0xF9, 0xFF, 0xF0, 0x4E, 0x00, 0x00, 0x00,
  0x00, 0x13, 0xF6, 0xFF, 0xDA, 0x23, 0x00, 0x00, 0x00, 0x00, 0x00, 0x44, 0xFF, 0xFF, 0x58, 0x00,
  0x00, 0x00, 0x00, 0x00, 0x00, 0x1D, 0x64, 0x64, 0x1C, 0x00, 0x00, 0x00, 0x00, 0x00, 0x00, 0x00,
  0x00, 0x00, 0x00, 0x00, 0x00, 0x00, 0x00, 0x00, 0x00, 0x40, 0xE3, 0xEF, 0x61, 0x00, 0x00, 0x00,
  0x00, 0x00, 0x00, 0x94, 0xFF, 0xFF, 0xC0, 0x00, 0x00, 0x00, 0x00, 0x00, 0x00, 0x3F, 0xE4, 0xEF,
  0x60, 0x00, 0x00, 0x00, 0x00, 0x00, 0x00, 0x00, 0x00, 0x00, 0x1F, 0x81, 0xC6, 0xE8, 0xF9, 0xE6,
  0xC7, 0x77, 0x19, 0x00, 0x00, 0x00, 0x00, 0x00, 0x00, 0x00, 0x03, 0x89, 0xF9, 0xFF, 0xFF, 0xF4,
  0xDE, 0xF0, 0xFF, 0xFF, 0xF2, 0x62, 0x00, 0x00, 0x00, 0x00, 0x00, 0x04, 0xB6, 0xFF, 0xEE, 0x7A,
  0x1E, 0x00, 0x00, 0x00, 0x2A, 0x9C, 0xFF, 0xFF, 0x62, 0x00, 0x00, 0x00, 0x00, 0x8E, 0xFF, 0xD5,
  0x1F, 0x22, 0x9E, 0xE5, 0xF9, 0xE4, 0xC5, 0x7F, 0x6B, 0xFF, 0xF9, 0x1C, 0x00, 0x00, 0x26, 0xFC,
  0xF6, 0x28, 0x2D, 0xEE, 0xFF, 0xF9, 0xDE, 0xF0, 0xFF, 0xE0, 0x00, 0xBE, 0xFF, 0x84, 0x00, 0x00,
  0x8B, 0xFF, 0x9F, 0x00, 0xCA, 0xFF, 0xC1, 0x14, 0x00, 0x64, 0xFF, 0xD4, 0x00, 0x62, 0xFF, 0xC4,
  0x00, 0x00, 0xCF, 0xFF, 0x52, 0x24, 0xFF, 0xFF, 0x31, 0x00, 0x00, 0x72, 0xFF, 0xC8, 0x00, 0x3F,
  0xFF, 0xE2, 0x00, 0x00, 0xEF, 0xFF, 0x34, 0x46, 0xFF, 0xFA, 0x04, 0x00, 0x00, 0x87, 0xFF, 0xBC,
  0x00, 0x44, 0xFF, 0xDD, 0x00, 0x00, 0xF7, 0xFF, 0x33, 0x35, 0xFF, 0xFD, 0x07, 0x00, 0x00, 0xB7,
  0xFF, 0xB5, 0x00, 0x65, 0xFF, 0xB9, 0x00, 0x00, 0xDE, 0xFF, 0x5B, 0x0C, 0xF2, 0xFF, 0x81, 0x0C,
  0x4E, 0xFB, 0xFF, 0xDA, 0x14, 0xC7, 0xFF, 0x60, 0x00, 0x00, 0xB2, 0xFF, 0xBB, 0x00, 0x75, 0xFF,
  0xFF, 0xFF, 0xFF, 0xEF, 0xD6, 0xFF, 0xFF, 0xFF, 0xD3, 0x07, 0x00, 0x00, 0x52, 0xFF, 0xFF, 0x77,
  0x00, 0x61, 0xBD, 0xD1, 0xA5, 0x27, 0x20, 0xAD, 0xCF, 0x97, 0x13, 0x00, 0x00, 0x00, 0x03, 0xBE,
  0xFF, 0xFF, 0xB9, 0x50, 0x19, 0x05, 0x0B, 0x1C, 0x35, 0x60, 0x40, 0x00, 0x00, 0x00, 0x00, 0x00,
  0x00, 0x13, 0xC9, 0xFF, 0xFF, 0xFF, 0xFF, 0xFF, 0xFF, 0xFF, 0xFF, 0xFF, 0x80, 0x00, 0x00, 0x00,
  0x00, 0x00, 0x00, 0x00, 0x03, 0x72, 0xD6, 0xFF, 0xFF, 0xFF, 0xFF, 0xFF, 0xF8, 0xAB, 0x32, 0x00,
  0x00, 0x00, 0x00, 0x00, 0x00, 0x00, 0x00, 0x00, 0x00, 0x23, 0x44, 0x5B, 0x5B, 0x40, 0x0E, 0x00,
  0x00, 0x00, 0x00, 0x00, 0x00, 0x00, 0x00, 0x00, 0x00, 0x23, 0xFF, 0xFF, 0xFF, 0xE6, 0x03, 0x00,
  0x00, 0x00, 0x00, 0x00, 0x00, 0x00, 0x00, 0x7F, 0xFF, 0xFF, 0xFF, 0xFF, 0x46, 0x00, 0x00, 0x00,
  0x00, 0x00, 0x00, 0x00, 0x00, 0xDA, 0xFF, 0xD4, 0xF6, 0xFF, 0xA3, 0x00, 0x00, 0x00, 0x00, 0x00,
  0x00, 0x00, 0x37, 0xFF, 0xFF, 0x7F, 0xB4, 0xFF, 0xF4, 0x0B, 0x00, 0x00, 0x00, 0x00, 0x00, 0x00,
  0x94, 0xFF, 0xFF, 0x31, 0x62, 0xFF, 0xFF, 0x5C, 0x00, 0x00, 0x00, 0x00, 0x00, 0x04, 0xEA, 0xFF,
  0xDE, 0x00, 0x12, 0xFB, 0xFF, 0xB8, 0x00, 0x00, 0x00, 0x00, 0x00, 0x4C, 0xFF, 0xFF, 0x8B, 0x00,
  0x00, 0xB8, 0xFF, 0xFC, 0x18, 0x00, 0x00, 0x00, 0x00, 0xA9, 0xFF, 0xFF, 0x39, 0x00, 0x00, 0x63,
  0xFF, 0xFF, 0x71, 0x00, 0x00, 0x00, 0x0D, 0xF6, 0xFF, 0xFF, 0xFF, 0xFF, 0xFF, 0xFF, 0xFF, 0xFF,
  0xCE, 0x00, 0x00, 0x00, 0x61, 0xFF, 0xFF, 0xFF, 0xFF, 0xFF, 0xFF, 0xFF, 0xFF, 0xFF, 0xFF, 0x2B,
  0x00, 0x00, 0xBD, 0xFF, 0xFF, 0x9C, 0x80, 0x80, 0x80, 0x80, 0xB6, 0xFF, 0xFF, 0x87, 0x00, 0x1B,
  0xFD, 0xFF, 0xF6, 0x09, 0x00, 0x00, 0x00, 0x00, 0x34, 0xFF, 0xFF, 0xE2, 0x01, 0x76, 0xFF, 0xFF,
  0xB4, 0x00, 0x00, 0x00, 0x00, 0x00, 0x01, 0xE5, 0xFF, 0xFF, 0x40, 0xD2, 0xFF, 0xFF, 0x69, 0x00,
  0x00, 0x00, 0x00, 0x00, 0x00, 0x9A, 0xFF, 0xFF, 0x9D, 0x00, 0x34, 0xFF, 0xFF, 0xFF, 0xFF, 0xFC,
  0xF1, 0xD3, 0x9A, 0x33, 0x00, 0x00, 0x00, 0x34, 0xFF, 0xFF, 0xFF, 0xFF, 0xFF, 0xFF, 0xFF, 0xFF,
  0xFC, 0x57, 0x00, 0x00, 0x34, 0xFF, 0xFF, 0xE2, 0x64, 0x67, 0x82, 0xE2, 0xFF, 0xFF, 0xD8, 0x00,
  0x00, 0x34, 0xFF, 0xFF, 0xD0, 0x00, 0x00, 0x00, 0x32, 0xFF, 0xFF, 0xFB, 0x00, 0x00, 0x34, 0xFF,
  0xFF, 0xD0, 0x00, 0x00, 0x00, 0x35, 0xFF, 0xFF, 0xE2, 0x00, 0x00, 0x34, 0xFF, 0xFF, 0xE2, 0x64,
  0x66, 0x7E, 0xDF, 0xFF, 0xFF, 0x79, 0x00, 0x00, 0x34, 0xFF, 0xFF, 0xFF, 0xFF, 0xFF, 0xFF, 0xFF,
  0xF8, 0x6E, 0x00, 0x00, 0x00, 0x34, 0xFF, 0xFF, 0xFF, 0xFF, 0xFF, 0xFF, 0xFF, 0xFF, 0xF2, 0x69,
  0x00, 0x00, 0x34, 0xFF, 0xFF, 0xD0, 0x00, 0x01, 0x14, 0x70, 0xFF, 0xFF, 0xFC, 0x1E, 0x00, 0x34,
  0xFF, 0xFF, 0xD0, 0x00, 0x00, 0x00, 0x00, 0xD3, 0xFF, 0xFF, 0x55, 0x00, 0x34, 0xFF, 0xFF, 0xD0,
  0x00, 0x00, 0x00, 0x0B, 0xEC, 0xFF, 0xFF, 0x52, 0x00, 0x34, 0xFF, 0xFF, 0xE2, 0x64, 0x64, 0x77,
  0xCE, 0xFF, 0xFF, 0xF8, 0x16, 0x00, 0x34, 0xFF, 0xFF, 0xFF, 0xFF, 0xFF, 0xFF, 0xFF, 0xFF, 0xFE,
  0x68, 0x00, 0x00, 0x34, 0xFF, 0xFF, 0xFF, 0xFF, 0xFF, 0xFA, 0xE3, 0xA8, 0x39, 0x00, 0x00, 0x00,
  0x00, 0x00, 0x00, 0x35, 0x9E, 0xD7, 0xF4, 0xF5, 0xD3, 0x8F, 0x3A, 0x00, 0x00, 0x00, 0x02, 0x85,
  0xFF, 0xFF, 0xFF, 0xFF, 0xFF, 0xFF, 0xFF, 0xD3, 0x00, 0x00, 0x00, 0x78, 0xFF, 0xFF, 0xFE, 0xAA,
  0x6D, 0x77, 0xBD, 0xFF, 0x6C, 0x00, 0x00, 0x1C, 0xF9, 0xFF, 0xFF, 0x5D, 0x00, 0x00, 0x00, 0x00,
  0x2A, 0x0E, 0x00, 0x00, 0x74, 0xFF, 0xFF, 0xCB, 0x00, 0x00, 0x00, 0x00, 0x00, 0x00, 0x00, 0x00,
  0x00, 0xB0, 0xFF, 0xFF, 0x77, 0x00, 0x00, 0x00, 0x00, 0x00, 0x00, 0x00, 0x00, 0x00, 0xCB, 0xFF,
  0xFF, 0x57, 0x00, 0x00, 0x00, 0x00, 0x00, 0x00, 0x00, 0x00, 0x00, 0xCD, 0xFF, 0xFF, 0x54, 0x00,
  0x00, 0x00, 0x00, 0x00, 0x00, 0x00, 0x00, 0x00, 0xB7, 0xFF, 0xFF, 0x70, 0x00, 0x00, 0x00, 0x00,
  0x00, 0x00, 0x00, 0x00, 0x00, 0x86, 0xFF, 0xFF, 0xB8, 0x00, 0x00, 0x00, 0x00, 0x00, 0x00, 0x00,
  0x00, 0x00, 0x36, 0xFF, 0xFF, 0xFE, 0x3F, 0x00, 0x00, 0x00, 0x00, 0x00, 0x05, 0x00, 0x00, 0x00,
  0xAB, 0xFF, 0xFF, 0xF9, 0x9E, 0x6B, 0x75, 0x94, 0xD4, 0x7F, 0x00, 0x00, 0x00, 0x11, 0xBF, 0xFF,
  0xFF, 0xFF, 0xFF, 0xFF, 0xFF, 0xFF, 0x80, 0x00, 0x00, 0x00, 0x00, 0x05, 0x5D, 0xBB, 0xE3, 0xF9,
  0xED, 0xD3, 0x95, 0x2F, 0x00, 0x00, 0x34, 0xFF, 0xFF, 0xFF, 0xFF, 0xF9, 0xE2, 0xBE, 0x6E, 0x12,
  0x00, 0x00, 0x00, 0x00, 0x00, 0x34, 0xFF, 0xFF, 0xFF, 0xFF, 0xFF, 0xFF, 0xFF, 0xFF, 0xE9, 0x4F,
  0x00, 0x00, 0x00, 0x00, 0x34, 0xFF, 0xFF, 0xE2, 0x64, 0x67, 0x82, 0xD3, 0xFF, 0xFF, 0xFB, 0x40,
  0x00, 0x00, 0x00, 0x34, 0xFF, 0xFF, 0xD0, 0x00, 0x00, 0x00, 0x02, 0x98, 0xFF, 0xFF, 0xDF, 0x02,
  0x00, 0x00, 0x34, 0xFF, 0xFF, 0xD0, 0x00, 0x00, 0x00, 0x00, 0x06, 0xE9, 0xFF, 0xFF, 0x48, 0x00,
  0x00, 0x34, 0xFF, 0xFF, 0xD0, 0x00, 0x00, 0x00, 0x00, 0x00, 0xA4, 0xFF, 0xFF, 0x7C, 0x00, 0x00,
  0x34, 0xFF, 0xFF, 0xD0, 0x00, 0x00, 0x00, 0x00, 0x00, 0x87, 0xFF, 0xFF, 0x99, 0x00, 0x00, 0x34,
  0xFF, 0xFF, 0xD0, 0x00, 0x00, 0x00, 0x00, 0x00, 0x89, 0xFF, 0xFF, 0x97, 0x00, 0x00, 0x34, 0xFF,
  0xFF, 0xD0, 0x00, 0x00, 0x00, 0x00, 0x00, 0xAA, 0xFF, 0xFF, 0x7D, 0x00, 0x00, 0x34, 0xFF, 0xFF,
  0xD0, 0x00, 0x00, 0x00, 0x00, 0x0E, 0xF1, 0xFF, 0xFF, 0x40, 0x00, 0x00, 0x34, 0xFF, 0xFF, 0xD0,
  0x00, 0x00, 0x00, 0x07, 0xAD, 0xFF, 0xFF, 0xD6, 0x03, 0x00, 0x00, 0x34, 0xFF, 0xFF, 0xE2, 0x64,
  0x6A, 0x8C, 0xE1, 0xFF, 0xFF, 0xF8, 0x3D, 0x00, 0x00, 0x00, 0x34, 0xFF, 0xFF, 0xFF, 0xFF, 0xFF,
  0xFF, 0xFF, 0xFF, 0xE5, 0x43, 0x00, 0x00, 0x00, 0x00, 0x34, 0xFF, 0xFF, 0xFF, 0xFF, 0xF6, 0xE2,
  0xB1, 0x65, 0x0A, 0x00, 0x00, 0x00, 0x00, 0x00, 0x34, 0xFF, 0xFF, 0xFF, 0xFF, 0xFF, 0xFF, 0xFF,
  0xFF, 0x04, 0x00, 0x34, 0xFF, 0xFF, 0xFF, 0xFF, 0xFF, 0xFF, 0xFF, 0xFF, 0x04, 0x00, 0x34, 0xFF,
  0xFF, 0xE2, 0x64, 0x64, 0x64, 0x64, 0x64, 0x01, 0x00, 0x34, 0xFF, 0xFF, 0xD0, 0x00, 0x00, 0x00,
  0x00, 0x00, 0x00, 0x00, 0x34, 0xFF, 0xFF, 0xD0, 0x00, 0x00, 0x00, 0x00, 0x00, 0x00, 0x00, 0x34,
  0xFF, 0xFF, 0xE2, 0x64, 0x64, 0x64, 0x64, 0x41, 0x00, 0x00, 0x34, 0xFF, 0xFF, 0xFF, 0xFF, 0xFF,
  0xFF, 0xFF, 0xA8, 0x00, 0x00, 0x34, 0xFF, 0xFF, 0xFF, 0xFF, 0xFF, 0xFF, 0xFF, 0xA8, 0x00, 0x00,
  0x34, 0xFF, 0xFF, 0xD0, 0x00, 0x00, 0x00, 0x00, 0x00, 0x00, 0x00, 0x34, 0xFF, 0xFF, 0xD0, 0x00,
  0x00, 0x00, 0x00, 0x00, 0x00, 0x00, 0x34, 0xFF, 0xFF, 0xD0, 0x00, 0x00, 0x00, 0x00, 0x00, 0x00,
  0x00, 0x34, 0xFF, 0xFF, 0xE2, 0x64, 0x64, 0x64, 0x64, 0x64, 0x01, 0x00, 0x34, 0xFF, 0xFF, 0xFF,
  0xFF, 0xFF, 0xFF, 0xFF, 0xFF, 0x04, 0x00, 0x34, 0xFF, 0xFF, 0xFF, 0xFF, 0xFF, 0xFF, 0xFF, 0xFF,
  0x04, 0x00, 0x34, 0xFF, 0xFF, 0xFF, 0xFF, 0xFF, 0xFF, 0xFF, 0xFC, 0x00, 0x00, 0x34, 0xFF, 0xFF,
  0xFF, 0xFF, 0xFF, 0xFF, 0xFF, 0xFC, 0x00, 0x00, 0x34, 0xFF, 0xFF, 0xDD, 0x64, 0x64, 0x64, 0x64,
  0x62, 0x00, 0x00, 0x34, 0xFF, 0xFF, 0xC8, 0x00, 0x00, 0x00, 0x00, 0x00, 0x00, 0x00, 0x34, 0xFF,
  0xFF, 0xC8, 0x00, 0x00, 0x00, 0x00, 0x00, 0x00, 0x00, 0x34, 0xFF, 0xFF, 0xC8, 0x00, 0x00, 0x00,
  0x00, 0x00, 0x00, 0x00, 0x34, 0xFF, 0xFF, 0xFF, 0xFF, 0xFF, 0xFF, 0xFF, 0xA0, 0x00, 0x00, 0x34,
  0xFF, 0xFF, 0xFF, 0xFF, 0xFF, 0xFF, 0xFF, 0xA0, 0x00, 0x00, 0x34, 0xFF, 0xFF, 0xDD, 0x64, 0x64,
  0x64, 0x64, 0x3E, 0x00, 0x00, 0x34, 0xFF, 0xFF, 0xC8, 0x00, 0x00, 0x00, 0x00, 0x00, 0x00, 0x00,
  0x34, 0xFF, 0xFF, 0xC8, 0x00, 0x00, 0x00, 0x00, 0x00, 0x00, 0x00, 0x34, 0xFF, 0xFF, 0xC8, 0x00,
  0x00, 0x00, 0x00, 0x00, 0x00, 0x00, 0x34, 0xFF, 0xFF, 0xC8, 0x00, 0x00, 0x00, 0x00, 0x00, 0x00,
  0x00, 0x34, 0xFF, 0xFF, 0xC8, 0x00, 0x00, 0x00, 0x00, 0x00, 0x00, 0x00, 0x00, 0x00, 0x00, 0x1B,
  0x77, 0xC5, 0xE3, 0xF8, 0xE8, 0xCD, 0x92, 0x3D, 0x00, 0x00, 0x00, 0x00, 0x62, 0xF3, 0xFF, 0xFF,
  0xFF, 0xFF, 0xFF, 0xFF, 0xFF, 0x92, 0x00, 0x00, 0x00, 0x5D, 0xFF, 0xFF, 0xFF, 0xE1, 0x8A, 0x6B,
  0x81, 0xAC, 0xF3, 0x24, 0x00, 0x00, 0x14, 0xF5, 0xFF, 0xFF, 0xA6, 0x07, 0x00, 0x00, 0x00, 0x00,
  0x06, 0x00, 0x00, 0x00, 0x70, 0xFF, 0xFF, 0xDD, 0x08, 0x00, 0x00, 0x00, 0x00, 0x00, 0x00, 0x00,
  0x00, 0x00, 0xAF, 0xFF, 0xFF, 0x7F, 0x00, 0x00, 0x00, 0x00, 0x00, 0x00, 0x00, 0x00, 0x00, 0x00,
  0xCA, 0xFF, 0xFF, 0x55, 0x00, 0x00, 0xC8, 0xFF, 0xFF, 0xFF, 0xFF, 0xE0, 0x00, 0x00, 0xD0, 0xFF,
  0xFF, 0x50, 0x00, 0x00, 0xC8, 0xFF, 0xFF, 0xFF, 0xFF, 0xE0, 0x00, 0x00, 0xBB, 0xFF, 0xFF, 0x6E,
  0x00, 0x00, 0x4E, 0x64, 0x70, 0xFF, 0xFF, 0xE0, 0x00, 0x00, 0x88, 0xFF, 0xFF, 0xBA, 0x00, 0x00,
  0x00, 0x00, 0x14, 0xFF, 0xFF, 0xE0, 0x00, 0x00, 0x32, 0xFF, 0xFF, 0xFF, 0x59, 0x00, 0x00, 0x00,
  0x14, 0xFF, 0xFF, 0xE0, 0x00, 0x00, 0x00, 0xA9, 0xFF, 0xFF, 0xFD, 0xAE, 0x73, 0x6B, 0x8D, 0xFF,
  0xFF, 0xE0, 0x00, 0x00, 0x00, 0x0D, 0xB8, 0xFF, 0xFF, 0xFF, 0xFF, 0xFF, 0xFF, 0xFF, 0xFF, 0xE0,
  0x00, 0x00, 0x00, 0x00, 0x01, 0x54, 0xB1, 0xE6, 0xFA, 0xFA, 0xEB, 0xCA, 0x90, 0x49, 0x00, 0x00,
  0x34, 0xFF, 0xFF, 0xD0, 0x00, 0x00, 0x00, 0x00, 0x00, 0x84, 0xFF, 0xFF, 0x80, 0x00, 0x00, 0x34,
  0xFF, 0xFF, 0xD0, 0x00, 0x00, 0x00, 0x00, 0x00, 0x84, 0xFF, 0xFF, 0x80, 0x00, 0x00, 0x34, 0xFF,
  0xFF, 0xD0, 0x00, 0x00, 0x00, 0x00, 0x00, 0x84, 0xFF, 0xFF, 0x80, 0x00, 0x00, 0x34, 0xFF, 0xFF,
  0xD0, 0x00, 0x00, 0x00, 0x00, 0x00, 0x84, 0xFF, 0xFF, 0x80, 0x00, 0x00, 0x34, 0xFF, 0xFF, 0xD0,
  0x00, 0x00, 0x00, 0x00, 0x00, 0x84, 0xFF, 0xFF, 0x80, 0x00, 0x00, 0x34, 0xFF, 0xFF, 0xE2, 0x64,
  0x64, 0x64, 0x64, 0x64, 0xB4, 0xFF, 0xFF, 0x80, 0x00, 0x00, 0x34, 0xFF, 0xFF, 0xFF, 0xFF, 0xFF,
  0xFF, 0xFF, 0xFF, 0xFF, 0xFF, 0xFF, 0x80, 0x00, 0x00, 0x34, 0xFF, 0xFF, 0xFF, 0xFF, 0xFF, 0xFF,
  0xFF, 0xFF, 0xFF, 0xFF, 0xFF, 0x80, 0x00, 0x00, 0x34, 0xFF, 0xFF, 0xD0, 0x00, 0x00, 0x00, 0x00,
  0x00, 0x84, 0xFF, 0xFF, 0x80, 0x00, 0x00, 0x34, 0xFF, 0xFF, 0xD0, 0x00, 0x00, 0x00, 0x00, 0x00,
  0x84, 0xFF, 0xFF, 0x80, 0x00, 0x00, 0x34, 0xFF, 0xFF, 0xD0, 0x00, 0x00, 0x00, 0x00, 0x00, 0x84,
  0xFF, 0xFF, 0x80, 0x00, 0x00, 0x34, 0xFF, 0xFF, 0xD0, 0x00, 0x00, 0x00, 0x00, 0x00, 0x84, 0xFF,
  0xFF, 0x80, 0x00, 0x00, 0x34, 0xFF, 0xFF, 0xD0, 0x00, 0x00, 0x00, 0x00, 0x00, 0x84, 0xFF, 0xFF,
  0x80, 0x00, 0x00, 0x34, 0xFF, 0xFF, 0xD0, 0x00, 0x00, 0x00, 0x00, 0x00, 0x84, 0xFF, 0xFF, 0x80,
  0x00, 0x5C, 0xFF, 0xFF, 0xFF, 0xFF, 0xFF, 0xFF, 0x24, 0x4D, 0xFE, 0xFF, 0xFF, 0xFF, 0xFF, 0xF7,
  0x1C, 0x00, 0x28, 0xCC, 0xFF, 0xFF, 0xA6, 0x16, 0x00, 0x00, 0x00, 0xA0, 0xFF, 0xFF, 0x68, 0x00,
  0x00, 0x00, 0x00, 0xA0, 0xFF, 0xFF, 0x68, 0x00, 0x00, 0x00, 0x00, 0xA0, 0xFF, 0xFF, 0x68, 0x00,
  0x00, 0x00, 0x00, 0xA0, 0xFF, 0xFF, 0x68, 0x00, 0x00, 0x00, 0x00, 0xA0, 0xFF, 0xFF, 0x68, 0x00,
  0x00, 0x00, 0x00, 0xA0, 0xFF, 0xFF, 0x68, 0x00, 0x00, 0x00, 0x00, 0xA0, 0xFF, 0xFF, 0x68, 0x00,
  0x00, 0x00, 0x00, 0xA0, 0xFF, 0xFF, 0x68, 0x00, 0x00, 0x00, 0x18, 0xC4, 0xFF, 0xFF, 0x9A, 0x0A,
  0x00, 0x45, 0xF8, 0xFF, 0xFF, 0xFF, 0xFF, 0xEC, 0x19, 0x5C, 0xFF, 0xFF, 0xFF, 0xFF, 0xFF, 0xFF,
  0x24, 0x00, 0x00, 0x00, 0x34, 0xFF, 0xFF, 0xD0, 0x00, 0x00, 0x00, 0x00, 0x00, 0x34, 0xFF, 0xFF,
  0xD0, 0x00, 0x00, 0x00, 0x00, 0x00, 0x34, 0xFF, 0xFF, 0xD0, 0x00, 0x00, 0x00, 0x00, 0x00, 0x34,
  0xFF, 0xFF, 0xD0, 0x00, 0x00, 0x00, 0x00, 0x00, 0x34, 0xFF, 0xFF, 0xD0, 0x00, 0x00, 0x00, 0x00,
  0x00, 0x34, 0xFF, 0xFF, 0xD0, 0x00, 0x00, 0x00, 0x00, 0x00, 0x34, 0xFF, 0xFF, 0xD0, 0x00, 0x00,
  0x00, 0x00, 0x00, 0x34, 0xFF, 0xFF, 0xD0, 0x00, 0x00, 0x00, 0x00, 0x00, 0x34, 0xFF, 0xFF, 0xD0,
  0x00, 0x00, 0x00, 0x00, 0x00, 0x34, 0xFF, 0xFF, 0xD0, 0x00, 0x00, 0x00, 0x00, 0x00, 0x34, 0xFF,
  0xFF, 0xD0, 0x00, 0x00, 0x00, 0x00, 0x00, 0x34, 0xFF, 0xFF, 0xD0, 0x00, 0x00, 0x00, 0x00, 0x00,
  0x34, 0xFF, 0xFF, 0xD0, 0x00, 0x00, 0x00, 0x00, 0x00, 0x36, 0xFF, 0xFF, 0xCA, 0x00, 0x00, 0x00,
  0x00, 0x00, 0x51, 0xFF, 0xFF, 0xB5, 0x00, 0x00, 0x10, 0x07, 0x20, 0xC4, 0xFF, 0xFF, 0x7D, 0x00,
  0x00, 0x7C, 0xFF, 0xFF, 0xFF, 0xFF, 0xF2, 0x1E, 0x00, 0x00, 0x7C, 0xFF, 0xFF, 0xFF, 0xE6, 0x43,
  0x00, 0x00, 0x00, 0x20, 0x59, 0x5D, 0x3F, 0x05, 0x00, 0x00, 0x00, 0x00, 0x00, 0x34, 0xFF, 0xFF,
  0xD0, 0x00, 0x00, 0x00, 0x00, 0x87, 0xFF, 0xFF, 0xCD, 0x08, 0x00, 0x34, 0xFF, 0xFF, 0xD0, 0x00,
  0x00, 0x00, 0x54, 0xFF, 0xFF, 0xEB, 0x1F, 0x00, 0x00, 0x34, 0xFF, 0xFF, 0xD0, 0x00, 0x00, 0x2C,
  0xF4, 0xFF, 0xFC, 0x42, 0x00, 0x00, 0x00, 0x34, 0xFF, 0xFF, 0xD0, 0x00, 0x11, 0xDC, 0xFF, 0xFF,
  0x73, 0x00, 0x00, 0x00, 0x00, 0x34, 0xFF, 0xFF, 0xD0, 0x02, 0xB9, 0xFF, 0xFF, 0xA7, 0x00, 0x00,
  0x00, 0x00, 0x00, 0x34, 0xFF, 0xFF, 0xD0, 0x7A, 0xFF, 0xFF, 0xD1, 0x0A, 0x00, 0x00, 0x00, 0x00,
  0x00, 0x34, 0xFF, 0xFF, 0xEF, 0xFB, 0xFF, 0xFF, 0x78, 0x00, 0x00, 0x00, 0x00, 0x00, 0x00, 0x34,
  0xFF, 0xFF, 0xFF, 0xFF, 0xFF, 0xFF, 0xF3, 0x1E, 0x00, 0x00, 0x00, 0x00, 0x00, 0x34, 0xFF, 0xFF,
  0xFE, 0x8E, 0xB0, 0xFF, 0xFF, 0xB7, 0x00, 0x00, 0x00, 0x00, 0x00, 0x34, 0xFF, 0xFF, 0xD0, 0x00,
  0x19, 0xF0, 0xFF, 0xFF, 0x5E, 0x00, 0x00, 0x00, 0x00, 0x34, 0xFF, 0xFF, 0xD0, 0x00, 0x00, 0x66,
  0xFF, 0xFF, 0xED, 0x16, 0x00, 0x00, 0x00, 0x34, 0xFF, 0xFF, 0xD0, 0x00, 0x00, 0x01, 0xC0, 0xFF,
  0xFF, 0xA9, 0x00, 0x00, 0x00, 0x34, 0xFF, 0xFF, 0xD0, 0x00, 0x00, 0x00, 0x26, 0xF7, 0xFF, 0xFF,
  0x4F, 0x00, 0x00, 0x34, 0xFF, 0xFF, 0xD0, 0x00, 0x00, 0x00, 0x00, 0x7A, 0xFF, 0xFF, 0xE5, 0x0F,
  0x00, 0x34, 0xFF, 0xFF, 0xD0, 0x00, 0x00, 0x00, 0x00, 0x00, 0x00, 0x00, 0x34, 0xFF, 0xFF, 0xD0,
  0x00, 0x00, 0x00, 0x00, 0x00, 0x00, 0x00, 0x34, 0xFF, 0xFF, 0xD0, 0x00, 0x00, 0x00, 0x00, 0x00,
  0x00, 0x00, 0x34, 0xFF, 0xFF, 0xD0, 0x00, 0x00, 0x00, 0x00, 0x00, 0x00, 0x00, 0x34, 0xFF, 0xFF,
  0xD0, 0x00, 0x00, 0x00, 0x00, 0x00, 0x00, 0x00, 0x34, 0xFF, 0xFF, 0xD0, 0x00, 0x00, 0x00, 0x00,
  0x00, 0x00, 0x00, 0x34, 0xFF, 0xFF, 0xD0, 0x00, 0x00, 0x00, 0x00, 0x00, 0x00, 0x00, 0x34, 0xFF,
  0xFF, 0xD0, 0x00, 0x00, 0x00, 0x00, 0x00, 0x00, 0x00, 0x34, 0xFF, 0xFF, 0xD0, 0x00, 0x00, 0x00,
  0x00, 0x00, 0x00, 0x00, 0x34, 0xFF, 0xFF, 0xD0, 0x00, 0x00, 0x00, 0x00, 0x00, 0x00, 0x00, 0x34,
  0xFF, 0xFF, 0xD0, 0x00, 0x00, 0x00, 0x00, 0x00, 0x00, 0x00, 0x34, 0xFF, 0xFF, 0xE7, 0x7C, 0x7C,
  0x7C, 0x7C, 0x7C, 0x4D, 0x00, 0x34, 0xFF, 0xFF, 0xFF, 0xFF, 0xFF, 0xFF, 0xFF, 0xFF, 0xA0, 0x00,
  0x34, 0xFF, 0xFF, 0xFF, 0xFF, 0xFF, 0xFF, 0xFF, 0xFF, 0xA0, 0x00, 0x34, 0xFF, 0xFF, 0xFF, 0xFD,
  0x16, 0x00, 0x00, 0x00, 0x00, 0x00, 0x3B, 0xFF, 0xFF, 0xFF, 0xFF, 0x10, 0x00, 0x00, 0x34, 0xFF,
  0xFF, 0xFF, 0xFF, 0x64, 0x00, 0x00, 0x00, 0x00, 0x00, 0x90, 0xFF, 0xFF, 0xFF, 0xFF, 0x10, 0x00,
  0x00, 0x34, 0xFF, 0xFF, 0xF9, 0xFF, 0xB5, 0x00, 0x00, 0x00, 0x00, 0x01, 0xE4, 0xFF, 0xFF, 0xFF,
  0xFF, 0x10, 0x00, 0x00, 0x34, 0xFF, 0xFF, 0xBB, 0xFF, 0xF8, 0x0D, 0x00, 0x00, 0x00, 0x3B, 0xFF,
  0xFF, 0xD0, 0xFF, 0xFF, 0x10, 0x00, 0x00, 0x34, 0xFF, 0xFF, 0x7A, 0xFD, 0xFF, 0x56, 0x00, 0x00,
  0x00, 0x91, 0xFF, 0xD3, 0xAE, 0xFF, 0xFF, 0x10, 0x00, 0x00, 0x34, 0xFF, 0xFF, 0x71, 0xC4, 0xFF,
  0xA7, 0x00, 0x00, 0x01, 0xE4, 0xFF, 0x7D, 0xB8, 0xFF, 0xFF, 0x10, 0x00, 0x00, 0x34, 0xFF, 0xFF,
  0x79, 0x75, 0xFF, 0xF1, 0x06, 0x00, 0x3C, 0xFF, 0xFF, 0x27, 0xBF, 0xFF, 0xFF, 0x10, 0x00, 0x00,
  0x34, 0xFF, 0xFF, 0x7F, 0x26, 0xFF, 0xFF, 0x48, 0x00, 0x91, 0xFF, 0xD0, 0x00, 0xC3, 0xFF, 0xFF,
  0x10, 0x00, 0x00, 0x34, 0xFF, 0xFF, 0x80, 0x00, 0xD8, 0xFF, 0x98, 0x01, 0xE4, 0xFF, 0x7A, 0x00,
  0xC4, 0xFF, 0xFF, 0x10, 0x00, 0x00, 0x34, 0xFF, 0xFF, 0x80, 0x00, 0x8A, 0xFF, 0xE7, 0x3E, 0xFF,
  0xFF, 0x24, 0x00, 0xC4, 0xFF, 0xFF, 0x10, 0x00, 0x00, 0x34, 0xFF, 0xFF, 0x80, 0x00, 0x3B, 0xFF,
  0xFF, 0xC9, 0xFF, 0xCD, 0x00, 0x00, 0xC4, 0xFF, 0xFF, 0x10, 0x00, 0x00, 0x34, 0xFF, 0xFF, 0x80,
  0x00, 0x02, 0xEA, 0xFF, 0xFF, 0xFF, 0x77, 0x00, 0x00, 0xC4, 0xFF, 0xFF, 0x10, 0x00, 0x00, 0x34,
  0xFF, 0xFF, 0x80, 0x00, 0x00, 0x9E, 0xFF, 0xFF, 0xFF, 0x21, 0x00, 0x00, 0xC4, 0xFF, 0xFF, 0x10,
  0x00, 0x00, 0x34, 0xFF, 0xFF, 0x80, 0x00, 0x00, 0x4F, 0xFF, 0xFF, 0xCB, 0x00, 0x00, 0x00, 0xC4,
  0xFF, 0xFF, 0x10, 0x00, 0x00, 0x34, 0xFF, 0xFF, 0xFF, 0xE0, 0x09, 0x00, 0x00, 0x00, 0x00, 0x44,
  0xFF, 0xFF, 0x74, 0x00, 0x00, 0x34, 0xFF, 0xFF, 0xFF, 0xFF, 0x81, 0x00, 0x00, 0x00, 0x00, 0x44,
  0xFF, 0xFF, 0x74, 0x00, 0x00, 0x34, 0xFF, 0xFF, 0xFF, 0xFF, 0xF7, 0x20, 0x00, 0x00, 0x00, 0x44,
  0xFF, 0xFF, 0x74, 0x00, 0x00, 0x34, 0xFF, 0xFF, 0xE1, 0xFF, 0xFF, 0xAE, 0x00, 0x00, 0x00, 0x44,
  0xFF, 0xFF, 0x74, 0x00, 0x00, 0x34, 0xFF, 0xFF, 0x6E, 0xEC, 0xFF, 0xFF, 0x45, 0x00, 0x00, 0x44,
  0xFF, 0xFF, 0x74, 0x00, 0x00, 0x34, 0xFF, 0xFF, 0x68, 0x67, 0xFF, 0xFF, 0xD7, 0x05, 0x00, 0x44,
  0xFF, 0xFF, 0x74, 0x00, 0x00, 0x34, 0xFF, 0xFF, 0x74, 0x02, 0xCD, 0xFF, 0xFF, 0x72, 0x00, 0x43,
  0xFF, 0xFF, 0x74, 0x00, 0x00, 0x34, 0xFF, 0xFF, 0x7E, 0x00, 0x39, 0xFE, 0xFF, 0xF1, 0x17, 0x3B,
  0xFF, 0xFF, 0x74, 0x00, 0x00, 0x34, 0xFF, 0xFF, 0x80, 0x00, 0x00, 0xA1, 0xFF, 0xFF, 0xA0, 0x31,
  0xFF, 0xFF, 0x74, 0x00, 0x00, 0x34, 0xFF, 0xFF, 0x80, 0x00, 0x00, 0x17, 0xF1, 0xFF, 0xFE, 0x61,
  0xFF, 0xFF, 0x74, 0x00, 0x00, 0x34, 0xFF, 0xFF, 0x80, 0x00, 0x00, 0x00, 0x72, 0xFF, 0xFF, 0xE4,
  0xFF, 0xFF, 0x74, 0x00, 0x00, 0x34, 0xFF, 0xFF, 0x80, 0x00, 0x00, 0x00, 0x04, 0xD5, 0xFF, 0xFF,
  0xFF, 0xFF, 0x74, 0x00, 0x00, 0x34, 0xFF, 0xFF, 0x80, 0x00, 0x00, 0x00, 0x00, 0x43, 0xFF, 0xFF,
  0xFF, 0xFF, 0x74, 0x00, 0x00, 0x34, 0xFF, 0xFF, 0x80, 0x00, 0x00, 0x00, 0x00, 0x00, 0xAC, 0xFF,
  0xFF, 0xFF, 0x74, 0x00, 0x00, 0x00, 0x00, 0x00, 0x43, 0xA5, 0xD8, 0xF3, 0xF2, 0xD7, 0x9F, 0x3B,
  0x00, 0x00, 0x00, 0x00, 0x00, 0x00, 0x08, 0xA1, 0xFF, 0xFF, 0xFF, 0xFF, 0xFF, 0xFF, 0xFF, 0xFF,
  0x90, 0x04, 0x00, 0x00, 0x00, 0x00, 0x94, 0xFF, 0xFF, 0xFD, 0xAA, 0x6F, 0x70, 0xAE, 0xFF, 0xFF,
  0xFF, 0x7E, 0x00, 0x00, 0x00, 0x2A, 0xFE, 0xFF, 0xFF, 0x5A, 0x00, 0x00, 0x00, 0x00, 0x69, 0xFF,
  0xFF, 0xFA, 0x19, 0x00, 0x00, 0x80, 0xFF, 0xFF, 0xD0, 0x00, 0x00, 0x00, 0x00, 0x00, 0x03, 0xDF,
  0xFF, 0xFF, 0x6A, 0x00, 0x00, 0xB5, 0xFF, 0xFF, 0x82, 0x00, 0x00, 0x00, 0x00, 0x00, 0x00, 0x96,
  0xFF, 0xFF, 0xA0, 0x00, 0x00, 0xCC, 0xFF, 0xFF, 0x66, 0x00, 0x00, 0x00, 0x00, 0x00, 0x00, 0x7A,
  0xFF, 0xFF, 0xB8, 0x00, 0x00, 0xCC, 0xFF, 0xFF, 0x65, 0x00, 0x00, 0x00, 0x00, 0x00, 0x00, 0x7B,
  0xFF, 0xFF, 0xB7, 0x00, 0x00, 0xB3, 0xFF, 0xFF, 0x83, 0x00, 0x00, 0x00, 0x00, 0x00, 0x00, 0x97,
  0xFF, 0xFF, 0x9F, 0x00, 0x00, 0x7C, 0xFF, 0xFF, 0xD0, 0x00, 0x00, 0x00, 0x00, 0x00, 0x03, 0xDF,
  0xFF, 0xFF, 0x69, 0x00, 0x00, 0x27, 0xFD, 0xFF, 0xFF, 0x59, 0x00, 0x00, 0x00, 0x00, 0x69, 0xFF,
  0xFF, 0xF9, 0x18, 0x00, 0x00, 0x00, 0x90, 0xFF, 0xFF, 0xFD, 0xA8, 0x6D, 0x6F, 0xAE, 0xFE, 0xFF,
  0xFF, 0x7D, 0x00, 0x00, 0x00, 0x00, 0x07, 0x9F, 0xFF, 0xFF, 0xFF, 0xFF, 0xFF, 0xFF, 0xFF, 0xFF,
  0x90, 0x03, 0x00, 0x00, 0x00, 0x00, 0x00, 0x00, 0x44, 0xA5, 0xDA, 0xF4, 0xF2, 0xD8, 0x9F, 0x3B,
  0x00, 0x00, 0x00, 0x00, 0x00, 0x34, 0xFF, 0xFF, 0xFF, 0xFF, 0xFC, 0xEC, 0xC0, 0x63, 0x01, 0x00,
  0x00, 0x00, 0x34, 0xFF, 0xFF, 0xFF, 0xFF, 0xFF, 0xFF, 0xFF, 0xFF, 0xA8, 0x00, 0x00, 0x00, 0x34,
  0xFF, 0xFF, 0xE2, 0x64, 0x6E, 0xA9, 0xFF, 0xFF, 0xFF, 0x49, 0x00, 0x00, 0x34, 0xFF, 0xFF, 0xD0,
  0x00, 0x00, 0x00, 0xA5, 0xFF, 0xFF, 0x91, 0x00, 0x00, 0x34, 0xFF, 0xFF, 0xD0, 0x00, 0x00, 0x00,
  0x73, 0xFF, 0xFF, 0xA0, 0x00, 0x00, 0x34, 0xFF, 0xFF, 0xD0, 0x00, 0x00, 0x00, 0xB4, 0xFF, 0xFF,
  0x81, 0x00, 0x00, 0x34, 0xFF, 0xFF, 0xE2, 0x64, 0x77, 0xC0, 0xFF, 0xFF, 0xFD, 0x2C, 0x00, 0x00,
  0x34, 0xFF, 0xFF, 0xFF, 0xFF, 0xFF, 0xFF, 0xFF, 0xFF, 0x79, 0x00, 0x00, 0x00, 0x34, 0xFF, 0xFF,
  0xFF, 0xFF, 0xF7, 0xE1, 0xAB, 0x43, 0x00, 0x00, 0x00, 0x00, 0x34, 0xFF, 0xFF, 0xD0, 0x00, 0x00,
  0x00, 0x00, 0x00, 0x00, 0x00, 0x00, 0x00, 0x34, 0xFF, 0xFF, 0xD0, 0x00, 0x00, 0x00, 0x00, 0x00,
  0x00, 0x00, 0x00, 0x00, 0x34, 0xFF, 0xFF, 0xD0, 0x00, 0x00, 0x00, 0x00, 0x00, 0x00, 0x00, 0x00,
  0x00, 0x34, 0xFF, 0xFF, 0xD0, 0x00, 0x00, 0x00, 0x00, 0x00, 0x00, 0x00, 0x00, 0x00, 0x34, 0xFF,
  0xFF, 0xD0, 0x00, 0x00, 0x00, 0x00, 0x00, 0x00, 0x00, 0x00, 0x00, 0x00, 0x00, 0x00, 0x43, 0xA5,
  0xD8, 0xF3, 0xF2, 0xD7, 0x9F, 0x3B, 0x00, 0x00, 0x00, 0x00, 0x00, 0x00, 0x08, 0xA1, 0xFF, 0xFF,
  0xFF, 0xFF, 0xFF, 0xFF, 0xFF, 0xFF, 0x90, 0x04, 0x00, 0x00, 0x00, 0x00, 0x94, 0xFF, 0xFF, 0xFD,
  0xAA, 0x6F, 0x70, 0xAE, 0xFF, 0xFF, 0xFF, 0x7E, 0x00, 0x00, 0x00, 0x2A, 0xFE, 0xFF, 0xFF, 0x5A,
  0x00, 0x00, 0x00, 0x00, 0x69, 0xFF, 0xFF, 0xFA, 0x18, 0x00, 0x00, 0x80, 0xFF, 0xFF, 0xD0, 0x00,
  0x00, 0x00, 0x00, 0x00, 0x03, 0xDF, 0xFF, 0xFF, 0x69, 0x00, 0x00, 0xB5, 0xFF, 0xFF, 0x82, 0x00,
  0x00, 0x00, 0x00, 0x00, 0x00, 0x96, 0xFF, 0xFF, 0xA0, 0x00, 0x00, 0xCC, 0xFF, 0xFF, 0x66, 0x00,
  0x00, 0x00, 0x00, 0x00, 0x00, 0x7A, 0xFF, 0xFF, 0xB8, 0x00, 0x00, 0xCC, 0xFF, 0xFF, 0x65, 0x00,
  0x00, 0x00, 0x00, 0x00, 0x00, 0x7B, 0xFF, 0xFF, 0xB6, 0x00, 0x00, 0xB3, 0xFF, 0xFF, 0x83, 0x00,
  0x00, 0x00, 0x00, 0x00, 0x00, 0x97, 0xFF, 0xFF, 0x9D, 0x00, 0x00, 0x7C, 0xFF, 0xFF, 0xD0, 0x00,
  0x00, 0x00, 0x00, 0x00, 0x03, 0xDF, 0xFF, 0xFF, 0x6A, 0x00, 0x00, 0x27, 0xFD, 0xFF, 0xFF, 0x59,
  0x00, 0x00, 0x00, 0x00, 0x69, 0xFF, 0xFF, 0xFB, 0x15, 0x00, 0x00, 0x00, 0x90, 0xFF, 0xFF, 0xFD,
  0xA8, 0x6D, 0x6F, 0xAE, 0xFE, 0xFF, 0xFF, 0x7D, 0x00, 0x00, 0x00, 0x00, 0x07, 0x9F, 0xFF, 0xFF,
  0xFF, 0xFF, 0xFF, 0xFF, 0xFF, 0xFE, 0x96, 0x02, 0x00, 0x00, 0x00, 0x00, 0x00, 0x00, 0x44, 0xA5,
  0xDA, 0xF4, 0xFF, 0xFF, 0xFF, 0x88, 0x00, 0x00, 0x00, 0x00, 0x00, 0x00, 0x00, 0x00, 0x00, 0x00,
  0x00, 0x00, 0x61, 0xFF, 0xFF, 0xFA, 0x4E, 0x00, 0x00, 0x00, 0x00, 0x00, 0x00, 0x00, 0x00, 0x00,
  0x00, 0x00, 0x00, 0x81, 0xFF, 0xFF, 0xF8, 0x47, 0x00, 0x00, 0x00, 0x00, 0x00, 0x00, 0x00, 0x00,
  0x00, 0x00, 0x00, 0x00, 0x9F, 0xFC, 0xFC, 0xF2, 0x3E, 0x00, 0x00, 0x34, 0xFF, 0xFF, 0xFF, 0xFF,
  0xF8, 0xE5, 0xB9, 0x62, 0x03, 0x00, 0x00, 0x00, 0x00, 0x34, 0xFF, 0xFF, 0xFF, 0xFF, 0xFF, 0xFF,
  0xFF, 0xFF, 0xBA, 0x03, 0x00, 0x00, 0x00, 0x34, 0xFF, 0xFF, 0xE2, 0x64, 0x74, 0xA9, 0xFE, 0xFF,
  0xFF, 0x5D, 0x00, 0x00, 0x00, 0x34, 0xFF, 0xFF, 0xD0, 0x00, 0x00, 0x00, 0x95, 0xFF, 0xFF, 0x99,
  0x00, 0x00, 0x00, 0x34, 0xFF, 0xFF, 0xD0, 0x00, 0x00, 0x00, 0x7B, 0xFF, 0xFF, 0x9C, 0x00, 0x00,
  0x00, 0x34, 0xFF, 0xFF, 0xD0, 0x00, 0x10, 0x4A, 0xE9, 0xFF, 0xFF, 0x57, 0x00, 0x00, 0x00, 0x34,
  0xFF, 0xFF, 0xFF, 0xFF, 0xFF, 0xFF, 0xFF, 0xFF, 0xA1, 0x00, 0x00, 0x00, 0x00, 0x34, 0xFF, 0xFF,
  0xFF, 0xFF, 0xFF, 0xFF, 0xFF, 0x6A, 0x01, 0x00, 0x00, 0x00, 0x00, 0x34, 0xFF, 0xFF, 0xE2, 0x64,
  0x9F, 0xFF, 0xFF, 0x8A, 0x00, 0x00, 0x00, 0x00, 0x00, 0x34, 0xFF, 0xFF, 0xD0, 0x00, 0x08, 0xDB,
  0xFF, 0xFC, 0x37, 0x00, 0x00, 0x00, 0x00, 0x34, 0xFF, 0xFF, 0xD0, 0x00, 0x00, 0x48, 0xFF, 0xFF,
  0xD7, 0x08, 0x00, 0x00, 0x00, 0x34, 0xFF, 0xFF, 0xD0, 0x00, 0x00, 0x00, 0xAD, 0xFF, 0xFF, 0x89,
  0x00, 0x00, 0x00, 0x34, 0xFF, 0xFF, 0xD0, 0x00, 0x00, 0x00, 0x1D, 0xF4, 0xFF, 0xFC, 0x37, 0x00,
  0x00, 0x34, 0xFF, 0xFF, 0xD0, 0x00, 0x00, 0x00, 0x00, 0x76, 0xFF, 0xFF, 0xD6, 0x07, 0x00, 0x00,
  0x1A, 0x93, 0xDB, 0xF8, 0xEE, 0xD0, 0x98, 0x43, 0x02, 0x00, 0x26, 0xEB, 0xFF, 0xFF, 0xFF, 0xFF,
  0xFF, 0xFF, 0xE7, 0x05, 0x00, 0xAB, 0xFF, 0xFF, 0xCE, 0x6F, 0x7E, 0xAD, 0xF7, 0x82, 0x00, 0x00,
  0xE2, 0xFF, 0xFF, 0x20, 0x00, 0x00, 0x00, 0x0F, 0x0F, 0x00, 0x00, 0xD9, 0xFF, 0xFF, 0x5F, 0x00,
  0x00, 0x00, 0x00, 0x00, 0x00, 0x00, 0x82, 0xFF, 0xFF, 0xFF, 0xAA, 0x2D, 0x00, 0x00, 0x00, 0x00,
  0x00, 0x05, 0xBA, 0xFF, 0xFF, 0xFF, 0xFE, 0xAC, 0x20, 0x00, 0x00, 0x00, 0x00, 0x02, 0x6E, 0xE8,
  0xFF, 0xFF, 0xFF, 0xF0, 0x3B, 0x00, 0x00, 0x00, 0x00, 0x00, 0x09, 0x6C, 0xED, 0xFF, 0xFF, 0xE0,
  0x02, 0x00, 0x00, 0x00, 0x00, 0x00, 0x00, 0x19, 0xEA, 0xFF, 0xFF, 0x29, 0x09, 0x49, 0x04, 0x00,
  0x00, 0x00, 0x00, 0xD3, 0xFF, 0xFF, 0x2B, 0x14, 0xFF, 0xE8, 0x9F, 0x72, 0x6C, 0xAE, 0xFF, 0xFF,
  0xE5, 0x03, 0x14, 0xFF, 0xFF, 0xFF, 0xFF, 0xFF, 0xFF, 0xFF, 0xF8, 0x48, 0x00, 0x04, 0x63, 0xB2,
  0xDE, 0xF5, 0xF9, 0xDD, 0x9C, 0x29, 0x00, 0x00, 0x98, 0xFF, 0xFF, 0xFF, 0xFF, 0xFF, 0xFF, 0xFF,
  0xFF, 0xFF, 0xFF, 0x30, 0x98, 0xFF, 0xFF, 0xFF, 0xFF, 0xFF, 0xFF, 0xFF, 0xFF, 0xFF, 0xFF, 0x30,
  0x3B, 0x64, 0x64, 0x64, 0xD4, 0xFF, 0xFF, 0x92, 0x64, 0x64, 0x64, 0x12, 0x00, 0x00, 0x00, 0x00,
  0xB8, 0xFF, 0xFF, 0x4C, 0x00, 0x00, 0x00, 0x00, 0x00, 0x00, 0x00, 0x00, 0xB8, 0xFF, 0xFF, 0x4C,
  0x00, 0x00, 0x00, 0x00, 0x00, 0x00, 0x00, 0x00, 0xB8, 0xFF, 0xFF, 0x4C, 0x00, 0x00, 0x00, 0x00,
  0x00, 0x00, 0x00, 0x00, 0xB8, 0xFF, 0xFF, 0x4C, 0x00, 0x00, 0x00, 0x00, 0x00, 0x00, 0x00, 0x00,
  0xB8, 0xFF, 0xFF, 0x4C, 0x00, 0x00, 0x00, 0x00, 0x00, 0x00, 0x00, 0x00, 0xB8, 0xFF, 0xFF, 0x4C,
  0x00, 0x00, 0x00, 0x00, 0x00, 0x00, 0x00, 0x00, 0xB8, 0xFF, 0xFF, 0x4C, 0x00, 0x00, 0x00, 0x00,
  0x00, 0x00, 0x00, 0x00, 0xB8, 0xFF, 0xFF, 0x4C, 0x00, 0x00, 0x00, 0x00, 0x00, 0x00, 0x00, 0x00,
  0xB8, 0xFF, 0xFF, 0x4C, 0x00, 0x00, 0x00, 0x00, 0x00, 0x00, 0x00, 0x00, 0xB8, 0xFF, 0xFF, 0x4C,
  0x00, 0x00, 0x00, 0x00, 0x00, 0x00, 0x00, 0x00, 0xB8, 0xFF, 0xFF, 0x4C, 0x00, 0x00, 0x00, 0x00,
  0x00, 0x4C, 0xFF, 0xFF, 0xB8, 0x00, 0x00, 0x00, 0x00, 0x00, 0x98, 0xFF, 0xFF, 0x6C, 0x00, 0x00,
  0x4C, 0xFF, 0xFF, 0xB8, 0x00, 0x00, 0x00, 0x00, 0x00, 0x98, 0xFF, 0xFF, 0x6C, 0x00, 0x00, 0x4C,
  0xFF, 0xFF, 0xB8, 0x00, 0x00, 0x00, 0x00, 0x00, 0x98, 0xFF, 0xFF, 0x6C, 0x00, 0x00, 0x4C, 0xFF,
  0xFF, 0xB8, 0x00, 0x00, 0x00, 0x00, 0x00, 0x98, 0xFF, 0xFF, 0x6C, 0x00, 0x00, 0x4C, 0xFF, 0xFF,
  0xB8, 0x00, 0x00, 0x00, 0x00, 0x00, 0x98, 0xFF, 0xFF, 0x6C, 0x00, 0x00, 0x4C, 0xFF, 0xFF, 0xB8,
  0x00, 0x00, 0x00, 0x00, 0x00, 0x98, 0xFF, 0xFF, 0x6C, 0x00, 0x00, 0x4C, 0xFF, 0xFF, 0xB8, 0x00,
  0x00, 0x00, 0x00, 0x00, 0x98, 0xFF, 0xFF, 0x6C, 0x00, 0x00, 0x4C, 0xFF, 0xFF, 0xB8, 0x00, 0x00,
  0x00, 0x00, 0x00, 0x98, 0xFF, 0xFF, 0x6C, 0x00, 0x00, 0x4B, 0xFF, 0xFF, 0xBD, 0x00, 0x00, 0x00,
  0x00, 0x00, 0x9D, 0xFF, 0xFF, 0x6B, 0x00, 0x00, 0x3F, 0xFF, 0xFF, 0xDB, 0x00, 0x00, 0x00, 0x00,
  0x00, 0xBD, 0xFF, 0xFF, 0x5A, 0x00, 0x00, 0x13, 0xFD, 0xFF, 0xFF, 0x4A, 0x00, 0x00, 0x00, 0x31,
  0xFC, 0xFF, 0xFF, 0x29, 0x00, 0x00, 0x00, 0xA7, 0xFF, 0xFF, 0xFC, 0xAF, 0x8C, 0xA7, 0xF7, 0xFF,
  0xFF, 0xBA, 0x00, 0x00, 0x00, 0x00, 0x12, 0xD0, 0xFF, 0xFF, 0xFF, 0xFF, 0xFF, 0xFF, 0xFF, 0xD5,
  0x18, 0x00, 0x00, 0x00, 0x00, 0x00, 0x08, 0x70, 0xC4, 0xEF, 0xFB, 0xE9, 0xC4, 0x70, 0x08, 0x00,
  0x00, 0x00, 0xD4, 0xFF, 0xFF, 0x38, 0x00, 0x00, 0x00, 0x00, 0x00, 0x3A, 0xFF, 0xFF, 0xD3, 0x7B,
  0xFF, 0xFF, 0x8A, 0x00, 0x00, 0x00, 0x00, 0x00, 0x8C, 0xFF, 0xFF, 0x7A, 0x23, 0xFF, 0xFF, 0xDC,
  0x00, 0x00, 0x00, 0x00, 0x00, 0xDE, 0xFF, 0xFF, 0x22, 0x00, 0xCA, 0xFF, 0xFF, 0x2E, 0x00, 0x00,
  0x00, 0x32, 0xFF, 0xFF, 0xC8, 0x00, 0x00, 0x72, 0xFF, 0xFF, 0x80, 0x00, 0x00, 0x00, 0x85, 0xFF,
  0xFF, 0x6F, 0x00, 0x00, 0x1B, 0xFD, 0xFF, 0xD2, 0x00, 0x00, 0x00, 0xD8, 0xFF, 0xFD, 0x19, 0x00,
  0x00, 0x00, 0xC1, 0xFF, 0xFF, 0x24, 0x00, 0x2B, 0xFF, 0xFF, 0xBD, 0x00, 0x00, 0x00, 0x00, 0x68,
  0xFF, 0xFF, 0x76, 0x00, 0x7E, 0xFF, 0xFF, 0x65, 0x00, 0x00, 0x00, 0x00, 0x14, 0xFB, 0xFF, 0xC7,
  0x00, 0xCD, 0xFF, 0xFA, 0x12, 0x00, 0x00, 0x00, 0x00, 0x00, 0xB7, 0xFF, 0xFD, 0x26, 0xFE, 0xFF,
  0xB3, 0x00, 0x00, 0x00, 0x00, 0x00, 0x00, 0x5E, 0xFF, 0xFF, 0xA0, 0xFF, 0xFF, 0x5A, 0x00, 0x00,
  0x00, 0x00, 0x00, 0x00, 0x0E, 0xF7, 0xFF, 0xF6, 0xFF, 0xF5, 0x0C, 0x00, 0x00, 0x00, 0x00, 0x00,
  0x00, 0x00, 0xAD, 0xFF, 0xFF, 0xFF, 0xA8, 0x00, 0x00, 0x00, 0x00, 0x00, 0x00, 0x00, 0x00, 0x54,
  0xFF, 0xFF, 0xFF, 0x50, 0x00, 0x00, 0x00, 0x00, 0xDF, 0xFF, 0xFF, 0x1A, 0x00, 0x00, 0x00, 0x00,
  0xE5, 0xFF, 0xFF, 0x39, 0x00, 0x00, 0x00, 0x00, 0xC3, 0xFF, 0xFF, 0x36, 0x9C, 0xFF, 0xFF, 0x56,
  0x00, 0x00, 0x00, 0x2A, 0xFF, 0xFF, 0xFF, 0x7E, 0x00, 0x00, 0x00, 0x07, 0xF7, 0xFF, 0xF0, 0x03,
  0x5A, 0xFF, 0xFF, 0x93, 0x00, 0x00, 0x00, 0x6E, 0xFF, 0xFF, 0xFF, 0xC2, 0x00, 0x00, 0x00, 0x3C,
  0xFF, 0xFF, 0xB1, 0x00, 0x18, 0xFF, 0xFF, 0xCF, 0x00, 0x00, 0x00, 0xB1, 0xFF, 0xF2, 0xFF, 0xFA,
  0x0B, 0x00, 0x00, 0x78, 0xFF, 0xFF, 0x6E, 0x00, 0x00, 0xD5, 0xFF, 0xFD, 0x0F, 0x00, 0x03, 0xF0,
  0xFF, 0xA1, 0xFF, 0xFF, 0x4A, 0x00, 0x00, 0xB5, 0xFF, 0xFF, 0x2C, 0x00, 0x00, 0x92, 0xFF, 0xFF,
  0x49, 0x00, 0x39, 0xFF, 0xFF, 0x48, 0xF1, 0xFF, 0x8E, 0x00, 0x02, 0xEF, 0xFF, 0xE8, 0x00, 0x00,
  0x00, 0x50, 0xFF, 0xFF, 0x85, 0x00, 0x7C, 0xFF, 0xFD, 0x0F, 0xBA, 0xFF, 0xD3, 0x00, 0x2E, 0xFF,
  0xFF, 0xA6, 0x00, 0x00, 0x00, 0x10, 0xFC, 0xFF, 0xC2, 0x00, 0xBF, 0xFF, 0xCA, 0x00, 0x79, 0xFF,
  0xFF, 0x18, 0x6A, 0xFF, 0xFF, 0x64, 0x00, 0x00, 0x00, 0x00, 0xCA, 0xFF, 0xF7, 0x0D, 0xF8, 0xFF,
  0x87, 0x00, 0x34, 0xFF, 0xFF, 0x55, 0xA6, 0xFF, 0xFF, 0x21, 0x00, 0x00, 0x00, 0x00, 0x88, 0xFF,
  0xFF, 0x64, 0xFF, 0xFF, 0x43, 0x00, 0x02, 0xED, 0xFF, 0x87, 0xDB, 0xFF, 0xDF, 0x00, 0x00, 0x00,
  0x00, 0x00, 0x45, 0xFF, 0xFF, 0xBD, 0xFF, 0xF7, 0x08, 0x00, 0x00, 0xAC, 0xFF, 0xBF, 0xFE, 0xFF,
  0x9C, 0x00, 0x00, 0x00, 0x00, 0x00, 0x09, 0xF9, 0xFF, 0xFB, 0xFF, 0xBC, 0x00, 0x00, 0x00, 0x67,
  0xFF, 0xFB, 0xFF, 0xFF, 0x5A, 0x00, 0x00, 0x00, 0x00, 0x00, 0x00, 0xC0, 0xFF, 0xFF, 0xFF, 0x79,
  0x00, 0x00, 0x00, 0x23, 0xFF, 0xFF, 0xFF, 0xFF, 0x18, 0x00, 0x00, 0x00, 0x00, 0x00, 0x00, 0x7D,
  0xFF, 0xFF, 0xFF, 0x35, 0x00, 0x00, 0x00, 0x00, 0xDE, 0xFF, 0xFF, 0xD5, 0x00, 0x00, 0x00, 0x00,
  0x61, 0xFF, 0xFF, 0xE4, 0x0C, 0x00, 0x00, 0x00, 0x00, 0x90, 0xFF, 0xFF, 0xAD, 0x00, 0x00, 0xBA,
  0xFF, 0xFF, 0x8B, 0x00, 0x00, 0x00, 0x2B, 0xFB, 0xFF, 0xEF, 0x19, 0x00, 0x00, 0x20, 0xF4, 0xFF,
  0xFB, 0x2B, 0x00, 0x00, 0xBE, 0xFF, 0xFF, 0x64, 0x00, 0x00, 0x00, 0x00, 0x6E, 0xFF, 0xFF, 0xC0,
  0x00, 0x57, 0xFF, 0xFF, 0xBF, 0x01, 0x00, 0x00, 0x00, 0x00, 0x02, 0xC5, 0xFF, 0xFF, 0x66, 0xE3,
  0xFF, 0xF7, 0x25, 0x00, 0x00, 0x00, 0x00, 0x00, 0x00, 0x28, 0xF8, 0xFF, 0xFE, 0xFF, 0xFF, 0x77,
  0x00, 0x00, 0x00, 0x00, 0x00, 0x00, 0x00, 0x00, 0x7F, 0xFF, 0xFF, 0xFF, 0xCF, 0x04, 0x00, 0x00,
  0x00, 0x00, 0x00, 0x00, 0x00, 0x00, 0xB5, 0xFF, 0xFF, 0xFF, 0xD5, 0x08, 0x00, 0x00, 0x00, 0x00,
  0x00, 0x00, 0x00, 0x5F, 0xFF, 0xFF, 0xF3, 0xFF, 0xFF, 0x8E, 0x00, 0x00, 0x00, 0x00, 0x00, 0x00,
  0x19, 0xEE, 0xFF, 0xF3, 0x2C, 0xE4, 0xFF, 0xFE, 0x40, 0x00, 0x00, 0x00, 0x00, 0x00, 0xB0, 0xFF,
  0xFF, 0x70, 0x00, 0x52, 0xFF, 0xFF, 0xE0, 0x0E, 0x00, 0x00, 0x00, 0x5A, 0xFF, 0xFF, 0xCB, 0x03,
  0x00, 0x00, 0xB1, 0xFF, 0xFF, 0x9F, 0x00, 0x00, 0x16, 0xEC, 0xFF, 0xFC, 0x31, 0x00, 0x00, 0x00,
  0x1D, 0xF3, 0xFF, 0xFF, 0x4F, 0x00, 0xAC, 0xFF, 0xFF, 0x8C, 0x00, 0x00, 0x00, 0x00, 0x00, 0x70,
  0xFF, 0xFF, 0xE9, 0x15, 0xBA, 0xFF, 0xFF, 0x87, 0x00, 0x00, 0x00, 0x00, 0x15, 0xF4, 0xFF, 0xFE,
  0x35, 0x30, 0xFE, 0xFF, 0xF3, 0x14, 0x00, 0x00, 0x00, 0x8C, 0xFF, 0xFF, 0xA7, 0x00, 0x00, 0xA3,
  0xFF, 0xFF, 0x89, 0x00, 0x00, 0x17, 0xF5, 0xFF, 0xF8, 0x20, 0x00, 0x00, 0x1E, 0xF8, 0xFF, 0xF4,
  0x15, 0x00, 0x90, 0xFF, 0xFF, 0x8B, 0x00, 0x00, 0x00, 0x00, 0x8B, 0xFF, 0xFF, 0x8A, 0x1A, 0xF7,
  0xFF, 0xED, 0x10, 0x00, 0x00, 0x00, 0x00, 0x11, 0xEE, 0xFF, 0xF5, 0xA8, 0xFF, 0xFF, 0x70, 0x00,
  0x00, 0x00, 0x00, 0x00, 0x00, 0x74, 0xFF, 0xFF, 0xFF, 0xFF, 0xDC, 0x06, 0x00, 0x00, 0x00, 0x00,
  0x00, 0x00, 0x07, 0xE0, 0xFF, 0xFF, 0xFF, 0x54, 0x00, 0x00, 0x00, 0x00, 0x00, 0x00, 0x00, 0x00,
  0x63, 0xFF, 0xFF, 0xD3, 0x00, 0x00, 0x00, 0x00, 0x00, 0x00, 0x00, 0x00, 0x00, 0x44, 0xFF, 0xFF,
  0xBC, 0x00, 0x00, 0x00, 0x00, 0x00, 0x00, 0x00, 0x00, 0x00, 0x44, 0xFF, 0xFF, 0xBC, 0x00, 0x00,
  0x00, 0x00, 0x00, 0x00, 0x00, 0x00, 0x00, 0x44, 0xFF, 0xFF, 0xBC, 0x00, 0x00, 0x00, 0x00, 0x00,
  0x00, 0x00, 0x00, 0x00, 0x44, 0xFF, 0xFF, 0xBC, 0x00, 0x00, 0x00, 0x00, 0x00, 0x00, 0x00, 0x00,
  0x00, 0x44, 0xFF, 0xFF, 0xBC, 0x00, 0x00, 0x00, 0x00, 0x00, 0x58, 0xFF, 0xFF, 0xFF, 0xFF, 0xFF,
  0xFF, 0xFF, 0xFF, 0xFF, 0xEC, 0x00, 0x58, 0xFF, 0xFF, 0xFF, 0xFF, 0xFF, 0xFF, 0xFF, 0xFF, 0xFF,
  0xEA, 0x00, 0x22, 0x64, 0x64, 0x64, 0x64, 0x64, 0x66, 0xEE, 0xFF, 0xFF, 0x7E, 0x00, 0x00, 0x00,
  0x00, 0x00, 0x00, 0x00, 0x77, 0xFF, 0xFF, 0xC6, 0x03, 0x00, 0x00, 0x00, 0x00, 0x00, 0x00, 0x30,
  0xF9, 0xFF, 0xF2, 0x22, 0x00, 0x00, 0x00, 0x00, 0x00, 0x00, 0x08, 0xD4, 0xFF, 0xFF, 0x61, 0x00,
  0x00, 0x00, 0x00, 0x00, 0x00, 0x00, 0x90, 0xFF, 0xFF, 0xAC, 0x00, 0x00, 0x00, 0x00, 0x00, 0x00,
  0x00, 0x44, 0xFE, 0xFF, 0xE5, 0x12, 0x00, 0x00, 0x00, 0x00, 0x00, 0x00, 0x11, 0xE4, 0xFF, 0xFE,
  0x45, 0x00, 0x00, 0x00, 0x00, 0x00, 0x00, 0x00, 0xA8, 0xFF, 0xFF, 0x90, 0x00, 0x00, 0x00, 0x00,
  0x00, 0x00, 0x00, 0x5C, 0xFF, 0xFF, 0xD3, 0x08, 0x00, 0x00, 0x00, 0x00, 0x00, 0x00, 0x1E, 0xF0,
  0xFF, 0xFF, 0x91, 0x64, 0x64, 0x64, 0x64, 0x64, 0x64, 0x09, 0x81, 0xFF, 0xFF, 0xFF, 0xFF, 0xFF,
  0xFF, 0xFF, 0xFF, 0xFF, 0xFF, 0x18, 0x84, 0xFF, 0xFF, 0xFF, 0xFF, 0xFF, 0xFF, 0xFF, 0xFF, 0xFF,
  0xFF, 0x18, 0x00, 0x98, 0xFF, 0xFF, 0xFF, 0xFF, 0x20, 0x00, 0x98, 0xFF, 0xFF, 0xFF, 0xFF, 0x20,
  0x00, 0x98, 0xFF, 0xF6, 0x64, 0x64, 0x0C, 0x00, 0x98, 0xFF, 0xF0, 0x00, 0x00, 0x00, 0x00, 0x98,
  0xFF, 0xF0, 0x00, 0x00, 0x00, 0x00, 0x98, 0xFF, 0xF0, 0x00, 0x00, 0x00, 0x00, 0x98, 0xFF, 0xF0,
  0x00, 0x00, 0x00, 0x00, 0x98, 0xFF, 0xF0, 0x00, 0x00, 0x00, 0x00, 0x98, 0xFF, 0xF0, 0x00, 0x00,
  0x00, 0x00, 0x98, 0xFF, 0xF0, 0x00, 0x00, 0x00, 0x00, 0x98, 0xFF, 0xF0, 0x00, 0x00, 0x00, 0x00,
  0x98, 0xFF, 0xF0, 0x00, 0x00, 0x00, 0x00, 0x98, 0xFF, 0xF0, 0x00, 0x00, 0x00, 0x00, 0x98, 0xFF,
  0xF0, 0x00, 0x00, 0x00, 0x00, 0x98, 0xFF, 0xF0, 0x00, 0x00, 0x00, 0x00, 0x98, 0xFF, 0xF6, 0x64,
  0x64, 0x0C, 0x00, 0x98, 0xFF, 0xFF, 0xFF, 0xFF, 0x20, 0x00, 0x98, 0xFF, 0xFF, 0xFF, 0xFF, 0x20,
  0xB0, 0xFF, 0xF3, 0x0C, 0x00, 0x00, 0x00, 0x00, 0x00, 0x4E, 0xFF, 0xFF, 0x61, 0x00, 0x00, 0x00,
  0x00, 0x00, 0x04, 0xE8, 0xFF, 0xC3, 0x00, 0x00, 0x00, 0x00, 0x00, 0x00, 0x8C, 0xFF, 0xFF, 0x25,
  0x00, 0x00, 0x00, 0x00, 0x00, 0x2B, 0xFF, 0xFF, 0x86, 0x00, 0x00, 0x00, 0x00, 0x00, 0x00, 0xCA,
  0xFF, 0xE4, 0x03, 0x00, 0x00, 0x00, 0x00, 0x00, 0x69, 0xFF, 0xFF, 0x48, 0x00, 0x00, 0x00, 0x00,
  0x00, 0x10, 0xF7, 0xFF, 0xAA, 0x00, 0x00, 0x00, 0x00, 0x00, 0x00, 0xA6, 0xFF, 0xF8, 0x12, 0x00,
  0x00, 0x00, 0x00, 0x00, 0x45, 0xFF, 0xFF, 0x6D, 0x00, 0x00, 0x00, 0x00, 0x00, 0x02, 0xE2, 0xFF,
  0xCE, 0x00, 0x00, 0x00, 0x00, 0x00, 0x00, 0x83, 0xFF, 0xFF, 0x30, 0x00, 0x00, 0x00, 0x00, 0x00,
  0x23, 0xFE, 0xFF, 0x91, 0x00, 0x00, 0x00, 0x00, 0x00, 0x00, 0xC1, 0xFF, 0xEC, 0x06, 0x80, 0xFF,
  0xFF, 0xFF, 0xFF, 0x38, 0x00, 0x80, 0xFF, 0xFF, 0xFF, 0xFF, 0x38, 0x00, 0x32, 0x64, 0x94, 0xFF,
  0xFF, 0x38, 0x00, 0x00, 0x00, 0x50, 0xFF, 0xFF, 0x38, 0x00, 0x00, 0x00, 0x50, 0xFF, 0xFF, 0x38,
  0x00, 0x00, 0x00, 0x50, 0xFF, 0xFF, 0x38, 0x00, 0x00, 0x00, 0x50, 0xFF, 0xFF, 0x38, 0x00, 0x00,
  0x00, 0x50, 0xFF, 0xFF, 0x38, 0x00, 0x00, 0x00, 0x50, 0xFF, 0xFF, 0x38, 0x00, 0x00, 0x00, 0x50,
  0xFF, 0xFF, 0x38, 0x00, 0x00, 0x00, 0x50, 0xFF, 0xFF, 0x38, 0x00, 0x00, 0x00, 0x50, 0xFF, 0xFF,
  0x38, 0x00, 0x00, 0x00, 0x50, 0xFF, 0xFF, 0x38, 0x00, 0x00, 0x00, 0x50, 0xFF, 0xFF, 0x38, 0x00,
  0x00, 0x00, 0x50, 0xFF, 0xFF, 0x38, 0x00, 0x32, 0x64, 0x94, 0xFF, 0xFF, 0x38, 0x00, 0x80, 0xFF,
  0xFF, 0xFF, 0xFF, 0x38, 0x00, 0x80, 0xFF, 0xFF, 0xFF, 0xFF, 0x38, 0x00, 0x00, 0x00, 0x00, 0x00,
  0x81, 0xFF, 0x68, 0x00, 0x00, 0x00, 0x00, 0x00, 0x00, 0x00, 0x0C, 0xED, 0xFF, 0xE7, 0x0B, 0x00,
  0x00, 0x00, 0x00, 0x00, 0x00, 0x75, 0xFF, 0xFF, 0xFF, 0x7C, 0x00, 0x00, 0x00, 0x00, 0x00, 0x07,
  0xE6, 0xFF, 0x7F, 0xFF, 0xF1, 0x14, 0x00, 0x00, 0x00, 0x00, 0x68, 0xFF, 0xCF, 0x00, 0xB6, 0xFF,
  0x8F, 0x00, 0x00, 0x00, 0x03, 0xDD, 0xFF, 0x5B, 0x00, 0x31, 0xFE, 0xF9, 0x20, 0x00, 0x00, 0x5C,
  0xFF, 0xE1, 0x04, 0x00, 0x00, 0xAA, 0xFF, 0xA3, 0x00, 0x01, 0xD4, 0xFF, 0x72, 0x00, 0x00, 0x00,
  0x28, 0xFC, 0xFD, 0x2F, 0x4F, 0xFF, 0xF0, 0x0D, 0x00, 0x00, 0x00, 0x00, 0x9F, 0xFF, 0xB7, 0x00,
  0x00, 0x00, 0x00, 0x00, 0x00, 0x00, 0x00, 0x00, 0x00, 0x00, 0x00, 0x00, 0x00, 0x00, 0x00, 0x00,
  0x00, 0x00, 0x00, 0x00, 0x00, 0x00, 0x00, 0x00, 0x00, 0x00, 0x00, 0x00, 0x00, 0x00, 0x00, 0x00,
  0x00, 0x00, 0x00, 0x00, 0x00, 0x00, 0x00, 0x00, 0x00, 0x00, 0x00, 0x00, 0x00, 0x00, 0x00, 0x00,
  0x00, 0x00, 0x00, 0x00, 0x00, 0x00, 0x00, 0x00, 0x00, 0x00, 0x00, 0x00, 0x00, 0x00, 0x00, 0x00,
  0x00, 0x00, 0x00, 0x00, 0x00, 0x00, 0x00, 0x00, 0x00, 0x00, 0x0B, 0xFC, 0xFC, 0xFC, 0xFC, 0xFC,
  0xFC, 0xFC, 0xFC, 0x42, 0x02, 0x2C, 0x2C, 0x2C, 0x2C, 0x2C, 0x2C, 0x2C, 0x2C, 0x0B, 0x10, 0xCA,
  0xFF, 0xFF, 0x83, 0x00, 0x00, 0x00, 0x07, 0x99, 0xFF, 0xFE, 0x52, 0x00, 0x00, 0x00, 0x00, 0x59,
  0xEE, 0xF6, 0x35, 0x00, 0x00, 0x00, 0x00, 0x00, 0x00, 0x00, 0x00, 0x00, 0x00, 0x00, 0x00, 0x00,
  0x00, 0x00, 0x00, 0x00, 0x00, 0x00, 0x00, 0x00, 0x00, 0x00, 0x00, 0x00, 0x00, 0x00, 0x00, 0x00,
  0x00, 0x00, 0x00, 0x00, 0x00, 0x00, 0x00, 0x00, 0x00, 0x00, 0x00, 0x00, 0x00, 0x00, 0x00, 0x00,
  0x00, 0x00, 0x00, 0x00, 0x00, 0x00, 0x00, 0x00, 0x00, 0x00, 0x00, 0x00, 0x00, 0x00, 0x00, 0x00,
  0x00, 0x00, 0x00, 0x00, 0x00, 0x00, 0x00, 0x00, 0x00, 0x00, 0x00, 0x00, 0x00, 0x00, 0x00, 0x00,
  0x00, 0x00, 0x00, 0x00, 0x00, 0x00, 0x00, 0x00, 0x00, 0x2B, 0x93, 0xD7, 0xF6, 0xF9, 0xDB, 0x8F,
  0x14, 0x00, 0x00, 0x00, 0x05, 0xE6, 0xFF, 0xFF, 0xFF, 0xFF, 0xFF, 0xFF, 0xD9, 0x0A, 0x00, 0x00,
  0x00, 0x6D, 0xD6, 0x92, 0x71, 0x7B, 0xE9, 0xFF, 0xFF, 0x63, 0x00, 0x00, 0x00, 0x00, 0x00, 0x00,
  0x00, 0x00, 0x6F, 0xFF, 0xFF, 0x8C, 0x00, 0x00, 0x00, 0x3D, 0x98, 0xC4, 0xD4, 0xD8, 0xE7, 0xFF,
  0xFF, 0x94, 0x00, 0x00, 0x73, 0xFF, 0xFF, 0xFF, 0xFF, 0xFF, 0xFF, 0xFF, 0xFF, 0x94, 0x00, 0x08,
  0xF5, 0xFF, 0xFF, 0x7B, 0x17, 0x02, 0x61, 0xFF, 0xFF, 0x94, 0x00, 0x20, 0xFF, 0xFF, 0xF4, 0x00,
  0x00, 0x00, 0x9A, 0xFF, 0xFF, 0x94, 0x00, 0x06, 0xFB, 0xFF, 0xFF, 0xA1, 0x6F, 0xA8, 0xFF, 0xFF,
  0xFF, 0x94, 0x00, 0x00, 0xA2, 0xFF, 0xFF, 0xFF, 0xFF, 0xFF, 0x9F, 0xF4, 0xFF, 0x94, 0x00, 0x00,
  0x0D, 0x90, 0xE3, 0xF8, 0xD9, 0x74, 0x02, 0xAA, 0xFF, 0x94, 0x00, 0x00, 0x70, 0xFF, 0xFF, 0x8C,
  0x00, 0x00, 0x00, 0x00, 0x00, 0x00, 0x00, 0x00, 0x00, 0x70, 0xFF, 0xFF, 0x8C, 0x00, 0x00, 0x00,
  0x00, 0x00, 0x00, 0x00, 0x00, 0x00, 0x70, 0xFF, 0xFF, 0x8C, 0x00, 0x00, 0x00, 0x00, 0x00, 0x00,
  0x00, 0x00, 0x00, 0x70, 0xFF, 0xFF, 0x8A, 0x00, 0x00, 0x00, 0x00, 0x00, 0x00, 0x00, 0x00, 0x00,
  0x70, 0xFF, 0xFF, 0x81, 0x57, 0xD3, 0xF8, 0xE2, 0x84, 0x06, 0x00, 0x00, 0x00, 0x70, 0xFF, 0xFF,
  0xC8, 0xFF, 0xFF, 0xFF, 0xFF, 0xFF, 0xAA, 0x00, 0x00, 0x00, 0x70, 0xFF, 0xFF, 0xFF, 0xBC, 0x71,
  0xA7, 0xFF, 0xFF, 0xFF, 0x3E, 0x00, 0x00, 0x70, 0xFF, 0xFF, 0xDD, 0x02, 0x00, 0x00, 0xB2, 0xFF,
  0xFF, 0x8D, 0x00, 0x00, 0x70, 0xFF, 0xFF, 0x9F, 0x00, 0x00, 0x00, 0x62, 0xFF, 0xFF, 0xB4, 0x00,
  0x00, 0x70, 0xFF, 0xFF, 0x8F, 0x00, 0x00, 0x00, 0x4E, 0xFF, 0xFF, 0xC0, 0x00, 0x00, 0x70, 0xFF,
  0xFF, 0xA3, 0x00, 0x00, 0x00, 0x64, 0xFF, 0xFF, 0xB3, 0x00, 0x00, 0x70, 0xFF, 0xFF, 0xE5, 0x06,
  0x00, 0x00, 0xB7, 0xFF, 0xFF, 0x8B, 0x00, 0x00, 0x70, 0xFF, 0xFF, 0xFF, 0xC4, 0x72, 0xA8, 0xFF,
  0xFF, 0xFF, 0x39, 0x00, 0x00, 0x70, 0xFF, 0xFF, 0xFF, 0xFF, 0xFF, 0xFF, 0xFF, 0xFF, 0xA2, 0x00,
  0x00, 0x00, 0x70, 0xFF, 0xF9, 0x2E, 0x93, 0xE7, 0xFB, 0xE0, 0x7E, 0x04, 0x00, 0x00, 0x00, 0x00,
  0x01, 0x60, 0xC0, 0xEC, 0xFB, 0xE5, 0xA7, 0x3A, 0x00, 0x02, 0xB0, 0xFF, 0xFF, 0xFF, 0xFF, 0xFF,
  0xFF, 0x5F, 0x00, 0x6E, 0xFF, 0xFF, 0xF9, 0x8F, 0x71, 0xA0, 0xE4, 0x0B, 0x00, 0xD1, 0xFF, 0xFF,
  0x63, 0x00, 0x00, 0x00, 0x02, 0x00, 0x02, 0xFC, 0xFF, 0xFF, 0x0D, 0x00, 0x00, 0x00, 0x00, 0x00,
  0x13, 0xFF, 0xFF, 0xF6, 0x00, 0x00, 0x00, 0x00, 0x00, 0x00, 0x09, 0xFF, 0xFF, 0xFF, 0x0B, 0x00,
  0x00, 0x00, 0x00, 0x00, 0x00, 0xDF, 0xFF, 0xFF, 0x61, 0x00, 0x00, 0x00, 0x04, 0x0F, 0x00, 0x8A,
  0xFF, 0xFF, 0xF8, 0x8E, 0x6F, 0x90, 0xE0, 0x50, 0x00, 0x0E, 0xD4, 0xFF, 0xFF, 0xFF, 0xFF, 0xFF,
  0xFF, 0x50, 0x00, 0x00, 0x0D, 0x82, 0xD5, 0xF7, 0xFA, 0xE0, 0x8C, 0x14, 0x00, 0x00, 0x00, 0x00,
  0x00, 0x00, 0x00, 0x00, 0xE0, 0xFF, 0xFF, 0x18, 0x00, 0x00, 0x00, 0x00, 0x00, 0x00, 0x00, 0x00,
  0x00, 0xE0, 0xFF, 0xFF, 0x18, 0x00, 0x00, 0x00, 0x00, 0x00, 0x00, 0x00, 0x00, 0x00, 0xE0, 0xFF,
  0xFF, 0x18, 0x00, 0x00, 0x00, 0x00, 0x00, 0x00, 0x00, 0x00, 0x00, 0xDD, 0xFF, 0xFF, 0x18, 0x00,
  0x00, 0x00, 0x1E, 0xA8, 0xEF, 0xF4, 0xBE, 0x34, 0xCE, 0xFF, 0xFF, 0x18, 0x00, 0x00, 0x14, 0xE3,
  0xFF, 0xFF, 0xFF, 0xFF, 0xF5, 0xDB, 0xFF, 0xFF, 0x18, 0x00, 0x00, 0x8F, 0xFF, 0xFF, 0xF5, 0x84,
  0x7A, 0xD9, 0xFF, 0xFF, 0xFF, 0x18, 0x00, 0x00, 0xE0, 0xFF, 0xFF, 0x5E, 0x00, 0x00, 0x19, 0xFA,
  0xFF, 0xFF, 0x18, 0x00, 0x09, 0xFF, 0xFF, 0xFF, 0x09, 0x00, 0x00, 0x00, 0xC8, 0xFF, 0xFF, 0x18,
  0x00, 0x14, 0xFF, 0xFF, 0xF2, 0x00, 0x00, 0x00, 0x00, 0xB3, 0xFF, 0xFF, 0x18, 0x00, 0x09, 0xFF,
  0xFF, 0xFE, 0x07, 0x00, 0x00, 0x00, 0xC3, 0xFF, 0xFF, 0x18, 0x00, 0x00, 0xE2, 0xFF, 0xFF, 0x57,
  0x00, 0x00, 0x11, 0xF4, 0xFF, 0xFF, 0x18, 0x00, 0x00, 0x93, 0xFF, 0xFF, 0xF3, 0x84, 0x76, 0xD2,
  0xFF, 0xFF, 0xFF, 0x18, 0x00, 0x00, 0x17, 0xE7, 0xFF, 0xFF, 0xFF, 0xFF, 0xEB, 0xCE, 0xFF, 0xFF,
  0x18, 0x00, 0x00, 0x00, 0x22, 0xAD, 0xF2, 0xF3, 0xB8, 0x29, 0x5E, 0xFF, 0xFF, 0x18, 0x00, 0x00,
  0x00, 0x01, 0x66, 0xC7, 0xF0, 0xF6, 0xD2, 0x77, 0x06, 0x00, 0x00, 0x00, 0x01, 0xAF, 0xFF, 0xFF,
  0xFF, 0xFF, 0xFF, 0xFF, 0xBE, 0x05, 0x00, 0x00, 0x6A, 0xFF, 0xFF, 0xDF, 0x7A, 0x71, 0xC8, 0xFF,
  0xFF, 0x71, 0x00, 0x00, 0xCD, 0xFF, 0xFF, 0x27, 0x00, 0x00, 0x0A, 0xF1, 0xFF, 0xC7, 0x00, 0x02,
  0xFC, 0xFF, 0xFF, 0xFF, 0xFF, 0xFF, 0xFF, 0xFF, 0xFF, 0xEA, 0x00, 0x11, 0xFF, 0xFF, 0xFF, 0xFF,
  0xFF, 0xFF, 0xFF, 0xFF, 0xFF, 0xF4, 0x00, 0x02, 0xFB, 0xFF, 0xFC, 0x65, 0x64, 0x64, 0x64, 0x64,
  0x64, 0x5F, 0x00, 0x00, 0xCE, 0xFF, 0xFF, 0x49, 0x00, 0x00, 0x00, 0x00, 0x00, 0x03, 0x00, 0x00,
  0x63, 0xFF, 0xFF, 0xF6, 0x97, 0x6C, 0x77, 0x93, 0xD7, 0x57, 0x00, 0x00, 0x00, 0x9C, 0xFF, 0xFF,
  0xFF, 0xFF, 0xFF, 0xFF, 0xFF, 0x58, 0x00, 0x00, 0x00, 0x00, 0x51, 0xB4, 0xE8, 0xFB, 0xF3, 0xCF,
  0x7C, 0x14, 0x00, 0x00, 0x00, 0x06, 0x85, 0xDA, 0xF8, 0xF2, 0xD6, 0x5C, 0x00, 0x00, 0x8E, 0xFF,
  0xFF, 0xFF, 0xFF, 0xFF, 0x46, 0x00, 0x00, 0xDF, 0xFF, 0xFF, 0xA2, 0x6B, 0x87, 0x03, 0x00, 0x00,
  0xF3, 0xFF, 0xFF, 0x08, 0x00, 0x00, 0x00, 0x2B, 0xB5, 0xFF, 0xFF, 0xFF, 0xFF, 0xFF, 0x98, 0x00,
  0x98, 0xFF, 0xFF, 0xFF, 0xFF, 0xFF, 0xFF, 0x98, 0x00, 0x3B, 0x64, 0xF8, 0xFF, 0xFF, 0x66, 0x64,
  0x3B, 0x00, 0x00, 0x00, 0xF4, 0xFF, 0xFF, 0x04, 0x00, 0x00, 0x00, 0x00, 0x00, 0xF4, 0xFF, 0xFF,
  0x04, 0x00, 0x00, 0x00, 0x00, 0x00, 0xF4, 0xFF, 0xFF, 0x04, 0x00, 0x00, 0x00, 0x00, 0x00, 0xF4,
  0xFF, 0xFF, 0x04, 0x00, 0x00, 0x00, 0x00, 0x00, 0xF4, 0xFF, 0xFF, 0x04, 0x00, 0x00, 0x00, 0x00,
  0x00, 0xF4, 0xFF, 0xFF, 0x04, 0x00, 0x00, 0x00, 0x00, 0x00, 0xF4, 0xFF, 0xFF, 0x04, 0x00, 0x00,
  0x00, 0x00, 0x00, 0xF4, 0xFF, 0xFF, 0x04, 0x00, 0x00, 0x00, 0x00, 0x00, 0x1F, 0xA9, 0xEF, 0xF4,
  0xBD, 0x34, 0x7F, 0xFF, 0xFF, 0x18, 0x00, 0x00, 0x13, 0xE3, 0xFF, 0xFF, 0xFF, 0xFF, 0xF5, 0xCF,
  0xFF, 0xFF, 0x18, 0x00, 0x00, 0x8C, 0xFF, 0xFF, 0xF2, 0x83, 0x78, 0xD9, 0xFF, 0xFF, 0xFF, 0x18,
  0x00, 0x00, 0xDE, 0xFF, 0xFF, 0x57, 0x00, 0x00, 0x19, 0xF9, 0xFF, 0xFF, 0x18, 0x00, 0x08, 0xFF,
  0xFF, 0xFF, 0x09, 0x00, 0x00, 0x00, 0xC8, 0xFF, 0xFF, 0x18, 0x00, 0x14, 0xFF, 0xFF, 0xF6, 0x00,
  0x00, 0x00, 0x00, 0xB3, 0xFF, 0xFF, 0x18, 0x00, 0x09, 0xFF, 0xFF, 0xFF, 0x09, 0x00, 0x00, 0x00,
  0xC2, 0xFF, 0xFF, 0x18, 0x00, 0x00, 0xE2, 0xFF, 0xFF, 0x57, 0x00, 0x00, 0x0E, 0xF0, 0xFF, 0xFF,
  0x18, 0x00, 0x00, 0x93, 0xFF, 0xFF, 0xF3, 0x83, 0x74, 0xCF, 0xFF, 0xFF, 0xFF, 0x18, 0x00, 0x00,
  0x1A, 0xEA, 0xFF, 0xFF, 0xFF, 0xFF, 0xE7, 0xE5, 0xFF, 0xFF, 0x18, 0x00, 0x00, 0x00, 0x27, 0xB2,
  0xF2, 0xF3, 0xB6, 0x27, 0xDC, 0xFF, 0xFF, 0x18, 0x00, 0x00, 0x00, 0x00, 0x00, 0x00, 0x00, 0x00,
  0x00, 0xF0, 0xFF, 0xFF, 0x10, 0x00, 0x00, 0x17, 0x07, 0x00, 0x00, 0x00, 0x00, 0x36, 0xFF, 0xFF,
  0xEE, 0x01, 0x00, 0x00, 0x70, 0xF2, 0xAB, 0x86, 0x6D, 0x81, 0xEB, 0xFF, 0xFF, 0x9B, 0x00, 0x00,
  0x00, 0x70, 0xFF, 0xFF, 0xFF, 0xFF, 0xFF, 0xFF, 0xFF, 0xD9, 0x15, 0x00, 0x00, 0x00, 0x2B, 0x96,
  0xD6, 0xED, 0xFB, 0xF3, 0xCD, 0x7D, 0x0D, 0x00, 0x00, 0x00, 0x00, 0x70, 0xFF, 0xFF, 0x8C, 0x00,
  0x00, 0x00, 0x00, 0x00, 0x00, 0x00, 0x00, 0x00, 0x70, 0xFF, 0xFF, 0x8C, 0x00, 0x00, 0x00, 0x00,
  0x00, 0x00, 0x00, 0x00, 0x00, 0x70, 0xFF, 0xFF, 0x8C, 0x00, 0x00, 0x00, 0x00, 0x00, 0x00, 0x00,
  0x00, 0x00, 0x70, 0xFF, 0xFF, 0x87, 0x00, 0x00, 0x00, 0x00, 0x00, 0x00, 0x00, 0x00, 0x00, 0x70,
  0xFF, 0xFF, 0x7C, 0x57, 0xCE, 0xF7, 0xE2, 0xA4, 0x20, 0x00, 0x00, 0x00, 0x70, 0xFF, 0xFF, 0xC5,
  0xFF, 0xFF, 0xFF, 0xFF, 0xFF, 0xE9, 0x15, 0x00, 0x00, 0x70, 0xFF, 0xFF, 0xFF, 0xD5, 0x79, 0x89,
  0xF9, 0xFF, 0xFF, 0x73, 0x00, 0x00, 0x70, 0xFF, 0xFF, 0xF2, 0x11, 0x00, 0x00, 0x8F, 0xFF, 0xFF,
  0x9B, 0x00, 0x00, 0x70, 0xFF, 0xFF, 0xAF, 0x00, 0x00, 0x00, 0x5F, 0xFF, 0xFF, 0xA4, 0x00, 0x00,
  0x70, 0xFF, 0xFF, 0x94, 0x00, 0x00, 0x00, 0x58, 0xFF, 0xFF, 0xA4, 0x00, 0x00, 0x70, 0xFF, 0xFF,
  0x8C, 0x00, 0x00, 0x00, 0x58, 0xFF, 0xFF, 0xA4, 0x00, 0x00, 0x70, 0xFF, 0xFF, 0x8C, 0x00, 0x00,
  0x00, 0x58, 0xFF, 0xFF, 0xA4, 0x00, 0x00, 0x70, 0xFF, 0xFF, 0x8C, 0x00, 0x00, 0x00, 0x58, 0xFF,
  0xFF, 0xA4, 0x00, 0x00, 0x70, 0xFF, 0xFF, 0x8C, 0x00, 0x00, 0x00, 0x58, 0xFF, 0xFF, 0xA4, 0x00,
  0x00, 0x70, 0xFF, 0xFF, 0x8C, 0x00, 0x00, 0x00, 0x58, 0xFF, 0xFF, 0xA4, 0x00, 0x00, 0x49, 0xE0,
  0xE6, 0x60, 0x00, 0x00, 0x78, 0xFF, 0xFF, 0x97, 0x00, 0x00, 0x05, 0x4E, 0x54, 0x0A, 0x00, 0x00,
  0x00, 0x00, 0x00, 0x00, 0x00, 0x00, 0x70, 0xFF, 0xFF, 0x8C, 0x00, 0x00, 0x70, 0xFF, 0xFF, 0x8C,
  0x00, 0x00, 0x70, 0xFF, 0xFF, 0x8C, 0x00, 0x00, 0x70, 0xFF, 0xFF, 0x8C, 0x00, 0x00, 0x70, 0xFF,
  0xFF, 0x8C, 0x00, 0x00, 0x70, 0xFF, 0xFF, 0x8C, 0x00, 0x00, 0x70, 0xFF, 0xFF, 0x8C, 0x00, 0x00,
  0x70, 0xFF, 0xFF, 0x8C, 0x00, 0x00, 0x70, 0xFF, 0xFF, 0x8C, 0x00, 0x00, 0x70, 0xFF, 0xFF, 0x8C,
  0x00, 0x00, 0x70, 0xFF, 0xFF, 0x8C, 0x00, 0x00, 0x00, 0x00, 0x49, 0xE0, 0xE6, 0x60, 0x00, 0x00,
  0x00, 0x00, 0x78, 0xFF, 0xFF, 0x97, 0x00, 0x00, 0x00, 0x00, 0x05, 0x4E, 0x54, 0x0A, 0x00, 0x00,
  0x00, 0x00, 0x00, 0x00, 0x00, 0x00, 0x00, 0x00, 0x00, 0x00, 0x70, 0xFF, 0xFF, 0x8C, 0x00, 0x00,
  0x00, 0x00, 0x70, 0xFF, 0xFF, 0x8C, 0x00, 0x00, 0x00, 0x00, 0x70, 0xFF, 0xFF, 0x8C, 0x00, 0x00,
  0x00, 0x00, 0x70, 0xFF, 0xFF, 0x8C, 0x00, 0x00, 0x00, 0x00, 0x70, 0xFF, 0xFF, 0x8C, 0x00, 0x00,
  0x00, 0x00, 0x70, 0xFF, 0xFF, 0x8C, 0x00, 0x00, 0x00, 0x00, 0x70, 0xFF, 0xFF, 0x8C, 0x00, 0x00,
  0x00, 0x00, 0x70, 0xFF, 0xFF, 0x8C, 0x00, 0x00, 0x00, 0x00, 0x70, 0xFF, 0xFF, 0x8C, 0x00, 0x00,
  0x00, 0x00, 0x70, 0xFF, 0xFF, 0x8C, 0x00, 0x00, 0x00, 0x00, 0x70, 0xFF, 0xFF, 0x8C, 0x00, 0x00,
  0x00, 0x00, 0x70, 0xFF, 0xFF, 0x8C, 0x00, 0x00, 0x00, 0x00, 0x85, 0xFF, 0xFF, 0x85, 0x00, 0x24,
  0x68, 0x70, 0xED, 0xFF, 0xFF, 0x5E, 0x00, 0x48, 0xFF, 0xFF, 0xFF, 0xFF, 0xE1, 0x0C, 0x00, 0x3A,
  0xE8, 0xFB, 0xEB, 0xA9, 0x1F, 0x00, 0x00, 0x00, 0x70, 0xFF, 0xFF, 0x8C, 0x00, 0x00, 0x00, 0x00,
  0x00, 0x00, 0x00, 0x00, 0x00, 0x70, 0xFF, 0xFF, 0x8C, 0x00, 0x00, 0x00, 0x00, 0x00, 0x00, 0x00,
  0x00, 0x00, 0x70, 0xFF, 0xFF, 0x8C, 0x00, 0x00, 0x00, 0x00, 0x00, 0x00, 0x00, 0x00, 0x00, 0x70,
  0xFF, 0xFF, 0x8C, 0x00, 0x00, 0x00, 0x00, 0x00, 0x00, 0x00, 0x00, 0x00, 0x70, 0xFF, 0xFF, 0x8C,
  0x00, 0x00, 0x02, 0xAA, 0xFF, 0xFF, 0xAC, 0x02, 0x00, 0x70, 0xFF, 0xFF, 0x8C, 0x00, 0x00, 0x95,
  0xFF, 0xFF, 0xBF, 0x07, 0x00, 0x00, 0x70, 0xFF, 0xFF, 0x8B, 0x00, 0x80, 0xFF, 0xFF, 0xCF, 0x0E,
  0x00, 0x00, 0x00, 0x70, 0xFF, 0xFF, 0x80, 0x65, 0xFF, 0xFF, 0xDD, 0x18, 0x00, 0x00, 0x00, 0x00,
  0x70, 0xFF, 0xFF, 0xA3, 0xFB, 0xFF, 0xF3, 0x24, 0x00, 0x00, 0x00, 0x00, 0x00, 0x70, 0xFF, 0xFF,
  0xFF, 0xFF, 0xFF, 0xFF, 0x54, 0x00, 0x00, 0x00, 0x00, 0x00, 0x70, 0xFF, 0xFF, 0xFF, 0xD2, 0xFD,
  0xFF, 0xF0, 0x21, 0x00, 0x00, 0x00, 0x00, 0x70, 0xFF, 0xFF, 0xB9, 0x07, 0x86, 0xFF, 0xFF, 0xCA,
  0x05, 0x00, 0x00, 0x00, 0x70, 0xFF, 0xFF, 0x8C, 0x00, 0x05, 0xCC, 0xFF, 0xFF, 0x8D, 0x00, 0x00,
  0x00, 0x70, 0xFF, 0xFF, 0x8C, 0x00, 0x00, 0x27, 0xF5, 0xFF, 0xFE, 0x4C, 0x00, 0x00, 0x70, 0xFF,
  0xFF, 0x8C, 0x00, 0x00, 0x00, 0x67, 0xFF, 0xFF, 0xEC, 0x1C, 0x00, 0x70, 0xFF, 0xFF, 0x8C, 0x00,
  0x00, 0x70, 0xFF, 0xFF, 0x8C, 0x00, 0x00, 0x70, 0xFF, 0xFF, 0x8C, 0x00, 0x00, 0x70, 0xFF, 0xFF,
  0x8C, 0x00, 0x00, 0x70, 0xFF, 0xFF, 0x8C, 0x00, 0x00, 0x70, 0xFF, 0xFF, 0x8C, 0x00, 0x00, 0x70,
  0xFF, 0xFF, 0x8C, 0x00, 0x00, 0x70, 0xFF, 0xFF, 0x8C, 0x00, 0x00, 0x70, 0xFF, 0xFF, 0x8C, 0x00,
  0x00, 0x70, 0xFF, 0xFF, 0x8C, 0x00, 0x00, 0x70, 0xFF, 0xFF, 0x8C, 0x00, 0x00, 0x70, 0xFF, 0xFF,
  0x8C, 0x00, 0x00, 0x70, 0xFF, 0xFF, 0x8C, 0x00, 0x00, 0x70, 0xFF, 0xFF, 0x8C, 0x00, 0x00, 0x70,
  0xFF, 0xFF, 0x8C, 0x00, 0x00, 0x70, 0xFF, 0xEF, 0x00, 0x4C, 0xCC, 0xF7, 0xE2, 0x86, 0x05, 0x01,
  0x70, 0xDB, 0xF6, 0xD6, 0x78, 0x06, 0x00, 0x00, 0x00, 0x70, 0xFF, 0xFF, 0x67, 0xFE, 0xFF, 0xFF,
  0xFF, 0xFF, 0x98, 0x82, 0xFF, 0xFF, 0xFF, 0xFF, 0xFF, 0x92, 0x00, 0x00, 0x00, 0x70, 0xFF, 0xFF,
  0xFF, 0xCC, 0x74, 0xA7, 0xFF, 0xFF, 0xFF, 0xFF, 0xB1, 0x71, 0xC3, 0xFF, 0xFF, 0xF4, 0x03, 0x00,
  0x00, 0x70, 0xFF, 0xFF, 0xEF, 0x0D, 0x00, 0x00, 0xD7, 0xFF, 0xFF, 0xC0, 0x00, 0x00, 0x12, 0xFA,
  0xFF, 0xFF, 0x1C, 0x00, 0x00, 0x70, 0xFF, 0xFF, 0xAD, 0x00, 0x00, 0x00, 0xAB, 0xFF, 0xFF, 0x73,
  0x00, 0x00, 0x00, 0xDF, 0xFF, 0xFF, 0x24, 0x00, 0x00, 0x70, 0xFF, 0xFF, 0x94, 0x00, 0x00, 0x00,
  0xA4, 0xFF, 0xFF, 0x5C, 0x00, 0x00, 0x00, 0xD8, 0xFF, 0xFF, 0x24, 0x00, 0x00, 0x70, 0xFF, 0xFF,
  0x8C, 0x00, 0x00, 0x00, 0xA4, 0xFF, 0xFF, 0x58, 0x00, 0x00, 0x00, 0xD8, 0xFF, 0xFF, 0x24, 0x00,
  0x00, 0x70, 0xFF, 0xFF, 0x8C, 0x00, 0x00, 0x00, 0xA4, 0xFF, 0xFF, 0x58, 0x00, 0x00, 0x00, 0xD8,
  0xFF, 0xFF, 0x24, 0x00, 0x00, 0x70, 0xFF, 0xFF, 0x8C, 0x00, 0x00, 0x00, 0xA4, 0xFF, 0xFF, 0x58,
  0x00, 0x00, 0x00, 0xD8, 0xFF, 0xFF, 0x24, 0x00, 0x00, 0x70, 0xFF, 0xFF, 0x8C, 0x00, 0x00, 0x00,
  0xA4, 0xFF, 0xFF, 0x58, 0x00, 0x00, 0x00, 0xD8, 0xFF, 0xFF, 0x24, 0x00, 0x00, 0x70, 0xFF, 0xFF,
  0x8C, 0x00, 0x00, 0x00, 0xA4, 0xFF, 0xFF, 0x58, 0x00, 0x00, 0x00, 0xD8, 0xFF, 0xFF, 0x24, 0x00,
  0x00, 0x70, 0xFF, 0xF2, 0x04, 0x67, 0xCF, 0xF7, 0xE4, 0xA6, 0x21, 0x00, 0x00, 0x00, 0x70, 0xFF,
  0xFF, 0xB1, 0xFF, 0xFF, 0xFF, 0xFF, 0xFF, 0xEB, 0x16, 0x00, 0x00, 0x70, 0xFF, 0xFF, 0xFF, 0xD4,
  0x79, 0x87, 0xF8, 0xFF, 0xFF, 0x74, 0x00, 0x00, 0x70, 0xFF, 0xFF, 0xF2, 0x11, 0x00, 0x00, 0x8C,
  0xFF, 0xFF, 0x9B, 0x00, 0x00, 0x70, 0xFF, 0xFF, 0xAF, 0x00, 0x00, 0x00, 0x5E, 0xFF, 0xFF, 0xA4,
  0x00, 0x00, 0x70, 0xFF, 0xFF, 0x94, 0x00, 0x00, 0x00, 0x58, 0xFF, 0xFF, 0xA4, 0x00, 0x00, 0x70,
  0xFF, 0xFF, 0x8C, 0x00, 0x00, 0x00, 0x58, 0xFF, 0xFF, 0xA4, 0x00, 0x00, 0x70, 0xFF, 0xFF, 0x8C,
  0x00, 0x00, 0x00, 0x58, 0xFF, 0xFF, 0xA4, 0x00, 0x00, 0x70, 0xFF, 0xFF, 0x8C, 0x00, 0x00, 0x00,
  0x58, 0xFF, 0xFF, 0xA4, 0x00, 0x00, 0x70, 0xFF, 0xFF, 0x8C, 0x00, 0x00, 0x00, 0x58, 0xFF, 0xFF,
  0xA4, 0x00, 0x00, 0x70, 0xFF, 0xFF, 0x8C, 0x00, 0x00, 0x00, 0x58, 0xFF, 0xFF, 0xA4, 0x00, 0x00,
  0x00, 0x02, 0x65, 0xC5, 0xF1, 0xF6, 0xD7, 0x86, 0x10, 0x00, 0x00, 0x00, 0x03, 0xB1, 0xFF, 0xFF,
  0xFF, 0xFF, 0xFF, 0xFF, 0xE0, 0x1E, 0x00, 0x00, 0x6F, 0xFF, 0xFF, 0xF4, 0x88, 0x75, 0xCE, 0xFF,
  0xFF, 0xC0, 0x00, 0x00, 0xD3, 0xFF, 0xFF, 0x58, 0x00, 0x00, 0x0B, 0xED, 0xFF, 0xFF, 0x2C, 0x06,
  0xFE, 0xFF, 0xFF, 0x09, 0x00, 0x00, 0x00, 0xA9, 0xFF, 0xFF, 0x60, 0x12, 0xFF, 0xFF, 0xF6, 0x00,
  0x00, 0x00, 0x00, 0x96, 0xFF, 0xFF, 0x76, 0x02, 0xFB, 0xFF, 0xFF, 0x0A, 0x00, 0x00, 0x00, 0xAA,
  0xFF, 0xFF, 0x67, 0x00, 0xC8, 0xFF, 0xFF, 0x58, 0x00, 0x00, 0x0B, 0xED, 0xFF, 0xFF, 0x33, 0x00,
  0x5D, 0xFF, 0xFF, 0xF4, 0x87, 0x74, 0xCE, 0xFF, 0xFF, 0xCB, 0x00, 0x00, 0x00, 0x9B, 0xFF, 0xFF,
  0xFF, 0xFF, 0xFF, 0xFF, 0xE6, 0x27, 0x00, 0x00, 0x00, 0x00, 0x57, 0xBE, 0xED, 0xF8, 0xDB, 0x8F,
  0x17, 0x00, 0x00, 0x00, 0x70, 0xFF, 0xFF, 0x1D, 0x54, 0xD1, 0xF8, 0xE2, 0x84, 0x06, 0x00, 0x00,
  0x00, 0x70, 0xFF, 0xFF, 0xB3, 0xFF, 0xFF, 0xFF, 0xFF, 0xFF, 0xAA, 0x00, 0x00, 0x00, 0x70, 0xFF,
  0xFF, 0xFF, 0xBC, 0x71, 0xA1, 0xFF, 0xFF, 0xFF, 0x3E, 0x00, 0x00, 0x70, 0xFF, 0xFF, 0xDD, 0x02,
  0x00, 0x00, 0xAA, 0xFF, 0xFF, 0x8D, 0x00, 0x00, 0x70, 0xFF, 0xFF, 0x9F, 0x00, 0x00, 0x00, 0x60,
  0xFF, 0xFF, 0xB4, 0x00, 0x00, 0x70, 0xFF, 0xFF, 0x8F, 0x00, 0x00, 0x00, 0x4E, 0xFF, 0xFF, 0xC0,
  0x00, 0x00, 0x70, 0xFF, 0xFF, 0xA3, 0x00, 0x00, 0x00, 0x62, 0xFF, 0xFF, 0xB3, 0x00, 0x00, 0x70,
  0xFF, 0xFF, 0xE5, 0x06, 0x00, 0x00, 0xAE, 0xFF, 0xFF, 0x8A, 0x00, 0x00, 0x70, 0xFF, 0xFF, 0xFF,
  0xC4, 0x72, 0xA1, 0xFF, 0xFF, 0xFF, 0x37, 0x00, 0x00, 0x70, 0xFF, 0xFF, 0xDA, 0xFF, 0xFF, 0xFF,
  0xFF, 0xFF, 0x9C, 0x00, 0x00, 0x00, 0x70, 0xFF, 0xFF, 0x76, 0x67, 0xDC, 0xF9, 0xDF, 0x7A, 0x03,
  0x00, 0x00, 0x00, 0x70, 0xFF, 0xFF, 0x8A, 0x00, 0x00, 0x00, 0x00, 0x00, 0x00, 0x00, 0x00, 0x00,
  0x70, 0xFF, 0xFF, 0x8C, 0x00, 0x00, 0x00, 0x00, 0x00, 0x00, 0x00, 0x00, 0x00, 0x70, 0xFF, 0xFF,
  0x8C, 0x00, 0x00, 0x00, 0x00, 0x00, 0x00, 0x00, 0x00, 0x00, 0x70, 0xFF, 0xFF, 0x8C, 0x00, 0x00,
  0x00, 0x00, 0x00, 0x00, 0x00, 0x00, 0x00, 0x70, 0xFF, 0xFF, 0x8C, 0x00, 0x00, 0x00, 0x00, 0x00,
  0x00, 0x00, 0x00, 0x00, 0x00, 0x1E, 0xA8, 0xEF, 0xF3, 0xBE, 0x34, 0x82, 0xFF, 0xFF, 0x18, 0x00,
  0x00, 0x14, 0xE3, 0xFF, 0xFF, 0xFF, 0xFF, 0xF4, 0xD1, 0xFF, 0xFF, 0x18, 0x00, 0x00, 0x8F, 0xFF,
  0xFF, 0xF3, 0x84, 0x79, 0xD8, 0xFF, 0xFF, 0xFF, 0x18, 0x00, 0x00, 0xE0, 0xFF, 0xFF, 0x59, 0x00,
  0x00, 0x17, 0xFA, 0xFF, 0xFF, 0x18, 0x00, 0x09, 0xFF, 0xFF, 0xFF, 0x0A, 0x00, 0x00, 0x00, 0xC8,
  0xFF, 0xFF, 0x18, 0x00, 0x14, 0xFF, 0xFF, 0xF6, 0x00, 0x00, 0x00, 0x00, 0xB3, 0xFF, 0xFF, 0x18,
  0x00, 0x09, 0xFF, 0xFF, 0xFF, 0x09, 0x00, 0x00, 0x00, 0xC3, 0xFF, 0xFF, 0x18, 0x00, 0x00, 0xE2,
  0xFF, 0xFF, 0x57, 0x00, 0x00, 0x11, 0xF4, 0xFF, 0xFF, 0x18, 0x00, 0x00, 0x93, 0xFF, 0xFF, 0xF3,
  0x83, 0x75, 0xD1, 0xFF, 0xFF, 0xFF, 0x18, 0x00, 0x00, 0x17, 0xE7, 0xFF, 0xFF, 0xFF, 0xFF, 0xE8,
  0xDF, 0xFF, 0xFF, 0x18, 0x00, 0x00, 0x00, 0x22, 0xAE, 0xF2, 0xF2, 0xB7, 0x26, 0xD7, 0xFF, 0xFF,
  0x18, 0x00, 0x00, 0x00, 0x00, 0x00, 0x00, 0x00, 0x00, 0x00, 0xDF, 0xFF, 0xFF, 0x18, 0x00, 0x00,
  0x00, 0x00, 0x00, 0x00, 0x00, 0x00, 0x00, 0xE0, 0xFF, 0xFF, 0x18, 0x00, 0x00, 0x00, 0x00, 0x00,
  0x00, 0x00, 0x00, 0x00, 0xE0, 0xFF, 0xFF, 0x18, 0x00, 0x00, 0x00, 0x00, 0x00, 0x00, 0x00, 0x00,
  0x00, 0xE0, 0xFF, 0xFF, 0x18, 0x00, 0x00, 0x00, 0x00, 0x00, 0x00, 0x00, 0x00, 0x00, 0xE0, 0xFF,
  0xFF, 0x18, 0x00, 0x00, 0x70, 0xFF, 0xEE, 0x02, 0x4E, 0xCB, 0xF8, 0x9A, 0x00, 0x70, 0xFF, 0xFF,
  0x93, 0xFF, 0xFF, 0xFF, 0x86, 0x00, 0x70, 0xFF, 0xFF, 0xFF, 0xEF, 0x8E, 0x69, 0x36, 0x00, 0x70,
  0xFF, 0xFF, 0xF2, 0x23, 0x00, 0x00, 0x00, 0x00, 0x70, 0xFF, 0xFF, 0xA5, 0x00, 0x00, 0x00, 0x00,
  0x00, 0x70, 0xFF, 0xFF, 0x8C, 0x00, 0x00, 0x00, 0x00, 0x00, 0x70, 0xFF, 0xFF, 0x8C, 0x00, 0x00,
  0x00, 0x00, 0x00, 0x70, 0xFF, 0xFF, 0x8C, 0x00, 0x00, 0x00, 0x00, 0x00, 0x70, 0xFF, 0xFF, 0x8C,
  0x00, 0x00, 0x00, 0x00, 0x00, 0x70, 0xFF, 0xFF, 0x8C, 0x00, 0x00, 0x00, 0x00, 0x00, 0x70, 0xFF,
  0xFF, 0x8C, 0x00, 0x00, 0x00, 0x00, 0x00, 0x07, 0x71, 0xCB, 0xED, 0xF6, 0xDA, 0xAB, 0x4D, 0x00,
  0x00, 0xAF, 0xFF, 0xFF, 0xFF, 0xFF, 0xFF, 0xFF, 0xD3, 0x00, 0x0D, 0xFF, 0xFF, 0xFA, 0x7E, 0x70,
  0x96, 0xE0, 0x68, 0x00, 0x08, 0xFC, 0xFF, 0xF6, 0x2D, 0x00, 0x00, 0x00, 0x03, 0x00, 0x00, 0x9B,
  0xFF, 0xFF, 0xFD, 0xB5, 0x4D, 0x02, 0x00, 0x00, 0x00, 0x02, 0x70, 0xE9, 0xFF, 0xFF, 0xFF, 0xD1,
  0x2D, 0x00, 0x00, 0x00, 0x00, 0x07, 0x5C, 0xD2, 0xFF, 0xFF, 0xE2, 0x04, 0x04, 0x0F, 0x00, 0x00,
  0x00, 0x04, 0xDE, 0xFF, 0xFF, 0x26, 0x14, 0xFA, 0xB9, 0x88, 0x6B, 0x85, 0xFA, 0xFF, 0xFE, 0x15,
  0x14, 0xFF, 0xFF, 0xFF, 0xFF, 0xFF, 0xFF, 0xFF, 0xA1, 0x00, 0x06, 0x81, 0xCF, 0xF4, 0xFD, 0xF2,
  0xC8, 0x6E, 0x04, 0x00, 0x00, 0x00, 0x11, 0x80, 0x6E, 0x00, 0x00, 0x00, 0x00, 0x00, 0x00, 0x65,
  0xFF, 0xDC, 0x00, 0x00, 0x00, 0x00, 0x00, 0x00, 0xBC, 0xFF, 0xDC, 0x00, 0x00, 0x00, 0x00, 0x0F,
  0x9B, 0xFF, 0xFF, 0xFF, 0xFF, 0xFF, 0xEC, 0x00, 0x8A, 0xFF, 0xFF, 0xFF, 0xFF, 0xFF, 0xFF, 0xEC,
  0x00, 0x36, 0x77, 0xFF, 0xFF, 0xEA, 0x64, 0x64, 0x5C, 0x00, 0x00, 0x20, 0xFF, 0xFF, 0xDC, 0x00,
  0x00, 0x00, 0x00, 0x00, 0x20, 0xFF, 0xFF, 0xDC, 0x00, 0x00, 0x00, 0x00, 0x00, 0x20, 0xFF, 0xFF,
  0xDC, 0x00, 0x00, 0x00, 0x00, 0x00, 0x20, 0xFF, 0xFF, 0xDC, 0x00, 0x00, 0x00, 0x00, 0x00, 0x1C,
  0xFF, 0xFF, 0xE2, 0x00, 0x00, 0x00, 0x00, 0x00, 0x08, 0xFC, 0xFF, 0xFF, 0x8D, 0x65, 0x8B, 0x07,
  0x00, 0x00, 0xAE, 0xFF, 0xFF, 0xFF, 0xFF, 0xFF, 0x0C, 0x00, 0x00, 0x12, 0xA0, 0xEB, 0xF9, 0xE3,
  0xAC, 0x06, 0x00, 0x80, 0xFF, 0xFF, 0x7C, 0x00, 0x00, 0x00, 0x68, 0xFF, 0xFF, 0x94, 0x00, 0x00,
  0x80, 0xFF, 0xFF, 0x7C, 0x00, 0x00, 0x00, 0x68, 0xFF, 0xFF, 0x94, 0x00, 0x00, 0x80, 0xFF, 0xFF,
  0x7C, 0x00, 0x00, 0x00, 0x68, 0xFF, 0xFF, 0x94, 0x00, 0x00, 0x80, 0xFF, 0xFF, 0x7C, 0x00, 0x00,
  0x00, 0x68, 0xFF, 0xFF, 0x94, 0x00, 0x00, 0x80, 0xFF, 0xFF, 0x7C, 0x00, 0x00, 0x00, 0x68, 0xFF,
  0xFF, 0x94, 0x00, 0x00, 0x80, 0xFF, 0xFF, 0x7C, 0x00, 0x00, 0x00, 0x6E, 0xFF, 0xFF, 0x94, 0x00,
  0x00, 0x80, 0xFF, 0xFF, 0x7F, 0x00, 0x00, 0x00, 0x85, 0xFF, 0xFF, 0x94, 0x00, 0x00, 0x78, 0xFF,
  0xFF, 0xA1, 0x00, 0x00, 0x00, 0xC8, 0xFF, 0xFF, 0x94, 0x00, 0x00, 0x50, 0xFF, 0xFF, 0xF6, 0x5F,
  0x3C, 0x94, 0xFF, 0xFF, 0xFF, 0x94, 0x00, 0x00, 0x06, 0xD8, 0xFF, 0xFF, 0xFF, 0xFF, 0xFF, 0xD3,
  0xFF, 0xFF, 0x94, 0x00, 0x00, 0x00, 0x15, 0x96, 0xDF, 0xF9, 0xDF, 0x8E, 0x0E, 0xD8, 0xFF, 0x94,
  0x00, 0xD0, 0xFF, 0xFF, 0x4A, 0x00, 0x00, 0x00, 0x02, 0xE5, 0xFF, 0xFF, 0x2F, 0x6F, 0xFF, 0xFF,
  0xA0, 0x00, 0x00, 0x00, 0x3E, 0xFF, 0xFF, 0xCE, 0x00, 0x14, 0xFA, 0xFF, 0xEF, 0x06, 0x00, 0x00,
  0x94, 0xFF, 0xFF, 0x6D, 0x00, 0x00, 0xAE, 0xFF, 0xFF, 0x4B, 0x00, 0x02, 0xE7, 0xFF, 0xF9, 0x13,
  0x00, 0x00, 0x4D, 0xFF, 0xFF, 0xA0, 0x00, 0x40, 0xFF, 0xFF, 0xAC, 0x00, 0x00, 0x00, 0x04, 0xE8,
  0xFF, 0xEF, 0x06, 0x96, 0xFF, 0xFF, 0x4B, 0x00, 0x00, 0x00, 0x00, 0x8B, 0xFF, 0xFF, 0x46, 0xE6,
  0xFF, 0xE7, 0x03, 0x00, 0x00, 0x00, 0x00, 0x2A, 0xFF, 0xFF, 0xA5, 0xFF, 0xFF, 0x8A, 0x00, 0x00,
  0x00, 0x00, 0x00, 0x00, 0xCA, 0xFF, 0xEC, 0xFF, 0xFF, 0x2A, 0x00, 0x00, 0x00, 0x00, 0x00, 0x00,
  0x69, 0xFF, 0xFF, 0xFF, 0xC8, 0x00, 0x00, 0x00, 0x00, 0x00, 0x00, 0x00, 0x10, 0xF7, 0xFF, 0xFF,
  0x68, 0x00, 0x00, 0x00, 0x00, 0xA9, 0xFF, 0xFF, 0x48, 0x00, 0x00, 0x31, 0xFF, 0xFF, 0xFF, 0x56,
  0x00, 0x00, 0x22, 0xFF, 0xFF, 0xC6, 0x61, 0xFF, 0xFF, 0x8B, 0x00, 0x00, 0x72, 0xFF, 0xFF, 0xFF,
  0x95, 0x00, 0x00, 0x67, 0xFF, 0xFF, 0x7D, 0x19, 0xFF, 0xFF, 0xCD, 0x00, 0x00, 0xB3, 0xFF, 0xD6,
  0xFF, 0xD3, 0x00, 0x00, 0xAB, 0xFF, 0xFF, 0x34, 0x00, 0xD1, 0xFF, 0xFD, 0x12, 0x03, 0xF0, 0xFF,
  0x60, 0xFF, 0xFE, 0x12, 0x02, 0xEC, 0xFF, 0xEA, 0x01, 0x00, 0x89, 0xFF, 0xFF, 0x52, 0x35, 0xFF,
  0xF8, 0x08, 0xEB, 0xFF, 0x4F, 0x32, 0xFF, 0xFF, 0xA2, 0x00, 0x00, 0x41, 0xFF, 0xFF, 0x8C, 0x72,
  0xFF, 0xC3, 0x00, 0xAF, 0xFF, 0x8C, 0x71, 0xFF, 0xFF, 0x59, 0x00, 0x00, 0x05, 0xF2, 0xFF, 0xBB,
  0xA1, 0xFF, 0x88, 0x00, 0x72, 0xFF, 0xBC, 0xA5, 0xFF, 0xFD, 0x13, 0x00, 0x00, 0x00, 0xB1, 0xFF,
  0xE1, 0xCA, 0xFF, 0x4D, 0x00, 0x38, 0xFF, 0xE2, 0xCF, 0xFF, 0xC7, 0x00, 0x00, 0x00, 0x00, 0x69,
  0xFF, 0xFD, 0xF1, 0xFF, 0x13, 0x00, 0x07, 0xF9, 0xFB, 0xF4, 0xFF, 0x7E, 0x00, 0x00, 0x00, 0x00,
  0x20, 0xFF, 0xFF, 0xFF, 0xD7, 0x00, 0x00, 0x00, 0xC9, 0xFF, 0xFF, 0xFF, 0x35, 0x00, 0x00, 0x00,
  0x00, 0x00, 0xD8, 0xFF, 0xFF, 0x9D, 0x00, 0x00, 0x00, 0x90, 0xFF, 0xFF, 0xEA, 0x01, 0x00, 0x00,
  0x65, 0xFF, 0xFF, 0xE6, 0x0E, 0x00, 0x00, 0x62, 0xFF, 0xFF, 0xE6, 0x10, 0x00, 0xBC, 0xFF, 0xFF,
  0x8F, 0x00, 0x11, 0xEB, 0xFF, 0xFF, 0x4D, 0x00, 0x00, 0x21, 0xF4, 0xFF, 0xFB, 0x2D, 0x98, 0xFF,
  0xFF, 0xA3, 0x00, 0x00, 0x00, 0x00, 0x6E, 0xFF, 0xFF, 0xD6, 0xFD, 0xFF, 0xE7, 0x12, 0x00, 0x00,
  0x00, 0x00, 0x02, 0xC4, 0xFF, 0xFF, 0xFF, 0xFF, 0x50, 0x00, 0x00, 0x00, 0x00, 0x00, 0x00, 0x60,
  0xFF, 0xFF, 0xFF, 0xE4, 0x04, 0x00, 0x00, 0x00, 0x00, 0x00, 0x0E, 0xE3, 0xFF, 0xFF, 0xFF, 0xFF,
  0x7A, 0x00, 0x00, 0x00, 0x00, 0x00, 0x9A, 0xFF, 0xFF, 0xB1, 0xF3, 0xFF, 0xF8, 0x2A, 0x00, 0x00,
  0x00, 0x43, 0xFF, 0xFF, 0xED, 0x14, 0x73, 0xFF, 0xFF, 0xC9, 0x03, 0x00, 0x0C, 0xDF, 0xFF, 0xFF,
  0x66, 0x00, 0x04, 0xD2, 0xFF, 0xFF, 0x75, 0x00, 0x94, 0xFF, 0xFF, 0xC8, 0x01, 0x00, 0x00, 0x3B,
  0xFE, 0xFF, 0xF7, 0x27, 0xCE, 0xFF, 0xFF, 0x6D, 0x00, 0x00, 0x00, 0x07, 0xF2, 0xFF, 0xFF, 0x30,
  0x6A, 0xFF, 0xFF, 0xC0, 0x00, 0x00, 0x00, 0x4C, 0xFF, 0xFF, 0xD2, 0x00, 0x0F, 0xF6, 0xFF, 0xFD,
  0x16, 0x00, 0x00, 0x9E, 0xFF, 0xFF, 0x74, 0x00, 0x00, 0xA2, 0xFF, 0xFF, 0x66, 0x00, 0x04, 0xEC,
  0xFF, 0xFC, 0x19, 0x00, 0x00, 0x3E, 0xFF, 0xFF, 0xB9, 0x00, 0x43, 0xFF, 0xFF, 0xB8, 0x00, 0x00,
  0x00, 0x00, 0xD9, 0xFF, 0xFA, 0x11, 0x95, 0xFF, 0xFF, 0x5A, 0x00, 0x00, 0x00, 0x00, 0x76, 0xFF,
  0xFF, 0x5C, 0xE3, 0xFF, 0xF2, 0x09, 0x00, 0x00, 0x00, 0x00, 0x16, 0xFA, 0xFF, 0xB8, 0xFF, 0xFF,
  0x9E, 0x00, 0x00, 0x00, 0x00, 0x00, 0x00, 0xAE, 0xFF, 0xFA, 0xFF, 0xFF, 0x40, 0x00, 0x00, 0x00,
  0x00, 0x00, 0x00, 0x4A, 0xFF, 0xFF, 0xFF, 0xE0, 0x01, 0x00, 0x00, 0x00, 0x00, 0x00, 0x00, 0x02,
  0xE2, 0xFF, 0xFF, 0x84, 0x00, 0x00, 0x00, 0x00, 0x00, 0x00, 0x00, 0x00, 0xCC, 0xFF, 0xFF, 0x26,
  0x00, 0x00, 0x00, 0x00, 0x00, 0x00, 0x00, 0x42, 0xFF, 0xFF, 0xC4, 0x00, 0x00, 0x00, 0x00, 0x00,
  0x23, 0x61, 0x7D, 0xEF, 0xFF, 0xFF, 0x48, 0x00, 0x00, 0x00, 0x00, 0x00, 0x50, 0xFF, 0xFF, 0xFF,
  0xFF, 0x91, 0x00, 0x00, 0x00, 0x00, 0x00, 0x00, 0x46, 0xF5, 0xF4, 0xCA, 0x5E, 0x01, 0x00, 0x00,
  0x00, 0x00, 0x00, 0x00, 0x28, 0xFF, 0xFF, 0xFF, 0xFF, 0xFF, 0xFF, 0xFF, 0xFC, 0x00, 0x28, 0xFF,
  0xFF, 0xFF, 0xFF, 0xFF, 0xFF, 0xFF, 0xFC, 0x00, 0x0F, 0x64, 0x64, 0x64, 0x64, 0xC7, 0xFF, 0xFF,
  0xA1, 0x00, 0x00, 0x00, 0x00, 0x00, 0x3E, 0xFC, 0xFF, 0xD6, 0x0B, 0x00, 0x00, 0x00, 0x00, 0x14,
  0xE4, 0xFF, 0xF6, 0x2C, 0x00, 0x00, 0x00, 0x00, 0x01, 0xB7, 0xFF, 0xFF, 0x63, 0x00, 0x00, 0x00,
  0x00, 0x00, 0x77, 0xFF, 0xFF, 0xA4, 0x00, 0x00, 0x00, 0x00, 0x00, 0x39, 0xFB, 0xFF, 0xD8, 0x0C,
  0x00, 0x00, 0x00, 0x00, 0x12, 0xE1, 0xFF, 0xFF, 0x91, 0x64, 0x64, 0x64, 0x64, 0x0F, 0x71, 0xFF,
  0xFF, 0xFF, 0xFF, 0xFF, 0xFF, 0xFF, 0xFF, 0x28, 0x74, 0xFF, 0xFF, 0xFF, 0xFF, 0xFF, 0xFF, 0xFF,
  0xFF, 0x28, 0x00, 0x00, 0x00, 0x35, 0xB3, 0xE7, 0xF9, 0x13, 0x00, 0x00, 0x08, 0xED, 0xFF, 0xFF,
  0xFF, 0x14, 0x00, 0x00, 0x2D, 0xFF, 0xFF, 0xE2, 0x76, 0x07, 0x00, 0x00, 0x34, 0xFF, 0xFF, 0x6B,
  0x00, 0x00, 0x00, 0x00, 0x34, 0xFF, 0xFF, 0x60, 0x00, 0x00, 0x00, 0x00, 0x34, 0xFF, 0xFF, 0x60,
  0x00, 0x00, 0x00, 0x00, 0x5E, 0xFF, 0xFF, 0x5C, 0x00, 0x00, 0x4C, 0x8F, 0xF1, 0xFF, 0xFB, 0x27,
  0x00, 0x00, 0xB4, 0xFF, 0xFF, 0xB5, 0x3D, 0x00, 0x00, 0x00, 0xB4, 0xFF, 0xFF, 0xFB, 0x9F, 0x02,
  0x00, 0x00, 0x06, 0x2A, 0xBB, 0xFF, 0xFF, 0x4A, 0x00, 0x00, 0x00, 0x00, 0x41, 0xFF, 0xFF, 0x60,
  0x00, 0x00, 0x00, 0x00, 0x34, 0xFF, 0xFF, 0x60, 0x00, 0x00, 0x00, 0x00, 0x34, 0xFF, 0xFF, 0x61,
  0x00, 0x00, 0x00, 0x00, 0x33, 0xFF, 0xFF, 0xAA, 0x11, 0x00, 0x00, 0x00, 0x19, 0xFF, 0xFF, 0xFF,
  0xFF, 0x14, 0x00, 0x00, 0x00, 0x90, 0xFE, 0xFF, 0xFF, 0x14, 0x00, 0x00, 0x00, 0x00, 0x1D, 0x4D,
  0x5E, 0x07, 0x00, 0x00, 0x00, 0x00, 0x90, 0xFF, 0x94, 0x00, 0x00, 0x00, 0x00, 0x00, 0x00, 0x00,
  0x00, 0x90, 0xFF, 0x94, 0x00, 0x00, 0x00, 0x00, 0x00, 0x00, 0x00, 0x00, 0x90, 0xFF, 0x94, 0x00,
  0x00, 0x00, 0x00, 0x00, 0x00, 0x00, 0x00, 0x90, 0xFF, 0x94, 0x00, 0x00, 0x00, 0x00, 0x00, 0x00,
  0x00, 0x00, 0x90, 0xFF, 0x94, 0x00, 0x00, 0x00, 0x00, 0x00, 0x00, 0x00, 0x00, 0x90, 0xFF, 0x94,
  0x00, 0x00, 0x00, 0x00, 0x00, 0x00, 0x00, 0x00, 0x90, 0xFF, 0x94, 0x00, 0x00, 0x00, 0x00, 0x00,
  0x00, 0x00, 0x00, 0x90, 0xFF, 0x94, 0x00, 0x00, 0x00, 0x00, 0x00, 0x00, 0x00, 0x00, 0x90, 0xFF,
  0x94, 0x00, 0x00, 0x00, 0x00, 0x00, 0x00, 0x00, 0x00, 0x90, 0xFF, 0x94, 0x00, 0x00, 0x00, 0x00,
  0x00, 0x00, 0x00, 0x00, 0x90, 0xFF, 0x94, 0x00, 0x00, 0x00, 0x00, 0x00, 0x00, 0x00, 0x00, 0x90,
  0xFF, 0x94, 0x00, 0x00, 0x00, 0x00, 0x00, 0x00, 0x00, 0x00, 0x90, 0xFF, 0x94, 0x00, 0x00, 0x00,
  0x00, 0x00, 0x00, 0x00, 0x00, 0x90, 0xFF, 0x94, 0x00, 0x00, 0x00, 0x00, 0x00, 0x00, 0x00, 0x00,
  0x90, 0xFF, 0x94, 0x00, 0x00, 0x00, 0x00, 0x00, 0x00, 0x00, 0x00, 0x90, 0xFF, 0x94, 0x00, 0x00,
  0x00, 0x00, 0x00, 0x00, 0x00, 0x00, 0x90, 0xFF, 0x94, 0x00, 0x00, 0x00, 0x00, 0x00, 0x00, 0x00,
  0x00, 0x90, 0xFF, 0x94, 0x00, 0x00, 0x00, 0x00, 0x00, 0x00, 0x00, 0x00, 0x90, 0xFF, 0x94, 0x00,
  0x00, 0x00, 0x00, 0x00, 0x00, 0x00, 0x00, 0x90, 0xFF, 0x94, 0x00, 0x00, 0x00, 0x00, 0x33, 0xF7,
  0xE3, 0xA9, 0x26, 0x00, 0x00, 0x00, 0x34, 0xFF, 0xFF, 0xFF, 0xD6, 0x00, 0x00, 0x00, 0x14, 0x7E,
  0xEF, 0xFF, 0xFF, 0x0C, 0x00, 0x00, 0x00, 0x00, 0x8C, 0xFF, 0xFF, 0x14, 0x00, 0x00, 0x00, 0x00,
  0x80, 0xFF, 0xFF, 0x14, 0x00, 0x00, 0x00, 0x00, 0x80, 0xFF, 0xFF, 0x14, 0x00, 0x00, 0x00, 0x00,
  0x7C, 0xFF, 0xFF, 0x3E, 0x00, 0x00, 0x00, 0x00, 0x42, 0xFF, 0xFF, 0xE8, 0x87, 0x3D, 0x00, 0x00,
  0x00, 0x4B, 0xC1, 0xFF, 0xFF, 0x94, 0x00, 0x00, 0x0B, 0xB5, 0xFE, 0xFF, 0xFF, 0x94, 0x00, 0x00,
  0x6A, 0xFF, 0xFF, 0xA5, 0x22, 0x04, 0x00, 0x00, 0x80, 0xFF, 0xFF, 0x20, 0x00, 0x00, 0x00, 0x00,
  0x80, 0xFF, 0xFF, 0x14, 0x00, 0x00, 0x00, 0x00, 0x82, 0xFF, 0xFF, 0x14, 0x00, 0x00, 0x00, 0x18,
  0xC4, 0xFF, 0xFF, 0x12, 0x00, 0x00, 0x34, 0xFF, 0xFF, 0xFF, 0xF5, 0x02, 0x00, 0x00, 0x34, 0xFF,
  0xFF, 0xFB, 0x73, 0x00, 0x00, 0x00, 0x14, 0x5C, 0x49, 0x16, 0x00, 0x00, 0x00, 0x00, 0x00, 0x06,
  0x3E, 0x5C, 0x48, 0x10, 0x00, 0x00, 0x00, 0x00, 0x1F, 0x12, 0xD6, 0xFF, 0xFF, 0xFF, 0xFA, 0xB9,
  0x79, 0x6D, 0xBB, 0x90, 0x24, 0xFF, 0xFF, 0xFF, 0xFF, 0xFF, 0xFF, 0xFF, 0xFF, 0xFF, 0x90, 0x23,
  0x9B, 0x1F, 0x09, 0x36, 0x84, 0xCF, 0xF5, 0xED, 0xB1, 0x26, 0x00, 0x00, 0x00, 0x00, 0x00, 0x00,
  0x00, 0x00, 0x00, 0x00, 0x00, 0x00, 0x00, 0x00, 0x00, 0x00, 0x00, 0x00, 0x00, 0x00, 0x00, 0x00,
  0x00, 0x00, 0x00, 0x00, 0x00, 0x00, 0x00, 0x00, 0x00, 0x00, 0x00, 0x00, 0x00, 0x00, 0x00, 0x00,
  0x00, 0x00, 0x00, 0x00, 0x00, 0x00, 0x00, 0x00, 0x00, 0x00, 0x00, 0x00, 0x00, 0x00, 0x00, 0x00,
  0x00,
};

static const uint8_t NOTES_FONT_TITLE[] = {
  0x00, 0x00, 0x00, 0x5E, 0x00, 0x00, 0x00, 0x0B, 0x00, 0x00, 0x00, 0x0F, 0x00, 0x00, 0x00, 0x00,
  0x00, 0x00, 0x00, 0x11, 0x00, 0x00, 0x00, 0x05, 0x00, 0x00, 0x00, 0x21, 0x00, 0x00, 0x00, 0x0A,
  0x00, 0x00, 0x00, 0x04, 0x00, 0x00, 0x00, 0x04, 0x00, 0x00, 0x00, 0x0A, 0x00, 0x00, 0x00, 0x00,
  0x00, 0x00, 0x00, 0x00, 0x00, 0x00, 0x00, 0x22, 0x00, 0x00, 0x00, 0x0A, 0x00, 0x00, 0x00, 0x07,
  0x00, 0x00, 0x00, 0x07, 0x00, 0x00, 0x00, 0x0A, 0x00, 0x00, 0x00, 0x00, 0x00, 0x00, 0x00, 0x00,
  0x00, 0x00, 0x00, 0x23, 0x00, 0x00, 0x00, 0x0A, 0x00, 0x00, 0x00, 0x0A, 0x00, 0x00, 0x00, 0x0A,
  0x00, 0x00, 0x00, 0x0A, 0x00, 0x00, 0x00, 0x00, 0x00, 0x00, 0x00, 0x00, 0x00, 0x00, 0x00, 0x24,
  0x00, 0x00, 0x00, 0x0C, 0x00, 0x00, 0x00, 0x09, 0x00, 0x00, 0x00, 0x09, 0x00, 0x00, 0x00, 0x0B,
  0x00, 0x00, 0x00, 0x00, 0x00, 0x00, 0x00, 0x00, 0x00, 0x00, 0x00, 0x25, 0x00, 0x00, 0x00, 0x0A,
  0x00, 0x00, 0x00, 0x0E, 0x00, 0x00, 0x00, 0x0E, 0x00, 0x00, 0x00, 0x0A, 0x00, 0x00, 0x00, 0x00,
  0x00, 0x00, 0x00, 0x00, 0x00, 0x00, 0x00, 0x26, 0x00, 0x00, 0x00, 0x0A, 0x00, 0x00, 0x00, 0x0C,
  0x00, 0x00, 0x00, 0x0B, 0x00, 0x00, 0x00, 0x0A, 0x00, 0x00, 0x00, 0x00, 0x00, 0x00, 0x00, 0x00,
  0x00, 0x00, 0x00, 0x27, 0x00, 0x00, 0x00, 0x0A, 0x00, 0x00, 0x00, 0x04, 0x00, 0x00, 0x00, 0x04,
  0x00, 0x00, 0x00, 0x0A, 0x00, 0x00, 0x00, 0x00, 0x00, 0x00, 0x00, 0x00, 0x00, 0x00, 0x00, 0x28,
  0x00, 0x00, 0x00, 0x0C, 0x00, 0x00, 0x00, 0x05, 0x00, 0x00, 0x00, 0x05, 0x00, 0x00, 0x00, 0x0A,
  0x00, 0x00, 0x00, 0x00, 0x00, 0x00, 0x00, 0x00, 0x00, 0x00, 0x00, 0x29, 0x00, 0x00, 0x00, 0x0C,
  0x00, 0x00, 0x00, 0x05, 0x00, 0x00, 0x00, 0x05, 0x00, 0x00, 0x00, 0x0A, 0x00, 0x00, 0x00, 0x00,
  0x00, 0x00, 0x00, 0x00, 0x00, 0x00, 0x00, 0x2A, 0x00, 0x00, 0x00, 0x0B, 0x00, 0x00, 0x00, 0x08,
  0x00, 0x00, 0x00, 0x08, 0x00, 0x00, 0x00, 0x0B, 0x00, 0x00, 0x00, 0x00, 0x00, 0x00, 0x00, 0x00,
  0x00, 0x00, 0x00, 0x2B, 0x00, 0x00, 0x00, 0x09, 0x00, 0x00, 0x00, 0x09, 0x00, 0x00, 0x00, 0x09,
  0x00, 0x00, 0x00, 0x09, 0x00, 0x00, 0x00, 0x00, 0x00, 0x00, 0x00, 0x00, 0x00, 0x00, 0x00, 0x2C,
  0x00, 0x00, 0x00, 0x04, 0x00, 0x00, 0x00, 0x04, 0x00, 0x00, 0x00, 0x04, 0x00, 0x00, 0x00, 0x02,
  0x00, 0x00, 0x00, 0x00, 0x00, 0x00, 0x00, 0x00, 0x00, 0x00, 0x00, 0x2D, 0x00, 0x00, 0x00, 0x05,
  0x00, 0x00, 0x00, 0x05, 0x00, 0x00, 0x00, 0x05, 0x00, 0x00, 0x00, 0x05, 0x00, 0x00, 0x00, 0x00,
  0x00, 0x00, 0x00, 0x00, 0x00, 0x00, 0x00, 0x2E, 0x00, 0x00, 0x00, 0x03, 0x00, 0x00, 0x00, 0x04,
  0x00, 0x00, 0x00, 0x04, 0x00, 0x00, 0x00, 0x03, 0x00, 0x00, 0x00, 0x00, 0x00, 0x00, 0x00, 0x00,
  0x00, 0x00, 0x00, 0x2F, 0x00, 0x00, 0x00, 0x0A, 0x00, 0x00, 0x00, 0x07, 0x00, 0x00, 0x00, 0x06,
  0x00, 0x00, 0x00, 0x0A, 0x00, 0x00, 0x00, 0x00, 0x00, 0x00, 0x00, 0x00, 0x00, 0x00, 0x00, 0x30,
  0x00, 0x00, 0x00, 0x0A, 0x00, 0x00, 0x00, 0x09, 0x00, 0x00, 0x00, 0x09, 0x00, 0x00, 0x00, 0x0A,
  0x00, 0x00, 0x00, 0x00, 0x00, 0x00, 0x00, 0x00, 0x00, 0x00, 0x00, 0x31, 0x00, 0x00, 0x00, 0x0A,
  0x00, 0x00, 0x00, 0x09, 0x00, 0x00, 0x00, 0x09, 0x00, 0x00, 0x00, 0x0A, 0x00, 0x00, 0x00, 0x00,
  0x00, 0x00, 0x00, 0x00, 0x00, 0x00, 0x00, 0x32, 0x00, 0x00, 0x00, 0x0A, 0x00, 0x00, 0x00, 0x09,
  0x00, 0x00, 0x00, 0x09, 0x00, 0x00, 0x00, 0x0A, 0x00, 0x00, 0x00, 0x00, 0x00, 0x00, 0x00, 0x00,
  0x00, 0x00, 0x00, 0x33, 0x00, 0x00, 0x00, 0x0A, 0x00, 0x00, 0x00, 0x09, 0x00, 0x00, 0x00, 0x09,
  0x00, 0x00, 0x00, 0x0A, 0x00, 0x00, 0x00, 0x00, 0x00, 0x00, 0x00, 0x00, 0x00, 0x00, 0x00, 0x34,
  0x00, 0x00, 0x00, 0x0A, 0x00, 0x00, 0x00, 0x09, 0x00, 0x00, 0x00, 0x09, 0x00, 0x00, 0x00, 0x0A,
  0x00, 0x00, 0x00, 0x00, 0x00, 0x00, 0x00, 0x00, 0x00, 0x00, 0x00, 0x35, 0x00, 0x00, 0x00, 0x0A,
  0x00, 0x00, 0x00, 0x09, 0x00, 0x00, 0x00, 0x09, 0x00, 0x00, 0x00, 0x0A, 0x00, 0x00, 0x00, 0x00,
  0x00, 0x00, 0x00, 0x00, 0x00, 0x00, 0x00, 0x36, 0x00, 0x00, 0x00, 0x0A, 0x00, 0x00, 0x00, 0x09,
  0x00, 0x00, 0x00, 0x09, 0x00, 0x00, 0x00, 0x0A, 0x00, 0x00, 0x00, 0x00, 0x00, 0x00, 0x00, 0x00,
  0x00, 0x00, 0x00, 0x37, 0x00, 0x00, 0x00, 0x0A, 0x00, 0x00, 0x00, 0x09, 0x00, 0x00, 0x00, 0x09,
  0x00, 0x00, 0x00, 0x0A, 0x00, 0x00, 0x00, 0x00, 0x00, 0x00, 0x00, 0x00, 0x00, 0x00, 0x00, 0x38,
  0x00, 0x00, 0x00, 0x0A, 0x00, 0x00, 0x00, 0x09, 0x00, 0x00, 0x00, 0x09, 0x00, 0x00, 0x00, 0x0A,
  0x00, 0x00, 0x00, 0x00, 0x00, 0x00, 0x00, 0x00, 0x00, 0x00, 0x00, 0x39, 0x00, 0x00, 0x00, 0x0A,
  0x00, 0x00, 0x00, 0x09, 0x00, 0x00, 0x00, 0x09, 0x00, 0x00, 0x00, 0x0A, 0x00, 0x00, 0x00, 0x00,
  0x00, 0x00, 0x00, 0x00, 0x00, 0x00, 0x00, 0x3A, 0x00, 0x00, 0x00, 0x08, 0x00, 0x00, 0x00, 0x04,
  0x00, 0x00, 0x00, 0x04, 0x00, 0x00, 0x00, 0x08, 0x00, 0x00, 0x00, 0x00, 0x00, 0x00, 0x00, 0x00,
  0x00, 0x00, 0x00, 0x3B, 0x00, 0x00, 0x00, 0x0A, 0x00, 0x00, 0x00, 0x04, 0x00, 0x00, 0x00, 0x04,
  0x00, 0x00, 0x00, 0x08, 0x00, 0x00, 0x00, 0x00, 0x00, 0x00, 0x00, 0x00, 0x00, 0x00, 0x00, 0x3C,
  0x00, 0x00, 0x00, 0x0A, 0x00, 0x00, 0x00, 0x09, 0x00, 0x00, 0x00, 0x09, 0x00, 0x00, 0x00, 0x0A,
  0x00, 0x00, 0x00, 0x00, 0x00, 0x00, 0x00, 0x00, 0x00, 0x00, 0x00, 0x3D, 0x00, 0x00, 0x00, 0x08,
  0x00, 0x00, 0x00, 0x09, 0x00, 0x00, 0x00, 0x09, 0x00, 0x00, 0x00, 0x08, 0x00, 0x00, 0x00, 0x00,
  0x00, 0x00, 0x00, 0x00, 0x00, 0x00, 0x00, 0x3E, 0x00, 0x00, 0x00, 0x0A, 0x00, 0x00, 0x00, 0x09,
  0x00, 0x00, 0x00, 0x09, 0x00, 0x00, 0x00, 0x0A, 0x00, 0x00, 0x00, 0x00, 0x00, 0x00, 0x00, 0x00,
  0x00, 0x00, 0x00, 0x3F, 0x00, 0x00, 0x00, 0x0A, 0x00, 0x00, 0x00, 0x07, 0x00, 0x00, 0x00, 0x07,
  0x00, 0x00, 0x00, 0x0A, 0x00, 0x00, 0x00, 0x00, 0x00, 0x00, 0x00, 0x00, 0x00, 0x00, 0x00, 0x40,
  0x00, 0x00, 0x00, 0x0C, 0x00, 0x00, 0x00, 0x0D, 0x00, 0x00, 0x00, 0x0D, 0x00, 0x00, 0x00, 0x0A,
  0x00, 0x00, 0x00, 0x00, 0x00, 0x00, 0x00, 0x00, 0x00, 0x00, 0x00, 0x41, 0x00, 0x00, 0x00, 0x0A,
  0x00, 0x00, 0x00, 0x0B, 0x00, 0x00, 0x00, 0x0A, 0x00, 0x00, 0x00, 0x0A, 0x00, 0x00, 0x00, 0x00,
  0x00, 0x00, 0x00, 0x00, 0x00, 0x00, 0x00, 0x42, 0x00, 0x00, 0x00, 0x0A, 0x00, 0x00, 0x00, 0x0A,
  0x00, 0x00, 0x00, 0x0A, 0x00, 0x00, 0x00, 0x0A, 0x00, 0x00, 0x00, 0x00, 0x00, 0x00, 0x00, 0x00,
  0x00, 0x00, 0x00, 0x43, 0x00, 0x00, 0x00, 0x0A, 0x00, 0x00, 0x00, 0x0A, 0x00, 0x00, 0x00, 0x0A,
  0x00, 0x00, 0x00, 0x0A, 0x00, 0x00, 0x00, 0x00, 0x00, 0x00, 0x00, 0x00, 0x00, 0x00, 0x00, 0x44,
  0x00, 0x00, 0x00, 0x0A, 0x00, 0x00, 0x00, 0x0B, 0x00, 0x00, 0x00, 0x0B, 0x00, 0x00, 0x00, 0x0A,
  0x00, 0x00, 0x00, 0x00, 0x00, 0x00, 0x00, 0x00, 0x00, 0x00, 0x00, 0x45, 0x00, 0x00, 0x00, 0x0A,
  0x00, 0x00, 0x00, 0x08, 0x00, 0x00, 0x00, 0x08, 0x00, 0x00, 0x00, 0x0A, 0x00, 0x00, 0x00, 0x00,
  0x00, 0x00, 0x00, 0x00, 0x00, 0x00, 0x00, 0x46, 0x00, 0x00, 0x00, 0x0A, 0x00, 0x00, 0x00, 0x08,
  0x00, 0x00, 0x00, 0x08, 0x00, 0x00, 0x00, 0x0A, 0x00, 0x00, 0x00, 0x00, 0x00, 0x00, 0x00, 0x00,
  0x00, 0x00, 0x00, 0x47, 0x00, 0x00, 0x00, 0x0A, 0x00, 0x00, 0x00, 0x0B, 0x00, 0x00, 0x00, 0x0B,
  0x00, 0x00, 0x00, 0x0A, 0x00, 0x00, 0x00, 0x00, 0x00, 0x00, 0x00, 0x00, 0x00, 0x00, 0x00, 0x48,
  0x00, 0x00, 0x00, 0x0A, 0x00, 0x00, 0x00, 0x0B, 0x00, 0x00, 0x00, 0x0B, 0x00, 0x00, 0x00, 0x0A,
  0x00, 0x00, 0x00, 0x00, 0x00, 0x00, 0x00, 0x00, 0x00, 0x00, 0x00, 0x49, 0x00, 0x00, 0x00, 0x0A,
  0x00, 0x00, 0x00, 0x06, 0x00, 0x00, 0x00, 0x06, 0x00, 0x00, 0x00, 0x0A, 0x00, 0x00, 0x00, 0x00,
  0x00, 0x00, 0x00, 0x00, 0x00, 0x00, 0x00, 0x4A, 0x00, 0x00, 0x00, 0x0D, 0x00, 0x00, 0x00, 0x07,
  0x00, 0x00, 0x00, 0x05, 0x00, 0x00, 0x00, 0x0A, 0xFF, 0xFF, 0xFF, 0xFE, 0x00, 0x00, 0x00, 0x00,
  0x00, 0x00, 0x00, 0x4B, 0x00, 0x00, 0x00, 0x0A, 0x00, 0x00, 0x00, 0x0A, 0x00, 0x00, 0x00, 0x0A,
  0x00, 0x00, 0x00, 0x0A, 0x00, 0x00, 0x00, 0x00, 0x00, 0x00, 0x00, 0x00, 0x00, 0x00, 0x00, 0x4C,
  0x00, 0x00, 0x00, 0x0A, 0x00, 0x00, 0x00, 0x08, 0x00, 0x00, 0x00, 0x08, 0x00, 0x00, 0x00, 0x0A,
  0x00, 0x00, 0x00, 0x00, 0x00, 0x00, 0x00, 0x00, 0x00, 0x00, 0x00, 0x4D, 0x00, 0x00, 0x00, 0x0A,
  0x00, 0x00, 0x00, 0x0E, 0x00, 0x00, 0x00, 0x0E, 0x00, 0x00, 0x00, 0x0A, 0x00, 0x00, 0x00, 0x00,
  0x00, 0x00, 0x00, 0x00, 0x00, 0x00, 0x00, 0x4E, 0x00, 0x00, 0x00, 0x0A, 0x00, 0x00, 0x00, 0x0C,
  0x00, 0x00, 0x00, 0x0C, 0x00, 0x00, 0x00, 0x0A, 0x00, 0x00, 0x00, 0x00, 0x00, 0x00, 0x00, 0x00,
  0x00, 0x00, 0x00, 0x4F, 0x00, 0x00, 0x00, 0x0A, 0x00, 0x00, 0x00, 0x0C, 0x00, 0x00, 0x00, 0x0C,
  0x00, 0x00, 0x00, 0x0A, 0x00, 0x00, 0x00, 0x00, 0x00, 0x00, 0x00, 0x00, 0x00, 0x00, 0x00, 0x50,
  0x00, 0x00, 0x00, 0x0A, 0x00, 0x00, 0x00, 0x09, 0x00, 0x00, 0x00, 0x09, 0x00, 0x00, 0x00, 0x0A,
  0x00, 0x00, 0x00, 0x00, 0x00, 0x00, 0x00, 0x00, 0x00, 0x00, 0x00, 0x51, 0x00, 0x00, 0x00, 0x0D,
  0x00, 0x00, 0x00, 0x0C, 0x00, 0x00, 0x00, 0x0C, 0x00, 0x00, 0x00, 0x0A, 0x00, 0x00, 0x00, 0x00,
  0x00, 0x00, 0x00, 0x00, 0x00, 0x00, 0x00, 0x52, 0x00, 0x00, 0x00, 0x0A, 0x00, 0x00, 0x00, 0x0A,
  0x00, 0x00, 0x00, 0x0A, 0x00, 0x00, 0x00, 0x0A, 0x00, 0x00, 0x00, 0x00, 0x00, 0x00, 0x00, 0x00,
  0x00, 0x00, 0x00, 0x53, 0x00, 0x00, 0x00, 0x0A, 0x00, 0x00, 0x00, 0x08, 0x00, 0x00, 0x00, 0x08,
  0x00, 0x00, 0x00, 0x0A, 0x00, 0x00, 0x00, 0x00, 0x00, 0x00, 0x00, 0x00, 0x00, 0x00, 0x00, 0x54,
  0x00, 0x00, 0x00, 0x0A, 0x00, 0x00, 0x00, 0x09, 0x00, 0x00, 0x00, 0x09, 0x00, 0x00, 0x00, 0x0A,
  0x00, 0x00, 0x00, 0x00, 0x00, 0x00, 0x00, 0x00, 0x00, 0x00, 0x00, 0x55, 0x00, 0x00, 0x00, 0x0A,
  0x00, 0x00, 0x00, 0x0B, 0x00, 0x00, 0x00, 0x0B, 0x00, 0x00, 0x00, 0x0A, 0x00, 0x00, 0x00, 0x00,
  0x00, 0x00, 0x00, 0x00, 0x00, 0x00, 0x00, 0x56, 0x00, 0x00, 0x00, 0x0A, 0x00, 0x00, 0x00, 0x0A,
  0x00, 0x00, 0x00, 0x0A, 0x00, 0x00, 0x00, 0x0A, 0x00, 0x00, 0x00, 0x00, 0x00, 0x00, 0x00, 0x00,
  0x00, 0x00, 0x00, 0x57, 0x00, 0x00, 0x00, 0x0A, 0x00, 0x00, 0x00, 0x0F, 0x00, 0x00, 0x00, 0x0E,
  0x00, 0x00, 0x00, 0x0A, 0x00, 0x00, 0x00, 0x00, 0x00, 0x00, 0x00, 0x00, 0x00, 0x00, 0x00, 0x58,
  0x00, 0x00, 0x00, 0x0A, 0x00, 0x00, 0x00, 0x0A, 0x00, 0x00, 0x00, 0x0A, 0x00, 0x00, 0x00, 0x0A,
  0x00, 0x00, 0x00, 0x00, 0x00, 0x00, 0x00, 0x00, 0x00, 0x00, 0x00, 0x59, 0x00, 0x00, 0x00, 0x0A,
  0x00, 0x00, 0x00, 0x0A, 0x00, 0x00, 0x00, 0x09, 0x00, 0x00, 0x00, 0x0A, 0x00, 0x00, 0x00, 0x00,
  0x00, 0x00, 0x00, 0x00, 0x00, 0x00, 0x00, 0x5A, 0x00, 0x00, 0x00, 0x0A, 0x00, 0x00, 0x00, 0x09,
  0x00, 0x00, 0x00, 0x09, 0x00, 0x00, 0x00, 0x0A, 0x00, 0x00, 0x00, 0x00, 0x00, 0x00, 0x00, 0x00,
  0x00, 0x00, 0x00, 0x5B, 0x00, 0x00, 0x00, 0x0D, 0x00, 0x00, 0x00, 0x05, 0x00, 0x00, 0x00, 0x05,
  0x00, 0x00, 0x00, 0x0A, 0x00, 0x00, 0x00, 0x00, 0x00, 0x00, 0x00, 0x00, 0x00, 0x00, 0x00, 0x5C,
  0x00, 0x00, 0x00, 0x0A, 0x00, 0x00, 0x00, 0x07, 0x00, 0x00, 0x00, 0x06, 0x00, 0x00, 0x00, 0x0A,
  0x00, 0x00, 0x00, 0x00, 0x00, 0x00, 0x00, 0x00, 0x00, 0x00, 0x00, 0x5D, 0x00, 0x00, 0x00, 0x0D,
  0x00, 0x00, 0x00, 0x05, 0x00, 0x00, 0x00, 0x05, 0x00, 0x00, 0x00, 0x0A, 0x00, 0x00, 0x00, 0x00,
  0x00, 0x00, 0x00, 0x00, 0x00, 0x00, 0x00, 0x5E, 0x00, 0x00, 0x00, 0x0B, 0x00, 0x00, 0x00, 0x09,
  0x00, 0x00, 0x00, 0x09, 0x00, 0x00, 0x00, 0x0B, 0x00, 0x00, 0x00, 0x00, 0x00, 0x00, 0x00, 0x00,
  0x00, 0x00, 0x00, 0x5F, 0x00, 0x00, 0x00, 0x02, 0x00, 0x00, 0x00, 0x08, 0x00, 0x00, 0x00, 0x06,
  0x00, 0x00, 0x00, 0x00, 0xFF, 0xFF, 0xFF, 0xFF, 0x00, 0x00, 0x00, 0x00, 0x00, 0x00, 0x00, 0x60,
  0x00, 0x00, 0x00, 0x0C, 0x00, 0x00, 0x00, 0x05, 0x00, 0x00, 0x00, 0x05, 0x00, 0x00, 0x00, 0x0C,
  0x00, 0x00, 0x00, 0x00, 0x00, 0x00, 0x00, 0x00, 0x00, 0x00, 0x00, 0x61, 0x00, 0x00, 0x00, 0x08,
  0x00, 0x00, 0x00, 0x09, 0x00, 0x00, 0x00, 0x09, 0x00, 0x00, 0x00, 0x08, 0x00, 0x00, 0x00, 0x00,
  0x00, 0x00, 0x00, 0x00, 0x00, 0x00, 0x00, 0x62, 0x00, 0x00, 0x00, 0x0B, 0x00, 0x00, 0x00, 0x0A,
  0x00, 0x00, 0x00, 0x0A, 0x00, 0x00, 0x00, 0x0B, 0x00, 0x00, 0x00, 0x00, 0x00, 0x00, 0x00, 0x00,
  0x00, 0x00, 0x00, 0x63, 0x00, 0x00, 0x00, 0x08, 0x00, 0x00, 0x00, 0x08, 0x00, 0x00, 0x00, 0x08,
  0x00, 0x00, 0x00, 0x08, 0x00, 0x00, 0x00, 0x00, 0x00, 0x00, 0x00, 0x00, 0x00, 0x00, 0x00, 0x64,
  0x00, 0x00, 0x00, 0x0B, 0x00, 0x00, 0x00, 0x0A, 0x00, 0x00, 0x00, 0x0A, 0x00, 0x00, 0x00, 0x0B,
  0x00, 0x00, 0x00, 0x00, 0x00, 0x00, 0x00, 0x00, 0x00, 0x00, 0x00, 0x65, 0x00, 0x00, 0x00, 0x08,
  0x00, 0x00, 0x00, 0x09, 0x00, 0x00, 0x00, 0x09, 0x00, 0x00, 0x00, 0x08, 0x00, 0x00, 0x00, 0x00,
  0x00, 0x00, 0x00, 0x00, 0x00, 0x00, 0x00, 0x66, 0x00, 0x00, 0x00, 0x0B, 0x00, 0x00, 0x00, 0x07,
  0x00, 0x00, 0x00, 0x06, 0x00, 0x00, 0x00, 0x0B, 0x00, 0x00, 0x00, 0x00, 0x00, 0x00, 0x00, 0x00,
  0x00, 0x00, 0x00, 0x67, 0x00, 0x00, 0x00, 0x0B, 0x00, 0x00, 0x00, 0x0A, 0x00, 0x00, 0x00, 0x0A,
  0x00, 0x00, 0x00, 0x08, 0x00, 0x00, 0x00, 0x00, 0x00, 0x00, 0x00, 0x00, 0x00, 0x00, 0x00, 0x68,
  0x00, 0x00, 0x00, 0x0B, 0x00, 0x00, 0x00, 0x0A, 0x00, 0x00, 0x00, 0x0A, 0x00, 0x00, 0x00, 0x0B,
  0x00, 0x00, 0x00, 0x00, 0x00, 0x00, 0x00, 0x00, 0x00, 0x00, 0x00, 0x69, 0x00, 0x00, 0x00, 0x0B,
  0x00, 0x00, 0x00, 0x05, 0x00, 0x00, 0x00, 0x05, 0x00, 0x00, 0x00, 0x0B, 0x00, 0x00, 0x00, 0x00,
  0x00, 0x00, 0x00, 0x00, 0x00, 0x00, 0x00, 0x6A, 0x00, 0x00, 0x00, 0x0E, 0x00, 0x00, 0x00, 0x06,
  0x00, 0x00, 0x00, 0x05, 0x00, 0x00, 0x00, 0x0B, 0xFF, 0xFF, 0xFF, 0xFF, 0x00, 0x00, 0x00, 0x00,
  0x00, 0x00, 0x00, 0x6B, 0x00, 0x00, 0x00, 0x0B, 0x00, 0x00, 0x00, 0x0A, 0x00, 0x00, 0x00, 0x09,
  0x00, 0x00, 0x00, 0x0B, 0x00, 0x00, 0x00, 0x00, 0x00, 0x00, 0x00, 0x00, 0x00, 0x00, 0x00, 0x6C,
  0x00, 0x00, 0x00, 0x0B, 0x00, 0x00, 0x00, 0x05, 0x00, 0x00, 0x00, 0x05, 0x00, 0x00, 0x00, 0x0B,
  0x00, 0x00, 0x00, 0x00, 0x00, 0x00, 0x00, 0x00, 0x00, 0x00, 0x00, 0x6D, 0x00, 0x00, 0x00, 0x08,
  0x00, 0x00, 0x00, 0x0F, 0x00, 0x00, 0x00, 0x0F, 0x00, 0x00, 0x00, 0x08, 0x00, 0x00, 0x00, 0x00,
  0x00, 0x00, 0x00, 0x00, 0x00, 0x00, 0x00, 0x6E, 0x00, 0x00, 0x00, 0x08, 0x00, 0x00, 0x00, 0x0A,
  0x00, 0x00, 0x00, 0x0A, 0x00, 0x00, 0x00, 0x08, 0x00, 0x00, 0x00, 0x00, 0x00, 0x00, 0x00, 0x00,
  0x00, 0x00, 0x00, 0x6F, 0x00, 0x00, 0x00, 0x08, 0x00, 0x00, 0x00, 0x09, 0x00, 0x00, 0x00, 0x09,
  0x00, 0x00, 0x00, 0x08, 0x00, 0x00, 0x00, 0x00, 0x00, 0x00, 0x00, 0x00, 0x00, 0x00, 0x00, 0x70,
  0x00, 0x00, 0x00, 0x0B, 0x00, 0x00, 0x00, 0x0A, 0x00, 0x00, 0x00, 0x0A, 0x00, 0x00, 0x00, 0x08,
  0x00, 0x00, 0x00, 0x00, 0x00, 0x00, 0x00, 0x00, 0x00, 0x00, 0x00, 0x71, 0x00, 0x00, 0x00, 0x0B,
  0x00, 0x00, 0x00, 0x0A, 0x00, 0x00, 0x00, 0x0A, 0x00, 0x00, 0x00, 0x08, 0x00, 0x00, 0x00, 0x00,
  0x00, 0x00, 0x00, 0x00, 0x00, 0x00, 0x00, 0x72, 0x00, 0x00, 0x00, 0x08, 0x00, 0x00, 0x00, 0x07,
  0x00, 0x00, 0x00, 0x07, 0x00, 0x00, 0x00, 0x08, 0x00, 0x00, 0x00, 0x00, 0x00, 0x00, 0x00, 0x00,
  0x00, 0x00, 0x00, 0x73, 0x00, 0x00, 0x00, 0x08, 0x00, 0x00, 0x00, 0x07, 0x00, 0x00, 0x00, 0x07,
  0x00, 0x00, 0x00, 0x08, 0x00, 0x00, 0x00, 0x00, 0x00, 0x00, 0x00, 0x00, 0x00, 0x00, 0x00, 0x74,
  0x00, 0x00, 0x00, 0x0A, 0x00, 0x00, 0x00, 0x07, 0x00, 0x00, 0x00, 0x07, 0x00, 0x00, 0x00, 0x0A,
  0x00, 0x00, 0x00, 0x00, 0x00, 0x00, 0x00, 0x00, 0x00, 0x00, 0x00, 0x75, 0x00, 0x00, 0x00, 0x08,
  0x00, 0x00, 0x00, 0x0A, 0x00, 0x00, 0x00, 0x0A, 0x00, 0x00, 0x00, 0x08, 0x00, 0x00, 0x00, 0x00,
  0x00, 0x00, 0x00, 0x00, 0x00, 0x00, 0x00, 0x76, 0x00, 0x00, 0x00, 0x08, 0x00, 0x00, 0x00, 0x09,
  0x00, 0x00, 0x00, 0x09, 0x00, 0x00, 0x00, 0x08, 0x00, 0x00, 0x00, 0x00, 0x00, 0x00, 0x00, 0x00,
  0x00, 0x00, 0x00, 0x77, 0x00, 0x00, 0x00, 0x08, 0x00, 0x00, 0x00, 0x0D, 0x00, 0x00, 0x00, 0x0D,
  0x00, 0x00, 0x00, 0x08, 0x00, 0x00, 0x00, 0x00, 0x00, 0x00, 0x00, 0x00, 0x00, 0x00, 0x00, 0x78,
  0x00, 0x00, 0x00, 0x08, 0x00, 0x00, 0x00, 0x09, 0x00, 0x00, 0x00, 0x09, 0x00, 0x00, 0x00, 0x08,
  0x00, 0x00, 0x00, 0x00, 0x00, 0x00, 0x00, 0x00, 0x00, 0x00, 0x00, 0x79, 0x00, 0x00, 0x00, 0x0B,
  0x00, 0x00, 0x00, 0x09, 0x00, 0x00, 0x00, 0x09, 0x00, 0x00, 0x00, 0x08, 0x00, 0x00, 0x00, 0x00,
  0x00, 0x00, 0x00, 0x00, 0x00, 0x00, 0x00, 0x7A, 0x00, 0x00, 0x00, 0x08, 0x00, 0x00, 0x00, 0x07,
  0x00, 0x00, 0x00, 0x07, 0x00, 0x00, 0x00, 0x08, 0x00, 0x00, 0x00, 0x00, 0x00, 0x00, 0x00, 0x00,
  0x00, 0x00, 0x00, 0x7B, 0x00, 0x00, 0x00, 0x0D, 0x00, 0x00, 0x00, 0x06, 0x00, 0x00, 0x00, 0x06,
  0x00, 0x00, 0x00, 0x0A, 0x00, 0x00, 0x00, 0x00, 0x00, 0x00, 0x00, 0x00, 0x00, 0x00, 0x00, 0x7C,
  0x00, 0x00, 0x00, 0x0E, 0x00, 0x00, 0x00, 0x08, 0x00, 0x00, 0x00, 0x08, 0x00, 0x00, 0x00, 0x0B,
  0x00, 0x00, 0x00, 0x00, 0x00, 0x00, 0x00, 0x00, 0x00, 0x00, 0x00, 0x7D, 0x00, 0x00, 0x00, 0x0D,
  0x00, 0x00, 0x00, 0x06, 0x00, 0x00, 0x00, 0x06, 0x00, 0x00, 0x00, 0x0A, 0x00, 0x00, 0x00, 0x00,
  0x00, 0x00, 0x00, 0x00, 0x00, 0x00, 0x00, 0x7E, 0x00, 0x00, 0x00, 0x07, 0x00, 0x00, 0x00, 0x09,
  0x00, 0x00, 0x00, 0x09, 0x00, 0x00, 0x00, 0x07, 0x00, 0x00, 0x00, 0x00, 0x00, 0x00, 0x00, 0x00,
  0x16, 0xFF, 0xFF, 0x64, 0x08, 0xFF, 0xFF, 0x57, 0x00, 0xF9, 0xFF, 0x49, 0x00, 0xEC, 0xFF, 0x3B,
  0x00, 0xDF, 0xFF, 0x2E, 0x00, 0xD1, 0xFF, 0x20, 0x00, 0xC3, 0xFF, 0x12, 0x00, 0x06, 0x10, 0x00,
  0x0F, 0xEE, 0xFC, 0x48, 0x09, 0xCC, 0xE5, 0x37, 0x01, 0xFC, 0xF9, 0x00, 0xE7, 0xFF, 0x11, 0x00,
  0xEB, 0xE6, 0x00, 0xD4, 0xFD, 0x01, 0x00, 0xD7, 0xD3, 0x00, 0xC1, 0xEB, 0x00, 0x00, 0xC2, 0xC1,
  0x00, 0xAE, 0xD9, 0x00, 0x00, 0x00, 0x00, 0x00, 0x00, 0x00, 0x00, 0x00, 0x00, 0x00, 0x00, 0x00,
  0x00, 0x00, 0x00, 0x00, 0x00, 0x00, 0x00, 0x00, 0x00, 0x00, 0x00, 0x00, 0x00, 0x00, 0x00, 0x00,
  0x00, 0x00, 0x00, 0x00, 0x00, 0x00, 0x00, 0x00, 0x00, 0x00, 0x00, 0x00, 0x00, 0x00, 0x00, 0x00,
  0x00, 0x95, 0xF9, 0x09, 0x88, 0xFC, 0x0E, 0x00, 0x00, 0x00, 0x00, 0xD6, 0xC4, 0x00, 0xC8, 0xCC,
  0x00, 0x00, 0x1A, 0xBC, 0xBC, 0xFF, 0xE5, 0xBC, 0xFB, 0xE7, 0xBC, 0x43, 0x24, 0xFF, 0xFF, 0xFF,
  0xFF, 0xFF, 0xFF, 0xFF, 0xFF, 0x5C, 0x00, 0x00, 0x6F, 0xFF, 0x27, 0x67, 0xFF, 0x2C, 0x00, 0x00,
  0x7E, 0xBC, 0xE5, 0xFE, 0xBC, 0xE3, 0xFF, 0xBC, 0xA1, 0x00, 0xAC, 0xFF, 0xFF, 0xFF, 0xFF, 0xFF,
  0xFF, 0xFF, 0xDC, 0x00, 0x00, 0x09, 0xFD, 0x90, 0x08, 0xFC, 0x97, 0x00, 0x00, 0x00, 0x00, 0x34,
  0xFF, 0x61, 0x35, 0xFF, 0x67, 0x00, 0x00, 0x00, 0x00, 0x61, 0xFF, 0x33, 0x64, 0xFF, 0x37, 0x00,
  0x00, 0x00, 0x00, 0x00, 0x00, 0x34, 0xCC, 0x00, 0x00, 0x00, 0x00, 0x00, 0x1A, 0x8F, 0xD5, 0xF8,
  0xCC, 0xA4, 0x45, 0x00, 0x10, 0xE1, 0xFF, 0xFF, 0xFD, 0xFF, 0xFF, 0x8B, 0x00, 0x4D, 0xFF, 0xF2,
  0x4C, 0xCC, 0x0C, 0x49, 0x1C, 0x00, 0x38, 0xFF, 0xFF, 0xA3, 0xCC, 0x00, 0x00, 0x00, 0x00, 0x00,
  0x8D, 0xFF, 0xFF, 0xFA, 0xA3, 0x30, 0x00, 0x00, 0x00, 0x00, 0x34, 0xB0, 0xFF, 0xFF, 0xFD, 0x62,
  0x00, 0x00, 0x00, 0x00, 0x34, 0xD7, 0xA6, 0xFF, 0xE9, 0x00, 0x42, 0x7F, 0x32, 0x3F, 0xCF, 0x7A,
  0xFF, 0xE6, 0x00, 0x58, 0xFF, 0xFF, 0xFF, 0xFF, 0xFF, 0xFF, 0x71, 0x00, 0x0E, 0x65, 0x9E, 0xC2,
  0xF0, 0x92, 0x3E, 0x00, 0x00, 0x00, 0x00, 0x00, 0x34, 0xCC, 0x00, 0x00, 0x00, 0x00, 0x00, 0x89,
  0xEA, 0xE8, 0x7F, 0x00, 0x00, 0x00, 0x79, 0xFF, 0x4B, 0x00, 0x00, 0x00, 0x43, 0xFF, 0xEA, 0xEA,
  0xFF, 0x40, 0x00, 0x1B, 0xF4, 0xB3, 0x00, 0x00, 0x00, 0x00, 0x79, 0xFF, 0x60, 0x5D, 0xFF, 0x7B,
  0x00, 0xA9, 0xF8, 0x23, 0x00, 0x00, 0x00, 0x00, 0x78, 0xFF, 0x60, 0x5D, 0xFF, 0x7B, 0x40, 0xFF,
  0x89, 0x80, 0xAE, 0x7A, 0x04, 0x00, 0x3B, 0xFF, 0xEA, 0xEA, 0xFF, 0x45, 0xD3, 0xE1, 0x9D, 0xFF,
  0xFF, 0xFF, 0x8A, 0x00, 0x00, 0x7D, 0xE9, 0xE9, 0x83, 0x71, 0xFF, 0x53, 0xE8, 0xF2, 0x20, 0xF0,
  0xE8, 0x00, 0x00, 0x00, 0x00, 0x00, 0x17, 0xF0, 0xBB, 0x02, 0xFE, 0xD3, 0x00, 0xD0, 0xFF, 0x04,
  0x00, 0x00, 0x00, 0x00, 0xA1, 0xFA, 0x28, 0x00, 0xEF, 0xE7, 0x02, 0xE5, 0xF3, 0x00, 0x00, 0x00,
  0x00, 0x39, 0xFE, 0x8B, 0x00, 0x00, 0xAA, 0xFF, 0xD9, 0xFF, 0xB0, 0x00, 0x00, 0x00, 0x02, 0xCD,
  0xE6, 0x0D, 0x00, 0x00, 0x1C, 0xBF, 0xF3, 0xC2, 0x1F, 0x00, 0x00, 0x03, 0x81, 0xD5, 0xF5, 0xE0,
  0xA1, 0x12, 0x00, 0x00, 0x00, 0x00, 0x00, 0x5F, 0xFF, 0xF9, 0xC9, 0xF2, 0xFF, 0x90, 0x00, 0x00,
  0x00, 0x00, 0x00, 0x59, 0xFF, 0xB0, 0x00, 0x95, 0xFF, 0x7C, 0x00, 0x00, 0x00, 0x00, 0x00, 0x06,
  0xC6, 0xFF, 0xD9, 0xFF, 0xA5, 0x07, 0x00, 0x00, 0x00, 0x00, 0x00, 0x4E, 0xF2, 0xFF, 0xFF, 0xCE,
  0x08, 0x00, 0xAC, 0xFF, 0xA3, 0x00, 0x1A, 0xF7, 0xFF, 0xB8, 0xDE, 0xFF, 0xB9, 0x1A, 0xF5, 0xFF,
  0x4C, 0x00, 0x59, 0xFF, 0xFD, 0x13, 0x1E, 0xDE, 0xFF, 0xEA, 0xFF, 0xCF, 0x02, 0x00, 0x55, 0xFF,
  0xFF, 0x30, 0x00, 0x20, 0xEF, 0xFF, 0xFF, 0x42, 0x00, 0x00, 0x0C, 0xE1, 0xFF, 0xF7, 0xC5, 0xE2,
  0xFF, 0xFF, 0xFF, 0xB3, 0x06, 0x00, 0x00, 0x1B, 0x9A, 0xDF, 0xF8, 0xDF, 0xA6, 0x52, 0xE2, 0xFF,
  0xB6, 0x07, 0x01, 0xFC, 0xF9, 0x00, 0x00, 0xEB, 0xE6, 0x00, 0x00, 0xD7, 0xD3, 0x00, 0x00, 0xC2,
  0xC1, 0x00, 0x00, 0x00, 0x00, 0x00, 0x00, 0x00, 0x00, 0x00, 0x00, 0x00, 0x00, 0x00, 0x00, 0x00,
  0x00, 0x00, 0x00, 0x00, 0x00, 0x00, 0x00, 0x00, 0x00, 0x00, 0x00, 0x00, 0x90, 0xFF, 0x4E, 0x00,
  0x3F, 0xFF, 0xB0, 0x00, 0x00, 0xB9, 0xFF, 0x3C, 0x00, 0x0F, 0xFC, 0xE9, 0x00, 0x00, 0x44, 0xFF,
  0xB0, 0x00, 0x00, 0x5D, 0xFF, 0x97, 0x00, 0x00, 0x5F, 0xFF, 0x95, 0x00, 0x00, 0x48, 0xFF, 0xAE,
  0x00, 0x00, 0x13, 0xFE, 0xE6, 0x00, 0x00, 0x00, 0xC0, 0xFF, 0x37, 0x00, 0x00, 0x44, 0xFF, 0xAB,
  0x00, 0x00, 0x00, 0x92, 0xFF, 0x4A, 0x3A, 0xFD, 0xA6, 0x00, 0x00, 0x00, 0x9B, 0xFF, 0x55, 0x00,
  0x00, 0x29, 0xFF, 0xCE, 0x00, 0x00, 0x00, 0xD6, 0xFF, 0x1F, 0x00, 0x00, 0x9C, 0xFF, 0x58, 0x00,
  0x00, 0x84, 0xFF, 0x70, 0x00, 0x00, 0x82, 0xFF, 0x72, 0x00, 0x00, 0x9A, 0xFF, 0x5B, 0x00, 0x00,
  0xD3, 0xFF, 0x24, 0x00, 0x24, 0xFE, 0xD3, 0x00, 0x00, 0x95, 0xFF, 0x59, 0x00, 0x35, 0xFC, 0xA9,
  0x00, 0x00, 0x00, 0x00, 0x00, 0xD2, 0xF9, 0x02, 0x00, 0x00, 0x08, 0x03, 0x00, 0xB4, 0xDC, 0x00,
  0x00, 0x0B, 0x5B, 0xEF, 0xAC, 0xCC, 0xDF, 0xA0, 0xE4, 0x8D, 0x4E, 0xB0, 0xCA, 0xFF, 0xFF, 0xD6,
  0xB6, 0x6E, 0x00, 0x00, 0x9C, 0xF8, 0xEC, 0xC1, 0x04, 0x00, 0x00, 0x5F, 0xFF, 0x9A, 0x74, 0xFF,
  0x8A, 0x00, 0x00, 0x0B, 0x74, 0x26, 0x09, 0x88, 0x19, 0x00, 0x00, 0x00, 0x00, 0x00, 0x00, 0x00,
  0x00, 0x00, 0x00, 0x00, 0x00, 0x00, 0x00, 0x00, 0x00, 0x00, 0x00, 0x00, 0x00, 0x00, 0x00, 0x00,
  0x00, 0x00, 0x00, 0x00, 0x00, 0x00, 0x00, 0x00, 0x00, 0x00, 0x00, 0x00, 0x00, 0x84, 0xFF, 0x14,
  0x00, 0x00, 0x00, 0x00, 0x00, 0x00, 0x84, 0xFF, 0x14, 0x00, 0x00, 0x00, 0x00, 0x00, 0x00, 0x84,
  0xFF, 0x14, 0x00, 0x00, 0x00, 0x5C, 0xFF, 0xFF, 0xFF, 0xFF, 0xFF, 0xFF, 0xEC, 0x00, 0x43, 0xBC,
  0xBC, 0xDF, 0xFF, 0xC1, 0xBC, 0xAD, 0x00, 0x00, 0x00, 0x00, 0x84, 0xFF, 0x14, 0x00, 0x00, 0x00,
  0x00, 0x00, 0x00, 0x84, 0xFF, 0x14, 0x00, 0x00, 0x00, 0x00, 0x00, 0x00, 0x00, 0x00, 0x00, 0x00,
  0x00, 0x00, 0x00, 0x00, 0x00, 0x00, 0x00, 0x00, 0x00, 0x00, 0x00, 0x00, 0xE2, 0xFF, 0x3F, 0x0D,
  0xFF, 0xF1, 0x05, 0x3D, 0xFF, 0xA2, 0x00, 0x6F, 0xFF, 0x40, 0x00, 0x66, 0xBC, 0xBC, 0xBC, 0x46,
  0x8C, 0xFF, 0xFF, 0xFF, 0x60, 0x00, 0x00, 0x00, 0x00, 0x00, 0x00, 0x00, 0x00, 0x00, 0x00, 0x00,
  0x00, 0x00, 0x00, 0x00, 0x00, 0x06, 0x10, 0x00, 0x0F, 0xEE, 0xFC, 0x48, 0x09, 0xCC, 0xE5, 0x37,
  0x00, 0x00, 0x00, 0x1E, 0xFD, 0xE7, 0x04, 0x00, 0x00, 0x00, 0x82, 0xFF, 0x86, 0x00, 0x00, 0x00,
  0x03, 0xE4, 0xFE, 0x21, 0x00, 0x00, 0x00, 0x4E, 0xFF, 0xB9, 0x00, 0x00, 0x00, 0x00, 0xB4, 0xFF,
  0x52, 0x00, 0x00, 0x00, 0x1C, 0xFC, 0xE7, 0x04, 0x00, 0x00, 0x00, 0x80, 0xFF, 0x86, 0x00, 0x00,
  0x00, 0x02, 0xE2, 0xFE, 0x21, 0x00, 0x00, 0x00, 0x4C, 0xFF, 0xB9, 0x00, 0x00, 0x00, 0x00, 0xB1,
  0xFF, 0x53, 0x00, 0x00, 0x00, 0x00, 0x00, 0x0B, 0x96, 0xE7, 0xF8, 0xCE, 0x49, 0x00, 0x00, 0x00,
  0xAD, 0xFF, 0xF1, 0xD2, 0xFF, 0xFA, 0x34, 0x00, 0x20, 0xFF, 0xFF, 0x33, 0x00, 0xA7, 0xFF, 0xA9,
  0x00, 0x56, 0xFF, 0xE8, 0x00, 0x00, 0x57, 0xFF, 0xE7, 0x00, 0x6C, 0xFF, 0xD3, 0x00, 0x00, 0x40,
  0xFF, 0xFE, 0x02, 0x6E, 0xFF, 0xD2, 0x00, 0x00, 0x40, 0xFF, 0xFD, 0x01, 0x54, 0xFF, 0xE8, 0x00,
  0x00, 0x57, 0xFF, 0xE8, 0x00, 0x1A, 0xFE, 0xFF, 0x32, 0x00, 0xA6, 0xFF, 0xAF, 0x00, 0x00, 0xA3,
  0xFF, 0xF1, 0xD1, 0xFF, 0xFD, 0x3F, 0x00, 0x00, 0x0A, 0x94, 0xE9, 0xF7, 0xD0, 0x52, 0x00, 0x00,
  0x00, 0x00, 0x00, 0x60, 0xF5, 0xFF, 0x30, 0x00, 0x00, 0x00, 0x0A, 0xA0, 0xFF, 0xFF, 0xFF, 0x30,
  0x00, 0x00, 0x02, 0xCC, 0xFF, 0xB2, 0xFF, 0xFF, 0x30, 0x00, 0x00, 0x00, 0x56, 0x7B, 0x0E, 0xFF,
  0xFF, 0x30, 0x00, 0x00, 0x00, 0x00, 0x00, 0x10, 0xFF, 0xFF, 0x30, 0x00, 0x00, 0x00, 0x00, 0x00,
  0x10, 0xFF, 0xFF, 0x30, 0x00, 0x00, 0x00, 0x00, 0x00, 0x10, 0xFF, 0xFF, 0x30, 0x00, 0x00, 0x00,
  0x00, 0x00, 0x10, 0xFF, 0xFF, 0x30, 0x00, 0x00, 0x00, 0x00, 0x00, 0x10, 0xFF, 0xFF, 0x30, 0x00,
  0x00, 0x00, 0x00, 0x00, 0x10, 0xFF, 0xFF, 0x30, 0x00, 0x00, 0x00, 0x3A, 0xAE, 0xED, 0xFA, 0xD9,
  0x6F, 0x00, 0x00, 0x2B, 0xFC, 0xFF, 0xDB, 0xCA, 0xFF, 0xFF, 0x6B, 0x00, 0x00, 0x66, 0x52, 0x00,
  0x00, 0x96, 0xFF, 0xBD, 0x00, 0x00, 0x00, 0x00, 0x00, 0x00, 0x9F, 0xFF, 0xA8, 0x00, 0x00, 0x00,
  0x00, 0x00, 0x37, 0xF8, 0xFE, 0x3E, 0x00, 0x00, 0x00, 0x00, 0x33, 0xEE, 0xFF, 0x75, 0x00, 0x00,
  0x00, 0x00, 0x3A, 0xF0, 0xFE, 0x70, 0x00, 0x00, 0x00, 0x00, 0x45, 0xF5, 0xF7, 0x54, 0x00, 0x00,
  0x00, 0x00, 0x3C, 0xF8, 0xFF, 0xE2, 0xBC, 0xBC, 0xBC, 0xBC, 0x0E, 0x68, 0xFF, 0xFF, 0xFF, 0xFF,
  0xFF, 0xFF, 0xFF, 0x14, 0x0A, 0x6F, 0xCE, 0xF5, 0xF4, 0xD3, 0x72, 0x01, 0x00, 0x1E, 0xEE, 0xF8,
  0xCF, 0xD1, 0xFF, 0xFF, 0x6D, 0x00, 0x00, 0x30, 0x11, 0x00, 0x00, 0xAA, 0xFF, 0x9D, 0x00, 0x00,
  0x00, 0x00, 0x05, 0x2C, 0xD8, 0xFE, 0x4A, 0x00, 0x00, 0x00, 0xC8, 0xFF, 0xFF, 0xDA, 0x44, 0x00,
  0x00, 0x00, 0x00, 0x92, 0xC0, 0xE0, 0xFF, 0xEA, 0x49, 0x00, 0x00, 0x00, 0x00, 0x00, 0x00, 0x93,
  0xFF, 0xDF, 0x00, 0x1D, 0x0F, 0x00, 0x00, 0x00, 0x9B, 0xFF, 0xE9, 0x00, 0x70, 0xFA, 0xD3, 0xC1,
  0xDF, 0xFF, 0xFF, 0x7D, 0x00, 0x38, 0xB6, 0xE6, 0xFA, 0xF1, 0xC6, 0x63, 0x00, 0x00, 0x00, 0x00,
  0x00, 0x00, 0x6A, 0xFF, 0xFF, 0x08, 0x00, 0x00, 0x00, 0x00, 0x2D, 0xF7, 0xFF, 0xFF, 0x08, 0x00,
  0x00, 0x00, 0x0A, 0xD5, 0xC6, 0xFF, 0xFF, 0x08, 0x00, 0x00, 0x00, 0x9B, 0xF4, 0x47, 0xFF, 0xFF,
  0x08, 0x00, 0x00, 0x56, 0xFF, 0x6B, 0x2B, 0xFF, 0xFF, 0x08, 0x00, 0x20, 0xF0, 0xC0, 0x01, 0x2C,
  0xFF, 0xFF, 0x08, 0x00, 0xAE, 0xFF, 0xD2, 0xBC, 0xC7, 0xFF, 0xFF, 0xBE, 0x3D, 0xC0, 0xFF, 0xFF,
  0xFF, 0xFF, 0xFF, 0xFF, 0xFF, 0x54, 0x00, 0x00, 0x00, 0x00, 0x2C, 0xFF, 0xFF, 0x08, 0x00, 0x00,
  0x00, 0x00, 0x00, 0x2C, 0xFF, 0xFF, 0x08, 0x00, 0x00, 0xB3, 0xFF, 0xFF, 0xFF, 0xFF, 0xFF, 0x28,
  0x00, 0x00, 0xC9, 0xFF, 0xD1, 0xBC, 0xBC, 0xBC, 0x1D, 0x00, 0x00, 0xDF, 0xFF, 0x3D, 0x00, 0x00,
  0x00, 0x00, 0x00, 0x00, 0xF5, 0xFF, 0xB4, 0xB6, 0x98, 0x34, 0x00, 0x00, 0x06, 0xF6, 0xFF, 0xFF,
  0xFF, 0xFF, 0xFC, 0x45, 0x00, 0x00, 0x1A, 0x20, 0x07, 0x2C, 0xD0, 0xFF, 0xBF, 0x00, 0x00, 0x00,
  0x00, 0x00, 0x00, 0x70, 0xFF, 0xDD, 0x00, 0x19, 0x24, 0x00, 0x00, 0x02, 0xAE, 0xFF, 0xBA, 0x00,
  0x44, 0xFF, 0xE0, 0xC4, 0xE3, 0xFF, 0xFC, 0x43, 0x00, 0x21, 0xB2, 0xE7, 0xFB, 0xF0, 0xBA, 0x42,
  0x00, 0x00, 0x00, 0x00, 0x23, 0x99, 0xDE, 0xF8, 0xFD, 0x4E, 0x00, 0x00, 0x35, 0xF2, 0xFF, 0xEC,
  0xC7, 0xC2, 0x46, 0x00, 0x00, 0xD4, 0xFF, 0x74, 0x03, 0x00, 0x00, 0x00, 0x00, 0x2D, 0xFF, 0xD9,
  0x4A, 0xAB, 0xA7, 0x5D, 0x00, 0x00, 0x60, 0xFF, 0xE3, 0xFE, 0xFF, 0xFF, 0xFF, 0x7C, 0x00, 0x72,
  0xFF, 0xFB, 0x52, 0x0C, 0x81, 0xFF, 0xED, 0x00, 0x65, 0xFF, 0xD7, 0x00, 0x00, 0x25, 0xFF, 0xFF,
  0x09, 0x2E, 0xFF, 0xFA, 0x2C, 0x00, 0x5C, 0xFF, 0xE7, 0x00, 0x00, 0xAD, 0xFF, 0xF1, 0xC7, 0xFB,
  0xFF, 0x76, 0x00, 0x00, 0x07, 0x86, 0xE1, 0xF7, 0xD5, 0x6D, 0x02, 0x00, 0x98, 0xFF, 0xFF, 0xFF,
  0xFF, 0xFF, 0xFF, 0xFF, 0x14, 0x6F, 0xBC, 0xBC, 0xBC, 0xBC, 0xD5, 0xFF, 0xEF, 0x07, 0x00, 0x00,
  0x00, 0x00, 0x00, 0xB0, 0xFF, 0x84, 0x00, 0x00, 0x00, 0x00, 0x00, 0x2C, 0xFE, 0xF7, 0x16, 0x00,
  0x00, 0x00, 0x00, 0x00, 0xA8, 0xFF, 0x96, 0x00, 0x00, 0x00, 0x00, 0x00, 0x27, 0xFD, 0xFC, 0x23,
  0x00, 0x00, 0x00, 0x00, 0x00, 0xA1, 0xFF, 0xA8, 0x00, 0x00, 0x00, 0x00, 0x00, 0x21, 0xFB, 0xFF,
  0x32, 0x00, 0x00, 0x00, 0x00, 0x00, 0x9A, 0xFF, 0xBA, 0x00, 0x00, 0x00, 0x00, 0x00, 0x1C, 0xF9,
  0xFF, 0x43, 0x00, 0x00, 0x00, 0x00, 0x00, 0x25, 0xAB, 0xEC, 0xFA, 0xD9, 0x78, 0x02, 0x00, 0x04,
  0xE3, 0xFF, 0xEE, 0xD0, 0xFD, 0xFF, 0x77, 0x00, 0x19, 0xFF, 0xFF, 0x13, 0x00, 0x84, 0xFF, 0xA8,
  0x00, 0x01, 0xD0, 0xFF, 0x7B, 0x25, 0xCA, 0xFF, 0x5B, 0x00, 0x00, 0x15, 0xCB, 0xFF, 0xFF, 0xF9,
  0x5F, 0x00, 0x00, 0x00, 0x78, 0xFA, 0xEF, 0xCD, 0xFF, 0xC8, 0x19, 0x00, 0x40, 0xFF, 0xDA, 0x14,
  0x00, 0x79, 0xFF, 0xCD, 0x00, 0x6A, 0xFF, 0xC2, 0x01, 0x00, 0x33, 0xFF, 0xFD, 0x03, 0x2B, 0xF9,
  0xFF, 0xDD, 0xC3, 0xF5, 0xFF, 0xB1, 0x00, 0x00, 0x41, 0xBB, 0xEA, 0xFA, 0xDE, 0x8C, 0x0B, 0x00,
  0x00, 0x2D, 0xB2, 0xE9, 0xF4, 0xC0, 0x3F, 0x00, 0x00, 0x19, 0xEC, 0xFF, 0xE0, 0xD2, 0xFE, 0xFC,
  0x3E, 0x00, 0x66, 0xFF, 0xD2, 0x03, 0x00, 0x7D, 0xFF, 0xBF, 0x00, 0x73, 0xFF, 0xCB, 0x01, 0x00,
  0x64, 0xFF, 0xF7, 0x00, 0x31, 0xFD, 0xFF, 0xDA, 0xCD, 0xF1, 0xFF, 0xFF, 0x05, 0x00, 0x57, 0xD5,
  0xF8, 0xD7, 0x59, 0xFF, 0xF1, 0x00, 0x00, 0x00, 0x00, 0x00, 0x00, 0x65, 0xFF, 0xBB, 0x00, 0x00,
  0x00, 0x00, 0x00, 0x33, 0xE7, 0xFF, 0x63, 0x00, 0x00, 0xA1, 0xC0, 0xD6, 0xFF, 0xFF, 0xB7, 0x03,
  0x00, 0x00, 0xBC, 0xFF, 0xF2, 0xC9, 0x6D, 0x03, 0x00, 0x00, 0x09, 0xCC, 0xE4, 0x37, 0x0E, 0xEE,
  0xFD, 0x47, 0x00, 0x06, 0x10, 0x00, 0x00, 0x00, 0x00, 0x00, 0x00, 0x00, 0x00, 0x00, 0x00, 0x06,
  0x10, 0x00, 0x0F, 0xEE, 0xFC, 0x48, 0x09, 0xCC, 0xE5, 0x37, 0x09, 0xCC, 0xE4, 0x37, 0x0E, 0xEE,
  0xFD, 0x47, 0x00, 0x06, 0x10, 0x00, 0x00, 0x00, 0x00, 0x00, 0x00, 0x00, 0x00, 0x00, 0x00, 0x00,
  0x00, 0x00, 0x00, 0xE2, 0xFF, 0x3F, 0x0D, 0xFF, 0xF1, 0x05, 0x3D, 0xFF, 0xA2, 0x00, 0x6F, 0xFF,
  0x40, 0x00, 0x00, 0x00, 0x00, 0x00, 0x00, 0x00, 0x00, 0x24, 0x00, 0x00, 0x00, 0x00, 0x00, 0x00,
  0x2D, 0xAA, 0xEA, 0x00, 0x00, 0x00, 0x00, 0x2D, 0xAB, 0xFE, 0xF5, 0x8B, 0x00, 0x00, 0x2E, 0xAC,
  0xFE, 0xEC, 0x80, 0x13, 0x00, 0x00, 0x4D, 0xFE, 0xFF, 0x82, 0x0A, 0x00, 0x00, 0x00, 0x00, 0x24,
  0xB1, 0xFD, 0xF8, 0xA3, 0x3A, 0x00, 0x00, 0x00, 0x00, 0x00, 0x23, 0x92, 0xF3, 0xFF, 0xD1, 0x64,
  0x00, 0x00, 0x00, 0x00, 0x00, 0x0F, 0x73, 0xE0, 0xEC, 0x00, 0x00, 0x00, 0x00, 0x00, 0x00, 0x00,
  0x03, 0x4A, 0x00, 0x00, 0x00, 0x00, 0x00, 0x00, 0x00, 0x00, 0x00, 0x00, 0x43, 0xBC, 0xBC, 0xBC,
  0xBC, 0xBC, 0xBC, 0xAD, 0x00, 0x5C, 0xFF, 0xFF, 0xFF, 0xFF, 0xFF, 0xFF, 0xEC, 0x00, 0x00, 0x00,
  0x00, 0x00, 0x00, 0x00, 0x00, 0x00, 0x00, 0x43, 0xBC, 0xBC, 0xBC, 0xBC, 0xBC, 0xBC, 0xAD, 0x00,
  0x5C, 0xFF, 0xFF, 0xFF, 0xFF, 0xFF, 0xFF, 0xEC, 0x00, 0x00, 0x00, 0x00, 0x00, 0x00, 0x00, 0x00,
  0x00, 0x00, 0x00, 0x00, 0x00, 0x00, 0x00, 0x00, 0x00, 0x00, 0x00, 0x00, 0x00, 0x00, 0x00, 0x00,
  0x00, 0x00, 0x00, 0x00, 0x1A, 0x09, 0x00, 0x00, 0x00, 0x00, 0x00, 0x00, 0x00, 0x5C, 0xE8, 0x72,
  0x0A, 0x00, 0x00, 0x00, 0x00, 0x00, 0x2A, 0xC6, 0xFF, 0xE8, 0x73, 0x0A, 0x00, 0x00, 0x00, 0x00,
  0x00, 0x3D, 0xB4, 0xFE, 0xE9, 0x74, 0x0B, 0x00, 0x00, 0x00, 0x00, 0x00, 0x2C, 0xCF, 0xFF, 0xDB,
  0x00, 0x00, 0x00, 0x0D, 0x68, 0xD1, 0xFF, 0xE8, 0x79, 0x00, 0x1C, 0x96, 0xF2, 0xFF, 0xD1, 0x61,
  0x07, 0x00, 0x00, 0x5C, 0xFE, 0xB3, 0x42, 0x00, 0x00, 0x00, 0x00, 0x00, 0x28, 0x25, 0x00, 0x00,
  0x00, 0x00, 0x00, 0x00, 0x00, 0x00, 0x00, 0x00, 0x00, 0x00, 0x00, 0x00, 0x00, 0x00, 0x46, 0xAD,
  0xDD, 0xF7, 0xDF, 0x84, 0x05, 0xA2, 0xFE, 0xDA, 0xC4, 0xF7, 0xFF, 0x84, 0x17, 0x22, 0x00, 0x00,
  0x64, 0xFF, 0xBD, 0x00, 0x00, 0x00, 0x0F, 0xC0, 0xFF, 0x7A, 0x00, 0x00, 0x2E, 0xE0, 0xFF, 0x92,
  0x03, 0x00, 0x00, 0xD2, 0xFF, 0x58, 0x00, 0x00, 0x00, 0x00, 0xA9, 0xA9, 0x00, 0x00, 0x00, 0x00,
  0x00, 0x08, 0x0D, 0x00, 0x00, 0x00, 0x00, 0x1C, 0xF4, 0xFB, 0x36, 0x00, 0x00, 0x00, 0x14, 0xD5,
  0xE1, 0x28, 0x00, 0x00, 0x00, 0x00, 0x00, 0x0E, 0x79, 0xCA, 0xF0, 0xF6, 0xDA, 0x8F, 0x1D, 0x00,
  0x00, 0x00, 0x00, 0x35, 0xE6, 0xFF, 0xF2, 0xCF, 0xC4, 0xE8, 0xFF, 0xF1, 0x42, 0x00, 0x00, 0x1D,
  0xEC, 0xF3, 0x80, 0xB1, 0xEF, 0xF2, 0xD1, 0xB5, 0xED, 0xEE, 0x11, 0x00, 0xA0, 0xFD, 0x48, 0xD5,
  0xFF, 0xD8, 0xC5, 0xFF, 0xA4, 0x4B, 0xFF, 0x71, 0x07, 0xF5, 0xB3, 0x4F, 0xFF, 0x9B, 0x00, 0x10,
  0xFF, 0x98, 0x01, 0xF6, 0xA0, 0x2D, 0xFF, 0x74, 0x74, 0xFF, 0x40, 0x00, 0x28, 0xFF, 0x8D, 0x00,
  0xF6, 0xA6, 0x38, 0xFF, 0x66, 0x5C, 0xFF, 0x80, 0x0A, 0x8F, 0xFF, 0xA1, 0x49, 0xFF, 0x78, 0x1E,
  0xFF, 0x8D, 0x0E, 0xEA, 0xFF, 0xFF, 0xFD, 0xC9, 0xFF, 0xFF, 0xEE, 0x17, 0x00, 0xD8, 0xED, 0x19,
  0x22, 0x96, 0xB1, 0x50, 0x11, 0x9D, 0xA8, 0x2F, 0x00, 0x00, 0x57, 0xFF, 0xE6, 0x67, 0x24, 0x07,
  0x14, 0x31, 0x6C, 0x12, 0x00, 0x00, 0x00, 0x00, 0x6B, 0xF7, 0xFF, 0xFF, 0xFF, 0xFF, 0xFF, 0xFF,
  0x1E, 0x00, 0x00, 0x00, 0x00, 0x00, 0x1B, 0x70, 0xA1, 0xB5, 0xA3, 0x7D, 0x29, 0x00, 0x00, 0x00,
  0x00, 0x00, 0x00, 0x69, 0xFF, 0xFF, 0xBF, 0x00, 0x00, 0x00, 0x00, 0x00, 0x00, 0x00, 0xC9, 0xFF,
  0xF5, 0xFE, 0x22, 0x00, 0x00, 0x00, 0x00, 0x00, 0x2A, 0xFF, 0xE8, 0x92, 0xFF, 0x81, 0x00, 0x00,
  0x00, 0x00, 0x00, 0x8B, 0xFF, 0x9B, 0x3C, 0xFF, 0xE0, 0x01, 0x00, 0x00, 0x00, 0x04, 0xE7, 0xFF,
  0x48, 0x02, 0xE7, 0xFF, 0x43, 0x00, 0x00, 0x00, 0x4D, 0xFF, 0xEF, 0x05, 0x00, 0x96, 0xFF, 0xA3,
  0x00, 0x00, 0x00, 0xAD, 0xFF, 0xFF, 0xFF, 0xFF, 0xFF, 0xFF, 0xF6, 0x0E, 0x00, 0x14, 0xF9, 0xFF,
  0xDC, 0xD4, 0xD4, 0xD4, 0xF9, 0xFF, 0x65, 0x00, 0x6F, 0xFF, 0xF1, 0x08, 0x00, 0x00, 0x00, 0xA3,
  0xFF, 0xC6, 0x00, 0xD0, 0xFF, 0x9E, 0x00, 0x00, 0x00, 0x00, 0x46, 0xFF, 0xFF, 0x27, 0x00, 0xA8,
  0xFF, 0xFF, 0xFF, 0xF6, 0xD9, 0x95, 0x17, 0x00, 0x00, 0xA8, 0xFF, 0xE5, 0xBC, 0xCD, 0xFD, 0xFF,
  0xC4, 0x00, 0x00, 0xA8, 0xFF, 0x9C, 0x00, 0x00, 0x70, 0xFF, 0xFB, 0x00, 0x00, 0xA8, 0xFF, 0x9C,
  0x00, 0x0E, 0x9C, 0xFF, 0xD0, 0x00, 0x00, 0xA8, 0xFF, 0xFF, 0xFF, 0xFF, 0xFF, 0xD1, 0x2B, 0x00,
  0x00, 0xA8, 0xFF, 0xE5, 0xBC, 0xC7, 0xF9, 0xFF, 0x9F, 0x01, 0x00, 0xA8, 0xFF, 0x9C, 0x00, 0x00,
  0x3A, 0xFF, 0xFF, 0x33, 0x00, 0xA8, 0xFF, 0x9C, 0x00, 0x00, 0x3E, 0xFF, 0xFF, 0x3B, 0x00, 0xA8,
  0xFF, 0xE5, 0xBC, 0xC6, 0xF9, 0xFF, 0xDA, 0x06, 0x00, 0xA8, 0xFF, 0xFF, 0xFF, 0xF9, 0xDD, 0x93,
  0x18, 0x00, 0x00, 0x00, 0x09, 0x7C, 0xD3, 0xF4, 0xED, 0xC8, 0x78, 0x00, 0x00, 0x0B, 0xCD, 0xFF,
  0xFB, 0xD0, 0xD7, 0xFD, 0xAE, 0x00, 0x00, 0x8B, 0xFF, 0xEB, 0x2F, 0x00, 0x00, 0x1B, 0x21, 0x00,
  0x00, 0xEA, 0xFF, 0x7A, 0x00, 0x00, 0x00, 0x00, 0x00, 0x00, 0x12, 0xFF, 0xFF, 0x45, 0x00, 0x00,
  0x00, 0x00, 0x00, 0x00, 0x15, 0xFF, 0xFF, 0x41, 0x00, 0x00, 0x00, 0x00, 0x00, 0x00, 0x02, 0xF2,
  0xFF, 0x6F, 0x00, 0x00, 0x00, 0x00, 0x00, 0x00, 0x00, 0xA5, 0xFF, 0xE1, 0x23, 0x00, 0x00, 0x02,
  0x1A, 0x00, 0x00, 0x1E, 0xE9, 0xFF, 0xF8, 0xCD, 0xCA, 0xEE, 0xA0, 0x00, 0x00, 0x00, 0x1D, 0x99,
  0xE0, 0xF9, 0xEF, 0xCC, 0x5D, 0x00, 0x00, 0xA8, 0xFF, 0xFF, 0xFE, 0xED, 0xC7, 0x74, 0x07, 0x00,
  0x00, 0x00, 0xA8, 0xFF, 0xE5, 0xBC, 0xD6, 0xFC, 0xFF, 0xD4, 0x13, 0x00, 0x00, 0xA8, 0xFF, 0x9C,
  0x00, 0x00, 0x2C, 0xE2, 0xFF, 0xA7, 0x00, 0x00, 0xA8, 0xFF, 0x9C, 0x00, 0x00, 0x00, 0x62, 0xFF,
  0xFB, 0x0E, 0x00, 0xA8, 0xFF, 0x9C, 0x00, 0x00, 0x00, 0x30, 0xFF, 0xFF, 0x2F, 0x00, 0xA8, 0xFF,
  0x9C, 0x00, 0x00, 0x00, 0x34, 0xFF, 0xFF, 0x2F, 0x00, 0xA8, 0xFF, 0x9C, 0x00, 0x00, 0x00, 0x6C,
  0xFF, 0xF9, 0x0B, 0x00, 0xA8, 0xFF, 0x9C, 0x00, 0x00, 0x3A, 0xEA, 0xFF, 0xA3, 0x00, 0x00, 0xA8,
  0xFF, 0xE5, 0xBE, 0xDC, 0xFE, 0xFF, 0xCC, 0x11, 0x00, 0x00, 0xA8, 0xFF, 0xFF, 0xFD, 0xED, 0xC0,
  0x6A, 0x06, 0x00, 0x00, 0x00, 0xA8, 0xFF, 0xFF, 0xFF, 0xFF, 0xFF, 0x84, 0x00, 0xA8, 0xFF, 0xE5,
  0xBC, 0xBC, 0xBC, 0x60, 0x00, 0xA8, 0xFF, 0x9C, 0x00, 0x00, 0x00, 0x00, 0x00, 0xA8, 0xFF, 0x9C,
  0x00, 0x00, 0x00, 0x00, 0x00, 0xA8, 0xFF, 0xFF, 0xFF, 0xFF, 0xFF, 0x40, 0x00, 0xA8, 0xFF, 0xE5,
  0xBC, 0xBC, 0xBC, 0x2F, 0x00, 0xA8, 0xFF, 0x9C, 0x00, 0x00, 0x00, 0x00, 0x00, 0xA8, 0xFF, 0x9C,
  0x00, 0x00, 0x00, 0x00, 0x00, 0xA8, 0xFF, 0xE5, 0xBC, 0xBC, 0xBC, 0x60, 0x00, 0xA8, 0xFF, 0xFF,
  0xFF, 0xFF, 0xFF, 0x84, 0x00, 0xA8, 0xFF, 0xFF, 0xFF, 0xFF, 0xFF, 0x7C, 0x00, 0xA8, 0xFF, 0xE3,
  0xBC, 0xBC, 0xBC, 0x5B, 0x00, 0xA8, 0xFF, 0x94, 0x00, 0x00, 0x00, 0x00, 0x00, 0xA8, 0xFF, 0x94,
  0x00, 0x00, 0x00, 0x00, 0x00, 0xA8, 0xFF, 0xE3, 0xBC, 0xBC, 0xBC, 0x29, 0x00, 0xA8, 0xFF, 0xFF,
  0xFF, 0xFF, 0xFF, 0x38, 0x00, 0xA8, 0xFF, 0x94, 0x00, 0x00, 0x00, 0x00, 0x00, 0xA8, 0xFF, 0x94,
  0x00, 0x00, 0x00, 0x00, 0x00, 0xA8, 0xFF, 0x94, 0x00, 0x00, 0x00, 0x00, 0x00, 0xA8, 0xFF, 0x94,
  0x00, 0x00, 0x00, 0x00, 0x00, 0x00, 0x02, 0x62, 0xBD, 0xE8, 0xF9, 0xE4, 0xB8, 0x45, 0x00, 0x00,
  0x06, 0xBC, 0xFF, 0xFF, 0xDF, 0xC2, 0xD7, 0xFD, 0x37, 0x00, 0x00, 0x85, 0xFF, 0xF9, 0x53, 0x00,
  0x00, 0x00, 0x11, 0x00, 0x00, 0x00, 0xE9, 0xFF, 0x88, 0x00, 0x00, 0x00, 0x00, 0x00, 0x00, 0x00,
  0x12, 0xFF, 0xFF, 0x42, 0x00, 0x94, 0xFF, 0xFF, 0xFF, 0xA8, 0x00, 0x17, 0xFF, 0xFF, 0x3D, 0x00,
  0x6C, 0xBC, 0xE2, 0xFF, 0xA8, 0x00, 0x03, 0xF2, 0xFF, 0x71, 0x00, 0x00, 0x00, 0x90, 0xFF, 0xA8,
  0x00, 0x00, 0xA3, 0xFF, 0xE7, 0x26, 0x00, 0x00, 0x90, 0xFF, 0xA8, 0x00, 0x00, 0x1B, 0xE4, 0xFF,
  0xFB, 0xCA, 0xC3, 0xF0, 0xFF, 0xA8, 0x00, 0x00, 0x00, 0x17, 0x91, 0xDD, 0xF9, 0xF5, 0xE3, 0xB8,
  0x56, 0x00, 0x00, 0xA8, 0xFF, 0x9C, 0x00, 0x00, 0x00, 0x24, 0xFF, 0xFF, 0x20, 0x00, 0xA8, 0xFF,
  0x9C, 0x00, 0x00, 0x00, 0x24, 0xFF, 0xFF, 0x20, 0x00, 0xA8, 0xFF, 0x9C, 0x00, 0x00, 0x00, 0x24,
  0xFF, 0xFF, 0x20, 0x00, 0xA8, 0xFF, 0x9C, 0x00, 0x00, 0x00, 0x24, 0xFF, 0xFF, 0x20, 0x00, 0xA8,
  0xFF, 0xFF, 0xFF, 0xFF, 0xFF, 0xFF, 0xFF, 0xFF, 0x20, 0x00, 0xA8, 0xFF, 0xE5, 0xBC, 0xBC, 0xBC,
  0xC5, 0xFF, 0xFF, 0x20, 0x00, 0xA8, 0xFF, 0x9C, 0x00, 0x00, 0x00, 0x24, 0xFF, 0xFF, 0x20, 0x00,
  0xA8, 0xFF, 0x9C, 0x00, 0x00, 0x00, 0x24, 0xFF, 0xFF, 0x20, 0x00, 0xA8, 0xFF, 0x9C, 0x00, 0x00,
  0x00, 0x24, 0xFF, 0xFF, 0x20, 0x00, 0xA8, 0xFF, 0x9C, 0x00, 0x00, 0x00, 0x24, 0xFF, 0xFF, 0x20,
  0x84, 0xFF, 0xFF, 0xFF, 0xFF, 0x5C, 0x2E, 0xB7, 0xFF, 0xFF, 0x9F, 0x1C, 0x00, 0x38, 0xFF, 0xFF,
  0x0C, 0x00, 0x00, 0x38, 0xFF, 0xFF, 0x0C, 0x00, 0x00, 0x38, 0xFF, 0xFF, 0x0C, 0x00, 0x00, 0x38,
  0xFF, 0xFF, 0x0C, 0x00, 0x00, 0x38, 0xFF, 0xFF, 0x0C, 0x00, 0x00, 0x38, 0xFF, 0xFF, 0x0C, 0x00,
  0x2B, 0xAF, 0xFF, 0xFF, 0x96, 0x1A, 0x84, 0xFF, 0xFF, 0xFF, 0xFF, 0x5C, 0x00, 0x00, 0x00, 0xA8,
  0xFF, 0x9C, 0x00, 0x00, 0x00, 0x00, 0xA8, 0xFF, 0x9C, 0x00, 0x00, 0x00, 0x00, 0xA8, 0xFF, 0x9C,
  0x00, 0x00, 0x00, 0x00, 0xA8, 0xFF, 0x9C, 0x00, 0x00, 0x00, 0x00, 0xA8, 0xFF, 0x9C, 0x00, 0x00,
  0x00, 0x00, 0xA8, 0xFF, 0x9C, 0x00, 0x00, 0x00, 0x00, 0xA8, 0xFF, 0x9C, 0x00, 0x00, 0x00, 0x00,
  0xA8, 0xFF, 0x9C, 0x00, 0x00, 0x00, 0x00, 0xA8, 0xFF, 0x9C, 0x00, 0x00, 0x00, 0x00, 0xAB, 0xFF,
  0x97, 0x00, 0x00, 0x00, 0x06, 0xD8, 0xFF, 0x7B, 0x00, 0x17, 0xC4, 0xDD, 0xFF, 0xF9, 0x27, 0x00,
  0x18, 0xF5, 0xF8, 0xCD, 0x49, 0x00, 0x00, 0x00, 0xA8, 0xFF, 0x9C, 0x00, 0x00, 0x1D, 0xE7, 0xFF,
  0x83, 0x00, 0xA8, 0xFF, 0x9C, 0x00, 0x0C, 0xD1, 0xFF, 0xAA, 0x01, 0x00, 0xA8, 0xFF, 0x9C, 0x02,
  0xB4, 0xFF, 0xC9, 0x09, 0x00, 0x00, 0xA8, 0xFF, 0x9C, 0x8C, 0xFF, 0xE2, 0x18, 0x00, 0x00, 0x00,
  0xA8, 0xFF, 0xDE, 0xFF, 0xFF, 0x5F, 0x00, 0x00, 0x00, 0x00, 0xA8, 0xFF, 0xFF, 0xF4, 0xFF, 0xDC,
  0x0B, 0x00, 0x00, 0x00, 0xA8, 0xFF, 0xBA, 0x16, 0xE4, 0xFF, 0x95, 0x00, 0x00, 0x00, 0xA8, 0xFF,
  0x9C, 0x00, 0x4B, 0xFF, 0xFE, 0x43, 0x00, 0x00, 0xA8, 0xFF, 0x9C, 0x00, 0x00, 0xA0, 0xFF, 0xE1,
  0x0E, 0x00, 0xA8, 0xFF, 0x9C, 0x00, 0x00, 0x10, 0xE5, 0xFF, 0x9D, 0x00, 0xA8, 0xFF, 0x9C, 0x00,
  0x00, 0x00, 0x00, 0x00, 0xA8, 0xFF, 0x9C, 0x00, 0x00, 0x00, 0x00, 0x00, 0xA8, 0xFF, 0x9C, 0x00,
  0x00, 0x00, 0x00, 0x00, 0xA8, 0xFF, 0x9C, 0x00, 0x00, 0x00, 0x00, 0x00, 0xA8, 0xFF, 0x9C, 0x00,
  0x00, 0x00, 0x00, 0x00, 0xA8, 0xFF, 0x9C, 0x00, 0x00, 0x00, 0x00, 0x00, 0xA8, 0xFF, 0x9C, 0x00,
  0x00, 0x00, 0x00, 0x00, 0xA8, 0xFF, 0x9C, 0x00, 0x00, 0x00, 0x00, 0x00, 0xA8, 0xFF, 0xED, 0xD0,
  0xD0, 0xD0, 0xC9, 0x00, 0xA8, 0xFF, 0xFF, 0xFF, 0xFF, 0xFF, 0xF8, 0x00, 0xA8, 0xFF, 0xFF, 0x99,
  0x00, 0x00, 0x00, 0x00, 0x79, 0xFF, 0xFF, 0xCC, 0x00, 0x00, 0xA8, 0xFF, 0xF4, 0xEA, 0x03, 0x00,
  0x00, 0x00, 0xD3, 0xFF, 0xFF, 0xCC, 0x00, 0x00, 0xA8, 0xFF, 0xB5, 0xFF, 0x43, 0x00, 0x00, 0x2C,
  0xFF, 0xDB, 0xFF, 0xCC, 0x00, 0x00, 0xA8, 0xFF, 0x73, 0xFF, 0x97, 0x00, 0x00, 0x87, 0xFF, 0x89,
  0xFF, 0xCC, 0x00, 0x00, 0xA8, 0xFF, 0x5C, 0xD0, 0xE9, 0x03, 0x01, 0xDF, 0xE5, 0x4F, 0xFF, 0xCC,
  0x00, 0x00, 0xA8, 0xFF, 0x5F, 0x82, 0xFF, 0x41, 0x3B, 0xFF, 0x8E, 0x4F, 0xFF, 0xCC, 0x00, 0x00,
  0xA8, 0xFF, 0x60, 0x33, 0xFF, 0x95, 0x95, 0xFF, 0x33, 0x50, 0xFF, 0xCC, 0x00, 0x00, 0xA8, 0xFF,
  0x60, 0x00, 0xE3, 0xE8, 0xEA, 0xD9, 0x00, 0x50, 0xFF, 0xCC, 0x00, 0x00, 0xA8, 0xFF, 0x60, 0x00,
  0x96, 0xFF, 0xFF, 0x7F, 0x00, 0x50, 0xFF, 0xCC, 0x00, 0x00, 0xA8, 0xFF, 0x60, 0x00, 0x47, 0xFF,
  0xFF, 0x25, 0x00, 0x50, 0xFF, 0xCC, 0x00, 0x00, 0xA8, 0xFF, 0xFF, 0x86, 0x00, 0x00, 0x00, 0x30,
  0xFF, 0xD8, 0x00, 0x00, 0xA8, 0xFF, 0xFF, 0xFA, 0x2A, 0x00, 0x00, 0x30, 0xFF, 0xD8, 0x00, 0x00,
  0xA8, 0xFF, 0xE3, 0xFF, 0xC2, 0x01, 0x00, 0x30, 0xFF, 0xD8, 0x00, 0x00, 0xA8, 0xFF, 0x65, 0xF4,
  0xFF, 0x62, 0x00, 0x30, 0xFF, 0xD8, 0x00, 0x00, 0xA8, 0xFF, 0x54, 0x73, 0xFF, 0xEC, 0x13, 0x2F,
  0xFF, 0xD8, 0x00, 0x00, 0xA8, 0xFF, 0x5F, 0x04, 0xD0, 0xFF, 0x9E, 0x29, 0xFF, 0xD8, 0x00, 0x00,
  0xA8, 0xFF, 0x60, 0x00, 0x37, 0xFD, 0xFE, 0x5F, 0xFF, 0xD8, 0x00, 0x00, 0xA8, 0xFF, 0x60, 0x00,
  0x00, 0x96, 0xFF, 0xE7, 0xFF, 0xD8, 0x00, 0x00, 0xA8, 0xFF, 0x60, 0x00, 0x00, 0x0F, 0xE7, 0xFF,
  0xFF, 0xD8, 0x00, 0x00, 0xA8, 0xFF, 0x60, 0x00, 0x00, 0x00, 0x58, 0xFF, 0xFF, 0xD8, 0x00, 0x00,
  0x00, 0x0F, 0x85, 0xD5, 0xF3, 0xF2, 0xD3, 0x7E, 0x0B, 0x00, 0x00, 0x00, 0x14, 0xDC, 0xFF, 0xFB,
  0xD2, 0xD4, 0xFC, 0xFF, 0xD3, 0x0D, 0x00, 0x00, 0x9A, 0xFF, 0xEA, 0x2D, 0x00, 0x00, 0x35, 0xF2,
  0xFF, 0x8A, 0x00, 0x01, 0xF0, 0xFF, 0x7F, 0x00, 0x00, 0x00, 0x00, 0x8F, 0xFF, 0xE0, 0x00, 0x14,
  0xFF, 0xFF, 0x4F, 0x00, 0x00, 0x00, 0x00, 0x5F, 0xFF, 0xFE, 0x05, 0x13, 0xFF, 0xFF, 0x4E, 0x00,
  0x00, 0x00, 0x00, 0x60, 0xFF, 0xFE, 0x04, 0x00, 0xEE, 0xFF, 0x7F, 0x00, 0x00, 0x00, 0x00, 0x90,
  0xFF, 0xDF, 0x00, 0x00, 0x98, 0xFF, 0xEA, 0x2D, 0x00, 0x00, 0x35, 0xF2, 0xFF, 0x88, 0x00, 0x00,
  0x13, 0xDB, 0xFF, 0xFA, 0xD1, 0xD3, 0xFB, 0xFF, 0xD1, 0x0C, 0x00, 0x00, 0x00, 0x0F, 0x85, 0xD6,
  0xF4, 0xF3, 0xD3, 0x7F, 0x0A, 0x00, 0x00, 0x00, 0xA8, 0xFF, 0xFF, 0xFF, 0xF4, 0xCC, 0x61, 0x00,
  0x00, 0xA8, 0xFF, 0xE5, 0xBD, 0xDD, 0xFF, 0xFF, 0x54, 0x00, 0xA8, 0xFF, 0x9C, 0x00, 0x00, 0xB4,
  0xFF, 0xAB, 0x00, 0xA8, 0xFF, 0x9C, 0x00, 0x02, 0xBD, 0xFF, 0xA9, 0x00, 0xA8, 0xFF, 0xE5, 0xC0,
  0xE6, 0xFF, 0xFE, 0x46, 0x00, 0xA8, 0xFF, 0xFF, 0xFE, 0xEE, 0xBF, 0x4A, 0x00, 0x00, 0xA8, 0xFF,
  0x9C, 0x00, 0x00, 0x00, 0x00, 0x00, 0x00, 0xA8, 0xFF, 0x9C, 0x00, 0x00, 0x00, 0x00, 0x00, 0x00,
  0xA8, 0xFF, 0x9C, 0x00, 0x00, 0x00, 0x00, 0x00, 0x00, 0xA8, 0xFF, 0x9C, 0x00, 0x00, 0x00, 0x00,
  0x00, 0x00, 0x00, 0x0F, 0x85, 0xD5, 0xF3, 0xF2, 0xD3, 0x7E, 0x0B, 0x00, 0x00, 0x00, 0x14, 0xDC,
  0xFF, 0xFB, 0xD2, 0xD4, 0xFC, 0xFF, 0xD3, 0x0D, 0x00, 0x00, 0x9A, 0xFF, 0xEA, 0x2D, 0x00, 0x00,
  0x35, 0xF2, 0xFF, 0x8A, 0x00, 0x01, 0xF0, 0xFF, 0x7F, 0x00, 0x00, 0x00, 0x00, 0x8F, 0xFF, 0xE0,
  0x00, 0x14, 0xFF, 0xFF, 0x4F, 0x00, 0x00, 0x00, 0x00, 0x5F, 0xFF, 0xFE, 0x05, 0x13, 0xFF, 0xFF,
  0x4E, 0x00, 0x00, 0x00, 0x00, 0x60, 0xFF, 0xFD, 0x04, 0x00, 0xEE, 0xFF, 0x7F, 0x00, 0x00, 0x00,
  0x00, 0x90, 0xFF, 0xDE, 0x00, 0x00, 0x98, 0xFF, 0xEA, 0x2D, 0x00, 0x00, 0x35, 0xF2, 0xFF, 0x87,
  0x00, 0x00, 0x13, 0xDB, 0xFF, 0xFA, 0xD1, 0xD3, 0xFB, 0xFF, 0xD2, 0x0B, 0x00, 0x00, 0x00, 0x0F,
  0x85, 0xD6, 0xF4, 0xFF, 0xFF, 0xBD, 0x09, 0x00, 0x00, 0x00, 0x00, 0x00, 0x00, 0x00, 0x00, 0x78,
  0xFF, 0xFB, 0x47, 0x00, 0x00, 0x00, 0x00, 0x00, 0x00, 0x00, 0x00, 0x00, 0xAD, 0xFF, 0xF3, 0x31,
  0x00, 0x00, 0x00, 0x00, 0x00, 0x00, 0x00, 0x00, 0x0D, 0x7A, 0x7C, 0x63, 0x00, 0x00, 0xA8, 0xFF,
  0xFF, 0xFE, 0xF0, 0xC4, 0x5E, 0x00, 0x00, 0x00, 0xA8, 0xFF, 0xE5, 0xC0, 0xE2, 0xFF, 0xFF, 0x61,
  0x00, 0x00, 0xA8, 0xFF, 0x9C, 0x00, 0x00, 0xB6, 0xFF, 0xB4, 0x00, 0x00, 0xA8, 0xFF, 0x9C, 0x00,
  0x02, 0xBC, 0xFF, 0xA7, 0x00, 0x00, 0xA8, 0xFF, 0xE5, 0xC0, 0xE5, 0xFF, 0xEE, 0x29, 0x00, 0x00,
  0xA8, 0xFF, 0xFF, 0xFF, 0xFF, 0xF0, 0x1C, 0x00, 0x00, 0x00, 0xA8, 0xFF, 0x9C, 0x06, 0xD5, 0xFF,
  0x75, 0x00, 0x00, 0x00, 0xA8, 0xFF, 0x9C, 0x00, 0x3A, 0xFE, 0xF9, 0x2F, 0x00, 0x00, 0xA8, 0xFF,
  0x9C, 0x00, 0x00, 0x95, 0xFF, 0xD3, 0x07, 0x00, 0xA8, 0xFF, 0x9C, 0x00, 0x00, 0x0E, 0xE3, 0xFF,
  0x8E, 0x00, 0x19, 0x9B, 0xE2, 0xF8, 0xDF, 0xAA, 0x3B, 0x00, 0xCF, 0xFF, 0xEB, 0xC5, 0xE6, 0xFF,
  0x40, 0x1F, 0xFF, 0xFF, 0x21, 0x00, 0x00, 0x29, 0x00, 0x0A, 0xFB, 0xFF, 0x8E, 0x0D, 0x00, 0x00,
  0x00, 0x00, 0x6F, 0xFE, 0xFF, 0xEF, 0x80, 0x0D, 0x00, 0x00, 0x00, 0x38, 0xB5, 0xFF, 0xFF, 0xE1,
  0x1D, 0x00, 0x00, 0x00, 0x00, 0x36, 0xE1, 0xFF, 0x8E, 0x27, 0x41, 0x02, 0x00, 0x00, 0xAB, 0xFF,
  0xA0, 0x50, 0xFF, 0xF2, 0xCB, 0xD1, 0xFF, 0xFE, 0x48, 0x24, 0xA9, 0xE2, 0xF8, 0xE9, 0xBB, 0x46,
  0x00, 0xB4, 0xFF, 0xFF, 0xFF, 0xFF, 0xFF, 0xFF, 0xFF, 0x64, 0x84, 0xBC, 0xBC, 0xF2, 0xFF, 0xDB,
  0xBC, 0xBC, 0x49, 0x00, 0x00, 0x00, 0xCC, 0xFF, 0x78, 0x00, 0x00, 0x00, 0x00, 0x00, 0x00, 0xCC,
  0xFF, 0x78, 0x00, 0x00, 0x00, 0x00, 0x00, 0x00, 0xCC, 0xFF, 0x78, 0x00, 0x00, 0x00, 0x00, 0x00,
  0x00, 0xCC, 0xFF, 0x78, 0x00, 0x00, 0x00, 0x00, 0x00, 0x00, 0xCC, 0xFF, 0x78, 0x00, 0x00, 0x00,
  0x00, 0x00, 0x00, 0xCC, 0xFF, 0x78, 0x00, 0x00, 0x00, 0x00, 0x00, 0x00, 0xCC, 0xFF, 0x78, 0x00,
  0x00, 0x00, 0x00, 0x00, 0x00, 0xCC, 0xFF, 0x78, 0x00, 0x00, 0x00, 0x00, 0xB8, 0xFF, 0x8C, 0x00,
  0x00, 0x00, 0x34, 0xFF, 0xFF, 0x10, 0x00, 0xB8, 0xFF, 0x8C, 0x00, 0x00, 0x00, 0x34, 0xFF, 0xFF,
  0x10, 0x00, 0xB8, 0xFF, 0x8C, 0x00, 0x00, 0x00, 0x34, 0xFF, 0xFF, 0x10, 0x00, 0xB8, 0xFF, 0x8C,
  0x00, 0x00, 0x00, 0x34, 0xFF, 0xFF, 0x10, 0x00, 0xB8, 0xFF, 0x8C, 0x00, 0x00, 0x00, 0x34, 0xFF,
  0xFF, 0x10, 0x00, 0xB8, 0xFF, 0x8C, 0x00, 0x00, 0x00, 0x34, 0xFF, 0xFF, 0x10, 0x00, 0xB3, 0xFF,
  0x9C, 0x00, 0x00, 0x00, 0x45, 0xFF, 0xFF, 0x0A, 0x00, 0x89, 0xFF, 0xE8, 0x1E, 0x00, 0x06, 0xAB,
  0xFF, 0xDC, 0x00, 0x00, 0x1C, 0xEA, 0xFF, 0xFB, 0xDD, 0xF1, 0xFF, 0xFF, 0x58, 0x00, 0x00, 0x00,
  0x22, 0xA3, 0xE6, 0xFB, 0xEC, 0xB9, 0x46, 0x00, 0x00, 0xD2, 0xFF, 0x76, 0x00, 0x00, 0x00, 0x00,
  0xB8, 0xFF, 0x90, 0x75, 0xFF, 0xCD, 0x00, 0x00, 0x00, 0x13, 0xFB, 0xFF, 0x33, 0x1B, 0xFD, 0xFF,
  0x24, 0x00, 0x00, 0x65, 0xFF, 0xD6, 0x00, 0x00, 0xBB, 0xFF, 0x7B, 0x00, 0x00, 0xBC, 0xFF, 0x79,
  0x00, 0x00, 0x5F, 0xFF, 0xD1, 0x00, 0x15, 0xFC, 0xFE, 0x1E, 0x00, 0x00, 0x0C, 0xF5, 0xFF, 0x28,
  0x69, 0xFF, 0xBE, 0x00, 0x00, 0x00, 0x00, 0xA5, 0xFF, 0x75, 0xB9, 0xFF, 0x61, 0x00, 0x00, 0x00,
  0x00, 0x48, 0xFF, 0xBE, 0xF6, 0xF6, 0x0E, 0x00, 0x00, 0x00, 0x00, 0x03, 0xE7, 0xFE, 0xFF, 0xA7,
  0x00, 0x00, 0x00, 0x00, 0x00, 0x00, 0x8E, 0xFF, 0xFF, 0x4A, 0x00, 0x00, 0x00, 0xDD, 0xFF, 0x5B,
  0x00, 0x00, 0x03, 0xF0, 0xFF, 0x77, 0x00, 0x00, 0x00, 0xDC, 0xFF, 0x5C, 0x98, 0xFF, 0x9B, 0x00,
  0x00, 0x3C, 0xFF, 0xFF, 0xBF, 0x00, 0x00, 0x1C, 0xFF, 0xFF, 0x18, 0x52, 0xFF, 0xDB, 0x00, 0x00,
  0x83, 0xFF, 0xF3, 0xFA, 0x0C, 0x00, 0x5C, 0xFF, 0xD1, 0x00, 0x0F, 0xFC, 0xFF, 0x1B, 0x00, 0xCB,
  0xFD, 0x9D, 0xFF, 0x4E, 0x00, 0x9C, 0xFF, 0x8C, 0x00, 0x00, 0xC6, 0xFF, 0x5B, 0x14, 0xFD, 0xD0,
  0x55, 0xFF, 0x95, 0x00, 0xDC, 0xFF, 0x46, 0x00, 0x00, 0x80, 0xFF, 0x9A, 0x59, 0xFF, 0x8D, 0x13,
  0xFD, 0xDB, 0x1A, 0xFF, 0xF7, 0x09, 0x00, 0x00, 0x3A, 0xFF, 0xD6, 0x99, 0xFF, 0x47, 0x00, 0xCA,
  0xFF, 0x69, 0xFF, 0xBB, 0x00, 0x00, 0x00, 0x03, 0xEF, 0xFD, 0xD2, 0xF7, 0x09, 0x00, 0x82, 0xFF,
  0xCD, 0xFF, 0x75, 0x00, 0x00, 0x00, 0x00, 0xAE, 0xFF, 0xFF, 0xB9, 0x00, 0x00, 0x3B, 0xFF, 0xFF,
  0xFF, 0x30, 0x00, 0x00, 0x00, 0x00, 0x67, 0xFF, 0xFF, 0x73, 0x00, 0x00, 0x03, 0xEF, 0xFF, 0xE9,
  0x01, 0x00, 0x00, 0x71, 0xFF, 0xF1, 0x1B, 0x00, 0x00, 0x14, 0xEC, 0xFF, 0x68, 0x01, 0xBF, 0xFF,
  0xB0, 0x00, 0x00, 0xA1, 0xFF, 0xBA, 0x00, 0x00, 0x1F, 0xF1, 0xFF, 0x53, 0x41, 0xFF, 0xF1, 0x1D,
  0x00, 0x00, 0x00, 0x62, 0xFF, 0xE6, 0xD9, 0xFF, 0x61, 0x00, 0x00, 0x00, 0x00, 0x00, 0xB4, 0xFF,
  0xFF, 0xB5, 0x00, 0x00, 0x00, 0x00, 0x00, 0x08, 0xD6, 0xFF, 0xFF, 0xC2, 0x02, 0x00, 0x00, 0x00,
  0x00, 0x92, 0xFF, 0xC0, 0xDC, 0xFF, 0x7D, 0x00, 0x00, 0x00, 0x44, 0xFE, 0xF4, 0x21, 0x40, 0xFE,
  0xFB, 0x38, 0x00, 0x11, 0xE4, 0xFF, 0x6C, 0x00, 0x00, 0x95, 0xFF, 0xDD, 0x0E, 0xA7, 0xFF, 0xC2,
  0x01, 0x00, 0x00, 0x0C, 0xE0, 0xFF, 0xA4, 0xB6, 0xFF, 0xB4, 0x00, 0x00, 0x00, 0x55, 0xFF, 0xF5,
  0x1C, 0x28, 0xFB, 0xFF, 0x36, 0x00, 0x02, 0xD4, 0xFF, 0x7C, 0x00, 0x00, 0x90, 0xFF, 0xB8, 0x00,
  0x59, 0xFF, 0xDF, 0x08, 0x00, 0x00, 0x10, 0xEB, 0xFF, 0x3D, 0xD7, 0xFF, 0x53, 0x00, 0x00, 0x00,
  0x00, 0x69, 0xFF, 0xEA, 0xFF, 0xBE, 0x00, 0x00, 0x00, 0x00, 0x00, 0x03, 0xD2, 0xFF, 0xFC, 0x2D,
  0x00, 0x00, 0x00, 0x00, 0x00, 0x00, 0x72, 0xFF, 0xD0, 0x00, 0x00, 0x00, 0x00, 0x00, 0x00, 0x00,
  0x70, 0xFF, 0xD0, 0x00, 0x00, 0x00, 0x00, 0x00, 0x00, 0x00, 0x70, 0xFF, 0xD0, 0x00, 0x00, 0x00,
  0x00, 0x00, 0x00, 0x00, 0x70, 0xFF, 0xD0, 0x00, 0x00, 0x00, 0x00, 0x80, 0xFF, 0xFF, 0xFF, 0xFF,
  0xFF, 0xFF, 0xFF, 0x30, 0x5E, 0xBC, 0xBC, 0xBC, 0xBC, 0xE5, 0xFF, 0xF1, 0x17, 0x00, 0x00, 0x00,
  0x00, 0x23, 0xF1, 0xFF, 0x57, 0x00, 0x00, 0x00, 0x00, 0x06, 0xCC, 0xFF, 0x99, 0x00, 0x00, 0x00,
  0x00, 0x00, 0x92, 0xFF, 0xD2, 0x08, 0x00, 0x00, 0x00, 0x00, 0x4F, 0xFF, 0xF4, 0x28, 0x00, 0x00,
  0x00, 0x00, 0x1E, 0xEE, 0xFF, 0x5F, 0x00, 0x00, 0x00, 0x00, 0x04, 0xC6, 0xFF, 0xA1, 0x00, 0x00,
  0x00, 0x00, 0x00, 0x7D, 0xFF, 0xFF, 0xC6, 0xBC, 0xBC, 0xBC, 0xBC, 0x3D, 0xA4, 0xFF, 0xFF, 0xFF,
  0xFF, 0xFF, 0xFF, 0xFF, 0x54, 0x00, 0xF4, 0xFF, 0xFF, 0x98, 0x00, 0xF4, 0xFC, 0xBC, 0x6F, 0x00,
  0xF4, 0xF4, 0x00, 0x00, 0x00, 0xF4, 0xF4, 0x00, 0x00, 0x00, 0xF4, 0xF4, 0x00, 0x00, 0x00, 0xF4,
  0xF4, 0x00, 0x00, 0x00, 0xF4, 0xF4, 0x00, 0x00, 0x00, 0xF4, 0xF4, 0x00, 0x00, 0x00, 0xF4, 0xF4,
  0x00, 0x00, 0x00, 0xF4, 0xF4, 0x00, 0x00, 0x00, 0xF4, 0xF4, 0x00, 0x00, 0x00, 0xF4, 0xFC, 0xBC,
  0x6F, 0x00, 0xF4, 0xFF, 0xFF, 0x98, 0xB6, 0xFF, 0x4E, 0x00, 0x00, 0x00, 0x00, 0x50, 0xFF, 0xB5,
  0x00, 0x00, 0x00, 0x00, 0x04, 0xE5, 0xFD, 0x1E, 0x00, 0x00, 0x00, 0x00, 0x84, 0xFF, 0x82, 0x00,
  0x00, 0x00, 0x00, 0x1F, 0xFD, 0xE4, 0x03, 0x00, 0x00, 0x00, 0x00, 0xB8, 0xFF, 0x4E, 0x00, 0x00,
  0x00, 0x00, 0x52, 0xFF, 0xB5, 0x00, 0x00, 0x00, 0x00, 0x04, 0xE7, 0xFD, 0x1E, 0x00, 0x00, 0x00,
  0x00, 0x86, 0xFF, 0x82, 0x00, 0x00, 0x00, 0x00, 0x21, 0xFE, 0xE4, 0x03, 0xA0, 0xFF, 0xFF, 0xEC,
  0x00, 0x75, 0xBC, 0xFE, 0xEC, 0x00, 0x00, 0x00, 0xFC, 0xEC, 0x00, 0x00, 0x00, 0xFC, 0xEC, 0x00,
  0x00, 0x00, 0xFC, 0xEC, 0x00, 0x00, 0x00, 0xFC, 0xEC, 0x00, 0x00, 0x00, 0xFC, 0xEC, 0x00, 0x00,
  0x00, 0xFC, 0xEC, 0x00, 0x00, 0x00, 0xFC, 0xEC, 0x00, 0x00, 0x00, 0xFC, 0xEC, 0x00, 0x00, 0x00,
  0xFC, 0xEC, 0x00, 0x75, 0xBC, 0xFE, 0xEC, 0x00, 0xA0, 0xFF, 0xFF, 0xEC, 0x00, 0x00, 0x00, 0x00,
  0x48, 0x5F, 0x00, 0x00, 0x00, 0x00, 0x00, 0x00, 0x08, 0xE6, 0xFD, 0x2D, 0x00, 0x00, 0x00, 0x00,
  0x00, 0x6E, 0xFF, 0xEE, 0xB9, 0x00, 0x00, 0x00, 0x00, 0x07, 0xE4, 0xB6, 0x68, 0xFF, 0x47, 0x00,
  0x00, 0x00, 0x6B, 0xFF, 0x3D, 0x04, 0xD9, 0xD3, 0x03, 0x00, 0x06, 0xE3, 0xC4, 0x00, 0x00, 0x54,
  0xFF, 0x65, 0x00, 0x69, 0xFF, 0x4C, 0x00, 0x00, 0x00, 0xC8, 0xE7, 0x0C, 0x00, 0x00, 0x00, 0x00,
  0x00, 0x00, 0x00, 0x00, 0x00, 0x00, 0x00, 0x00, 0x00, 0x00, 0x00, 0x00, 0x00, 0x00, 0x00, 0x00,
  0x00, 0x00, 0x00, 0x00, 0x00, 0x00, 0x00, 0x00, 0x00, 0x00, 0x00, 0x00, 0x00, 0x00, 0x00, 0x00,
  0x00, 0x00, 0x00, 0x00, 0x00, 0x00, 0x00, 0x00, 0x07, 0xFC, 0xFC, 0xFC, 0xFC, 0xFC, 0xFC, 0x2F,
  0x22, 0x80, 0x80, 0x23, 0x00, 0x00, 0x7C, 0xFF, 0xC6, 0x04, 0x00, 0x00, 0x5A, 0xF4, 0x8E, 0x00,
  0x00, 0x00, 0x00, 0x00, 0x00, 0x00, 0x00, 0x00, 0x00, 0x00, 0x00, 0x00, 0x00, 0x00, 0x00, 0x00,
  0x00, 0x00, 0x00, 0x00, 0x00, 0x00, 0x00, 0x00, 0x00, 0x00, 0x00, 0x00, 0x00, 0x00, 0x00, 0x00,
  0x00, 0x00, 0x00, 0x00, 0x00, 0x00, 0x00, 0x00, 0x00, 0x00, 0x00, 0x00, 0x00, 0x31, 0xA3, 0xDD,
  0xF7, 0xE2, 0x95, 0x0E, 0x00, 0x00, 0x3D, 0xFE, 0xDA, 0xC3, 0xF5, 0xFF, 0x9F, 0x00, 0x00, 0x00,
  0x15, 0x00, 0x00, 0x5B, 0xFF, 0xE2, 0x00, 0x00, 0x4B, 0xC2, 0xEC, 0xFE, 0xFF, 0xFF, 0xF0, 0x00,
  0x25, 0xFB, 0xFF, 0x57, 0x09, 0x4A, 0xFF, 0xF0, 0x00, 0x54, 0xFF, 0xF7, 0x05, 0x00, 0x92, 0xFF,
  0xF0, 0x00, 0x2C, 0xFE, 0xFF, 0xE0, 0xD6, 0xED, 0xFF, 0xF0, 0x00, 0x00, 0x6E, 0xE5, 0xF8, 0xC4,
  0x2C, 0xCB, 0xF0, 0x00, 0x00, 0xD4, 0xFF, 0x68, 0x00, 0x00, 0x00, 0x00, 0x00, 0x00, 0x00, 0xD4,
  0xFF, 0x68, 0x00, 0x00, 0x00, 0x00, 0x00, 0x00, 0x00, 0xD4, 0xFF, 0x67, 0x00, 0x00, 0x00, 0x00,
  0x00, 0x00, 0x00, 0xD4, 0xFF, 0x71, 0xB8, 0xF7, 0xE1, 0x61, 0x00, 0x00, 0x00, 0xD4, 0xFF, 0xF7,
  0xD7, 0xDD, 0xFF, 0xFF, 0x34, 0x00, 0x00, 0xD4, 0xFF, 0xB1, 0x00, 0x05, 0xCB, 0xFF, 0x9D, 0x00,
  0x00, 0xD4, 0xFF, 0x70, 0x00, 0x00, 0x81, 0xFF, 0xC0, 0x00, 0x00, 0xD4, 0xFF, 0x73, 0x00, 0x00,
  0x82, 0xFF, 0xBF, 0x00, 0x00, 0xD4, 0xFF, 0xB9, 0x01, 0x05, 0xCD, 0xFF, 0x9B, 0x00, 0x00, 0xD4,
  0xFF, 0xFF, 0xDA, 0xDC, 0xFF, 0xFE, 0x31, 0x00, 0x00, 0xD4, 0xFA, 0x3A, 0xC6, 0xF9, 0xDF, 0x5D,
  0x00, 0x00, 0x00, 0x06, 0x7C, 0xD9, 0xF8, 0xE7, 0xB4, 0x14, 0x00, 0xA0, 0xFF, 0xFB, 0xC9, 0xDC,
  0xD9, 0x01, 0x1B, 0xFE, 0xFF, 0x56, 0x00, 0x00, 0x0D, 0x00, 0x47, 0xFF, 0xFD, 0x04, 0x00, 0x00,
  0x00, 0x00, 0x4C, 0xFF, 0xFD, 0x04, 0x00, 0x00, 0x00, 0x00, 0x25, 0xFF, 0xFF, 0x55, 0x00, 0x00,
  0x2A, 0x00, 0x00, 0xB9, 0xFF, 0xFB, 0xC8, 0xD8, 0xFA, 0x00, 0x00, 0x0C, 0x88, 0xDB, 0xFA, 0xEE,
  0x9F, 0x00, 0x00, 0x00, 0x00, 0x00, 0x00, 0x00, 0xE8, 0xFF, 0x54, 0x00, 0x00, 0x00, 0x00, 0x00,
  0x00, 0x00, 0xE8, 0xFF, 0x54, 0x00, 0x00, 0x00, 0x00, 0x00, 0x00, 0x00, 0xE6, 0xFF, 0x54, 0x00,
  0x00, 0x16, 0xAF, 0xF6, 0xE8, 0x6E, 0xD8, 0xFF, 0x54, 0x00, 0x00, 0xB4, 0xFF, 0xF9, 0xC9, 0xF1,
  0xFA, 0xFF, 0x54, 0x00, 0x1F, 0xFF, 0xFF, 0x51, 0x00, 0x22, 0xFB, 0xFF, 0x54, 0x00, 0x44, 0xFF,
  0xFB, 0x02, 0x00, 0x00, 0xD1, 0xFF, 0x54, 0x00, 0x44, 0xFF, 0xFA, 0x01, 0x00, 0x00, 0xCD, 0xFF,
  0x54, 0x00, 0x21, 0xFF, 0xFF, 0x4C, 0x00, 0x19, 0xF6, 0xFF, 0x54, 0x00, 0x00, 0xBA, 0xFF, 0xF8,
  0xC7, 0xED, 0xF7, 0xFF, 0x54, 0x00, 0x00, 0x15, 0xAB, 0xF0, 0xE5, 0x5F, 0x92, 0xFF, 0x54, 0x00,
  0x00, 0x04, 0x7D, 0xDC, 0xF7, 0xD9, 0x7C, 0x06, 0x00, 0x00, 0x9A, 0xFF, 0xF5, 0xC4, 0xEC, 0xFF,
  0x92, 0x00, 0x19, 0xFD, 0xFF, 0x2F, 0x00, 0x15, 0xF6, 0xFD, 0x09, 0x46, 0xFF, 0xFF, 0xFF, 0xFF,
  0xFF, 0xFF, 0xFF, 0x2E, 0x47, 0xFF, 0xFD, 0xBC, 0xBC, 0xBC, 0xBC, 0xBC, 0x29, 0x1B, 0xFD, 0xFF,
  0x40, 0x00, 0x00, 0x00, 0x13, 0x00, 0x00, 0x95, 0xFF, 0xFD, 0xCB, 0xC5, 0xE1, 0xC0, 0x00, 0x00,
  0x03, 0x70, 0xD2, 0xF7, 0xF8, 0xD4, 0x67, 0x00, 0x00, 0x03, 0x8D, 0xDD, 0xF8, 0xE2, 0x44, 0x00,
  0x51, 0xFF, 0xFF, 0xD1, 0xD3, 0x15, 0x00, 0x75, 0xFF, 0xD3, 0x00, 0x00, 0x00, 0x61, 0xED, 0xFF,
  0xFF, 0xFF, 0xB4, 0x00, 0x84, 0xDB, 0xFF, 0xF0, 0xBC, 0x84, 0x00, 0x00, 0x78, 0xFF, 0xC4, 0x00,
  0x00, 0x00, 0x00, 0x78, 0xFF, 0xC4, 0x00, 0x00, 0x00, 0x00, 0x78, 0xFF, 0xC4, 0x00, 0x00, 0x00,
  0x00, 0x78, 0xFF, 0xC4, 0x00, 0x00, 0x00, 0x00, 0x78, 0xFF, 0xC4, 0x00, 0x00, 0x00, 0x00, 0x78,
  0xFF, 0xC4, 0x00, 0x00, 0x00, 0x00, 0x17, 0xB0, 0xF6, 0xE7, 0x79, 0xA5, 0xFF, 0x54, 0x00, 0x00,
  0xB3, 0xFF, 0xF8, 0xC8, 0xF0, 0xFA, 0xFF, 0x54, 0x00, 0x1E, 0xFF, 0xFF, 0x4C, 0x00, 0x20, 0xF9,
  0xFF, 0x54, 0x00, 0x44, 0xFF, 0xFD, 0x03, 0x00, 0x00, 0xD0, 0xFF, 0x54, 0x00, 0x45, 0xFF, 0xFC,
  0x03, 0x00, 0x00, 0xCB, 0xFF, 0x54, 0x00, 0x21, 0xFF, 0xFF, 0x4C, 0x00, 0x15, 0xF3, 0xFF, 0x54,
  0x00, 0x00, 0xBB, 0xFF, 0xF8, 0xC7, 0xEC, 0xFA, 0xFF, 0x54, 0x00, 0x00, 0x1C, 0xB7, 0xF8, 0xE4,
  0x67, 0xE7, 0xFF, 0x52, 0x00, 0x00, 0x0F, 0x00, 0x00, 0x00, 0x22, 0xFD, 0xFF, 0x38, 0x00, 0x00,
  0xD3, 0xE3, 0xC9, 0xC3, 0xF3, 0xFF, 0xCE, 0x03, 0x00, 0x00, 0x84, 0xD9, 0xF3, 0xF6, 0xDA, 0x8B,
  0x13, 0x00, 0x00, 0x00, 0xD4, 0xFF, 0x68, 0x00, 0x00, 0x00, 0x00, 0x00, 0x00, 0x00, 0xD4, 0xFF,
  0x68, 0x00, 0x00, 0x00, 0x00, 0x00, 0x00, 0x00, 0xD4, 0xFF, 0x65, 0x00, 0x00, 0x00, 0x00, 0x00,
  0x00, 0x00, 0xD4, 0xFF, 0x74, 0xB6, 0xF7, 0xE5, 0x8A, 0x03, 0x00, 0x00, 0xD4, 0xFF, 0xF7, 0xE2,
  0xD1, 0xFF, 0xFF, 0x6E, 0x00, 0x00, 0xD4, 0xFF, 0xC9, 0x05, 0x00, 0xB3, 0xFF, 0xAC, 0x00, 0x00,
  0xD4, 0xFF, 0x7A, 0x00, 0x00, 0x82, 0xFF, 0xBC, 0x00, 0x00, 0xD4, 0xFF, 0x68, 0x00, 0x00, 0x80,
  0xFF, 0xBC, 0x00, 0x00, 0xD4, 0xFF, 0x68, 0x00, 0x00, 0x80, 0xFF, 0xBC, 0x00, 0x00, 0xD4, 0xFF,
  0x68, 0x00, 0x00, 0x80, 0xFF, 0xBC, 0x00, 0x00, 0xD4, 0xFF, 0x68, 0x00, 0x00, 0x80, 0xFF, 0xBC,
  0x00, 0x00, 0xB5, 0xEF, 0x57, 0x00, 0x00, 0x77, 0xAB, 0x35, 0x00, 0x00, 0x00, 0x00, 0x00, 0x00,
  0x00, 0xD4, 0xFF, 0x68, 0x00, 0x00, 0xD4, 0xFF, 0x68, 0x00, 0x00, 0xD4, 0xFF, 0x68, 0x00, 0x00,
  0xD4, 0xFF, 0x68, 0x00, 0x00, 0xD4, 0xFF, 0x68, 0x00, 0x00, 0xD4, 0xFF, 0x68, 0x00, 0x00, 0xD4,
  0xFF, 0x68, 0x00, 0x00, 0xD4, 0xFF, 0x68, 0x00, 0x00, 0x00, 0xB5, 0xEF, 0x57, 0x00, 0x00, 0x00,
  0x77, 0xAB, 0x35, 0x00, 0x00, 0x00, 0x00, 0x00, 0x00, 0x00, 0x00, 0x00, 0xD4, 0xFF, 0x68, 0x00,
  0x00, 0x00, 0xD4, 0xFF, 0x68, 0x00, 0x00, 0x00, 0xD4, 0xFF, 0x68, 0x00, 0x00, 0x00, 0xD4, 0xFF,
  0x68, 0x00, 0x00, 0x00, 0xD4, 0xFF, 0x68, 0x00, 0x00, 0x00, 0xD4, 0xFF, 0x68, 0x00, 0x00, 0x00,
  0xD4, 0xFF, 0x68, 0x00, 0x00, 0x00, 0xD4, 0xFF, 0x68, 0x00, 0x00, 0x02, 0xE5, 0xFF, 0x63, 0x00,
  0xBA, 0xD8, 0xFF, 0xFF, 0x30, 0x00, 0xDF, 0xFB, 0xDF, 0x67, 0x00, 0x00, 0x00, 0xD4, 0xFF, 0x68,
  0x00, 0x00, 0x00, 0x00, 0x00, 0x00, 0x00, 0xD4, 0xFF, 0x68, 0x00, 0x00, 0x00, 0x00, 0x00, 0x00,
  0x00, 0xD4, 0xFF, 0x68, 0x00, 0x00, 0x00, 0x00, 0x00, 0x00, 0x00, 0xD4, 0xFF, 0x68, 0x00, 0x11,
  0xD2, 0xFF, 0xA2, 0x01, 0x00, 0xD4, 0xFF, 0x67, 0x0B, 0xC7, 0xFF, 0xB0, 0x04, 0x00, 0x00, 0xD4,
  0xFF, 0x64, 0xBA, 0xFF, 0xBC, 0x07, 0x00, 0x00, 0x00, 0xD4, 0xFF, 0xD6, 0xFF, 0xF8, 0x15, 0x00,
  0x00, 0x00, 0x00, 0xD4, 0xFF, 0xFF, 0xF1, 0xFF, 0x9E, 0x00, 0x00, 0x00, 0x00, 0xD4, 0xFF, 0x93,
  0x27, 0xF4, 0xFF, 0x62, 0x00, 0x00, 0x00, 0xD4, 0xFF, 0x68, 0x00, 0x60, 0xFF, 0xF6, 0x2F, 0x00,
  0x00, 0xD4, 0xFF, 0x68, 0x00, 0x00, 0xA5, 0xFF, 0xDB, 0x0E, 0x00, 0xD4, 0xFF, 0x68, 0x00, 0x00,
  0xD4, 0xFF, 0x68, 0x00, 0x00, 0xD4, 0xFF, 0x68, 0x00, 0x00, 0xD4, 0xFF, 0x68, 0x00, 0x00, 0xD4,
  0xFF, 0x68, 0x00, 0x00, 0xD4, 0xFF, 0x68, 0x00, 0x00, 0xD4, 0xFF, 0x68, 0x00, 0x00, 0xD4, 0xFF,
  0x68, 0x00, 0x00, 0xD4, 0xFF, 0x68, 0x00, 0x00, 0xD4, 0xFF, 0x68, 0x00, 0x00, 0xD4, 0xFF, 0x68,
  0x00, 0x00, 0xD4, 0xF9, 0x4A, 0xC6, 0xF4, 0xEA, 0x91, 0x35, 0xC0, 0xF1, 0xE6, 0x89, 0x01, 0x00,
  0x00, 0xD4, 0xFF, 0xFF, 0xDD, 0xDC, 0xFF, 0xFF, 0xFF, 0xE2, 0xD5, 0xFF, 0xFF, 0x57, 0x00, 0x00,
  0xD4, 0xFF, 0xC3, 0x03, 0x05, 0xE5, 0xFF, 0xD3, 0x07, 0x01, 0xCD, 0xFF, 0x8E, 0x00, 0x00, 0xD4,
  0xFF, 0x79, 0x00, 0x00, 0xBE, 0xFF, 0x8D, 0x00, 0x00, 0xA2, 0xFF, 0x9C, 0x00, 0x00, 0xD4, 0xFF,
  0x68, 0x00, 0x00, 0xBC, 0xFF, 0x80, 0x00, 0x00, 0xA0, 0xFF, 0x9C, 0x00, 0x00, 0xD4, 0xFF, 0x68,
  0x00, 0x00, 0xBC, 0xFF, 0x80, 0x00, 0x00, 0xA0, 0xFF, 0x9C, 0x00, 0x00, 0xD4, 0xFF, 0x68, 0x00,
  0x00, 0xBC, 0xFF, 0x80, 0x00, 0x00, 0xA0, 0xFF, 0x9C, 0x00, 0x00, 0xD4, 0xFF, 0x68, 0x00, 0x00,
  0xBC, 0xFF, 0x80, 0x00, 0x00, 0xA0, 0xFF, 0x9C, 0x00, 0x00, 0xD4, 0xF8, 0x31, 0xBC, 0xF7, 0xE6,
  0x8D, 0x04, 0x00, 0x00, 0xD4, 0xFF, 0xF6, 0xE1, 0xD0, 0xFF, 0xFF, 0x70, 0x00, 0x00, 0xD4, 0xFF,
  0xC9, 0x05, 0x00, 0xB2, 0xFF, 0xAC, 0x00, 0x00, 0xD4, 0xFF, 0x7A, 0x00, 0x00, 0x82, 0xFF, 0xBC,
  0x00, 0x00, 0xD4, 0xFF, 0x68, 0x00, 0x00, 0x80, 0xFF, 0xBC, 0x00, 0x00, 0xD4, 0xFF, 0x68, 0x00,
  0x00, 0x80, 0xFF, 0xBC, 0x00, 0x00, 0xD4, 0xFF, 0x68, 0x00, 0x00, 0x80, 0xFF, 0xBC, 0x00, 0x00,
  0xD4, 0xFF, 0x68, 0x00, 0x00, 0x80, 0xFF, 0xBC, 0x00, 0x00, 0x04, 0x7C, 0xDB, 0xF9, 0xE6, 0x96,
  0x11, 0x00, 0x00, 0x9E, 0xFF, 0xF8, 0xC8, 0xEC, 0xFF, 0xCF, 0x07, 0x1C, 0xFE, 0xFF, 0x4B, 0x00,
  0x15, 0xF0, 0xFF, 0x5A, 0x4A, 0xFF, 0xFD, 0x03, 0x00, 0x00, 0xB9, 0xFF, 0x8E, 0x46, 0xFF, 0xFD,
  0x03, 0x00, 0x00, 0xB9, 0xFF, 0x91, 0x17, 0xFC, 0xFF, 0x4E, 0x00, 0x16, 0xF2, 0xFF, 0x5F, 0x00,
  0x91, 0xFF, 0xF9, 0xC8, 0xEC, 0xFF, 0xD7, 0x08, 0x00, 0x02, 0x71, 0xD7, 0xF9, 0xEA, 0x9E, 0x16,
  0x00, 0x00, 0xD4, 0xFF, 0x30, 0xB5, 0xF7, 0xE1, 0x61, 0x00, 0x00, 0x00, 0xD4, 0xFF, 0xF4, 0xD7,
  0xDB, 0xFF, 0xFF, 0x34, 0x00, 0x00, 0xD4, 0xFF, 0xB1, 0x00, 0x03, 0xC5, 0xFF, 0x9D, 0x00, 0x00,
  0xD4, 0xFF, 0x70, 0x00, 0x00, 0x80, 0xFF, 0xC0, 0x00, 0x00, 0xD4, 0xFF, 0x73, 0x00, 0x00, 0x81,
  0xFF, 0xBE, 0x00, 0x00, 0xD4, 0xFF, 0xB9, 0x01, 0x03, 0xC8, 0xFF, 0x99, 0x00, 0x00, 0xD4, 0xFF,
  0xFF, 0xDA, 0xDA, 0xFF, 0xFE, 0x2F, 0x00, 0x00, 0xD4, 0xFF, 0x7C, 0xC6, 0xF9, 0xDE, 0x5A, 0x00,
  0x00, 0x00, 0xD4, 0xFF, 0x67, 0x00, 0x00, 0x00, 0x00, 0x00, 0x00, 0x00, 0xD4, 0xFF, 0x68, 0x00,
  0x00, 0x00, 0x00, 0x00, 0x00, 0x00, 0xD4, 0xFF, 0x68, 0x00, 0x00, 0x00, 0x00, 0x00, 0x00, 0x00,
  0x16, 0xAF, 0xF6, 0xE7, 0x6E, 0xA7, 0xFF, 0x54, 0x00, 0x00, 0xB4, 0xFF, 0xF8, 0xC9, 0xF0, 0xF9,
  0xFF, 0x54, 0x00, 0x1F, 0xFF, 0xFF, 0x4F, 0x00, 0x20, 0xFA, 0xFF, 0x54, 0x00, 0x44, 0xFF, 0xFD,
  0x03, 0x00, 0x00, 0xD0, 0xFF, 0x54, 0x00, 0x44, 0xFF, 0xFC, 0x03, 0x00, 0x00, 0xCD, 0xFF, 0x54,
  0x00, 0x21, 0xFF, 0xFF, 0x4C, 0x00, 0x19, 0xF6, 0xFF, 0x54, 0x00, 0x00, 0xBA, 0xFF, 0xF8, 0xC7,
  0xEC, 0xF8, 0xFF, 0x54, 0x00, 0x00, 0x15, 0xAC, 0xF0, 0xE5, 0x60, 0xDF, 0xFF, 0x54, 0x00, 0x00,
  0x00, 0x00, 0x00, 0x00, 0x00, 0xE8, 0xFF, 0x54, 0x00, 0x00, 0x00, 0x00, 0x00, 0x00, 0x00, 0xE8,
  0xFF, 0x54, 0x00, 0x00, 0x00, 0x00, 0x00, 0x00, 0x00, 0xE8, 0xFF, 0x54, 0x00, 0x00, 0xD4, 0xF5,
  0x22, 0xB3, 0xF7, 0x71, 0x00, 0xD4, 0xFF, 0xEE, 0xF3, 0xC8, 0x49, 0x00, 0xD4, 0xFF, 0xD1, 0x17,
  0x00, 0x00, 0x00, 0xD4, 0xFF, 0x72, 0x00, 0x00, 0x00, 0x00, 0xD4, 0xFF, 0x68, 0x00, 0x00, 0x00,
  0x00, 0xD4, 0xFF, 0x68, 0x00, 0x00, 0x00, 0x00, 0xD4, 0xFF, 0x68, 0x00, 0x00, 0x00, 0x00, 0xD4,
  0xFF, 0x68, 0x00, 0x00, 0x00, 0x00, 0x5D, 0xCF, 0xF4, 0xEE, 0xC3, 0x55, 0x2D, 0xFF, 0xFF, 0xD0,
  0xD3, 0xFC, 0x74, 0x3B, 0xFF, 0xF9, 0x2B, 0x00, 0x14, 0x0B, 0x05, 0xAE, 0xFF, 0xFE, 0xBC, 0x4A,
  0x00, 0x00, 0x00, 0x43, 0xAE, 0xFD, 0xFF, 0x7B, 0x16, 0x16, 0x00, 0x00, 0x70, 0xFF, 0xDA, 0x50,
  0xFD, 0xD8, 0xC1, 0xED, 0xFF, 0xA8, 0x2A, 0xC0, 0xEF, 0xFA, 0xE3, 0x9A, 0x11, 0x00, 0x00, 0x71,
  0x52, 0x00, 0x00, 0x00, 0x00, 0x30, 0xFF, 0xA4, 0x00, 0x00, 0x00, 0x45, 0xDC, 0xFF, 0xFF, 0xFF,
  0xF0, 0x00, 0x7B, 0xE4, 0xFF, 0xE7, 0xBC, 0xB0, 0x00, 0x00, 0x98, 0xFF, 0xA4, 0x00, 0x00, 0x00,
  0x00, 0x98, 0xFF, 0xA4, 0x00, 0x00, 0x00, 0x00, 0x98, 0xFF, 0xA4, 0x00, 0x00, 0x00, 0x00, 0x94,
  0xFF, 0xAE, 0x00, 0x00, 0x00, 0x00, 0x6F, 0xFF, 0xFD, 0xC8, 0xD5, 0x07, 0x00, 0x0A, 0xA8, 0xEC,
  0xF4, 0xCA, 0x05, 0x00, 0xE0, 0xFF, 0x5C, 0x00, 0x00, 0x8C, 0xFF, 0xB0, 0x00, 0x00, 0xE0, 0xFF,
  0x5C, 0x00, 0x00, 0x8C, 0xFF, 0xB0, 0x00, 0x00, 0xE0, 0xFF, 0x5C, 0x00, 0x00, 0x8C, 0xFF, 0xB0,
  0x00, 0x00, 0xE0, 0xFF, 0x5C, 0x00, 0x00, 0x8C, 0xFF, 0xB0, 0x00, 0x00, 0xE0, 0xFF, 0x5D, 0x00,
  0x00, 0x9B, 0xFF, 0xB0, 0x00, 0x00, 0xD1, 0xFF, 0x7E, 0x00, 0x04, 0xD8, 0xFF, 0xB0, 0x00, 0x00,
  0x95, 0xFF, 0xF6, 0xA1, 0xCC, 0xFF, 0xFF, 0xB0, 0x00, 0x00, 0x10, 0xA3, 0xED, 0xED, 0xB7, 0x52,
  0xFF, 0xB0, 0x00, 0xCE, 0xFF, 0x83, 0x00, 0x00, 0x09, 0xF3, 0xFF, 0x55, 0x6B, 0xFF, 0xDC, 0x00,
  0x00, 0x54, 0xFF, 0xEB, 0x06, 0x10, 0xF6, 0xFF, 0x35, 0x00, 0xAC, 0xFF, 0x8E, 0x00, 0x00, 0xA3,
  0xFF, 0x8E, 0x0D, 0xF6, 0xFF, 0x2B, 0x00, 0x00, 0x3F, 0xFF, 0xE4, 0x5A, 0xFF, 0xC7, 0x00, 0x00,
  0x00, 0x00, 0xD9, 0xFF, 0xBD, 0xFF, 0x64, 0x00, 0x00, 0x00, 0x00, 0x77, 0xFF, 0xFB, 0xF4, 0x0C,
  0x00, 0x00, 0x00, 0x00, 0x17, 0xFA, 0xFF, 0x9D, 0x00, 0x00, 0x00, 0xB4, 0xFF, 0x81, 0x00, 0x01,
  0xEC, 0xFF, 0xCB, 0x00, 0x00, 0xA4, 0xFF, 0x89, 0x6A, 0xFF, 0xC5, 0x00, 0x30, 0xFF, 0xF5, 0xFC,
  0x0E, 0x01, 0xE8, 0xFF, 0x3E, 0x1F, 0xFF, 0xFB, 0x0D, 0x73, 0xFF, 0x91, 0xFF, 0x4B, 0x30, 0xFF,
  0xEE, 0x03, 0x00, 0xD6, 0xFF, 0x4C, 0xB6, 0xEF, 0x26, 0xFF, 0x8A, 0x74, 0xFF, 0xA7, 0x00, 0x00,
  0x8C, 0xFF, 0x81, 0xEE, 0xB3, 0x00, 0xE5, 0xC2, 0xB1, 0xFF, 0x5B, 0x00, 0x00, 0x42, 0xFF, 0xC2,
  0xFF, 0x77, 0x00, 0xA7, 0xE9, 0xDD, 0xFC, 0x13, 0x00, 0x00, 0x05, 0xF2, 0xFC, 0xFF, 0x3A, 0x00,
  0x6E, 0xFE, 0xFD, 0xC4, 0x00, 0x00, 0x00, 0x00, 0xAD, 0xFF, 0xF7, 0x06, 0x00, 0x35, 0xFF, 0xFF,
  0x79, 0x00, 0x00, 0x76, 0xFF, 0xF2, 0x1B, 0x00, 0x61, 0xFF, 0xF7, 0x29, 0x02, 0xC5, 0xFF, 0xAC,
  0x14, 0xEC, 0xFF, 0x73, 0x00, 0x00, 0x25, 0xF5, 0xFF, 0xCD, 0xFF, 0xC3, 0x02, 0x00, 0x00, 0x00,
  0x6F, 0xFF, 0xFF, 0xF6, 0x23, 0x00, 0x00, 0x00, 0x00, 0x8F, 0xFF, 0xFF, 0xFC, 0x38, 0x00, 0x00,
  0x00, 0x3E, 0xFD, 0xFB, 0xA9, 0xFF, 0xD9, 0x09, 0x00, 0x0B, 0xDD, 0xFF, 0x8B, 0x08, 0xDA, 0xFF,
  0x91, 0x00, 0x96, 0xFF, 0xE0, 0x0B, 0x00, 0x41, 0xFF, 0xFE, 0x41, 0xC9, 0xFF, 0x9D, 0x00, 0x00,
  0x10, 0xF9, 0xFF, 0x54, 0x5B, 0xFF, 0xF1, 0x08, 0x00, 0x64, 0xFF, 0xE8, 0x05, 0x05, 0xE7, 0xFF,
  0x56, 0x00, 0xBF, 0xFF, 0x86, 0x00, 0x00, 0x7F, 0xFF, 0xB3, 0x1B, 0xFD, 0xFE, 0x21, 0x00, 0x00,
  0x17, 0xF9, 0xFA, 0x81, 0xFF, 0xB8, 0x00, 0x00, 0x00, 0x00, 0xA3, 0xFF, 0xEA, 0xFF, 0x51, 0x00,
  0x00, 0x00, 0x00, 0x35, 0xFF, 0xFF, 0xE6, 0x04, 0x00, 0x00, 0x00, 0x00, 0x00, 0xD9, 0xFF, 0x83,
  0x00, 0x00, 0x00, 0x00, 0x00, 0x41, 0xFE, 0xFB, 0x1E, 0x00, 0x00, 0x00, 0x5E, 0xBF, 0xF8, 0xFF,
  0x8E, 0x00, 0x00, 0x00, 0x00, 0x74, 0xFB, 0xE0, 0x7A, 0x02, 0x00, 0x00, 0x00, 0x00, 0x60, 0xFF,
  0xFF, 0xFF, 0xFF, 0xFF, 0xBC, 0x46, 0xBC, 0xBC, 0xBC, 0xF9, 0xFF, 0xA0, 0x00, 0x00, 0x00, 0x63,
  0xFF, 0xDF, 0x11, 0x00, 0x00, 0x30, 0xF7, 0xF8, 0x33, 0x00, 0x00, 0x0F, 0xDC, 0xFF, 0x67, 0x00,
  0x00, 0x00, 0xB0, 0xFF, 0xA2, 0x00, 0x00, 0x00, 0x6B, 0xFF, 0xFF, 0xC6, 0xBC, 0xBC, 0xA4, 0x98,
  0xFF, 0xFF, 0xFF, 0xFF, 0xFF, 0xE0, 0x00, 0x00, 0x4D, 0xD0, 0xF5, 0x4F, 0x00, 0x00, 0xD9, 0xFF,
  0xE9, 0x3D, 0x00, 0x00, 0xE8, 0xFF, 0x15, 0x00, 0x00, 0x00, 0xE8, 0xFF, 0x08, 0x00, 0x00, 0x16,
  0xF9, 0xFE, 0x05, 0x00, 0x99, 0xF1, 0xFD, 0x99, 0x00, 0x00, 0xC8, 0xFF, 0xD4, 0x4F, 0x00, 0x00,
  0x07, 0x52, 0xFF, 0xF4, 0x02, 0x00, 0x00, 0x00, 0xEA, 0xFF, 0x08, 0x00, 0x00, 0x00, 0xE8, 0xFF,
  0x08, 0x00, 0x00, 0x00, 0xE6, 0xFF, 0x42, 0x02, 0x00, 0x00, 0xC1, 0xFF, 0xFF, 0x50, 0x00, 0x00,
  0x1D, 0x8C, 0xB2, 0x3A, 0x00, 0x00, 0x00, 0xAC, 0xF0, 0x00, 0x00, 0x00, 0x00, 0x00, 0x00, 0xAC,
  0xF0, 0x00, 0x00, 0x00, 0x00, 0x00, 0x00, 0xAC, 0xF0, 0x00, 0x00, 0x00, 0x00, 0x00, 0x00, 0xAC,
  0xF0, 0x00, 0x00, 0x00, 0x00, 0x00, 0x00, 0xAC, 0xF0, 0x00, 0x00, 0x00, 0x00, 0x00, 0x00, 0xAC,
  0xF0, 0x00, 0x00, 0x00, 0x00, 0x00, 0x00, 0xAC, 0xF0, 0x00, 0x00, 0x00, 0x00, 0x00, 0x00, 0xAC,
  0xF0, 0x00, 0x00, 0x00, 0x00, 0x00, 0x00, 0xAC, 0xF0, 0x00, 0x00, 0x00, 0x00, 0x00, 0x00, 0xAC,
  0xF0, 0x00, 0x00, 0x00, 0x00, 0x00, 0x00, 0xAC, 0xF0, 0x00, 0x00, 0x00, 0x00, 0x00, 0x00, 0xAC,
  0xF0, 0x00, 0x00, 0x00, 0x00, 0x00, 0x00, 0xAC, 0xF0, 0x00, 0x00, 0x00, 0x00, 0x00, 0x00, 0xAC,
  0xF0, 0x00, 0x00, 0x00, 0x66, 0xF4, 0xC9, 0x3C, 0x00, 0x00, 0x50, 0xED, 0xFF, 0xC0, 0x00, 0x00,
  0x00, 0x2D, 0xFF, 0xD0, 0x00, 0x00, 0x00, 0x20, 0xFF, 0xD0, 0x00, 0x00, 0x00, 0x1C, 0xFF, 0xEA,
  0x0B, 0x00, 0x00, 0x01, 0xAF, 0xFE, 0xEB, 0x86, 0x00, 0x00, 0x63, 0xDF, 0xFF, 0xB0, 0x00, 0x11,
  0xFE, 0xF8, 0x42, 0x05, 0x00, 0x20, 0xFF, 0xD2, 0x00, 0x00, 0x00, 0x20, 0xFF, 0xD0, 0x00, 0x00,
  0x04, 0x59, 0xFF, 0xCE, 0x00, 0x00, 0x68, 0xFF, 0xFF, 0xA6, 0x00, 0x00, 0x4B, 0xB0, 0x85, 0x13,
  0x00, 0x00, 0x01, 0x6F, 0xB0, 0x93, 0x37, 0x00, 0x00, 0x51, 0x00, 0x56, 0xFF, 0xFF, 0xFF, 0xFF,
  0xDB, 0xCE, 0xEB, 0x00, 0x4F, 0x53, 0x09, 0x43, 0xAB, 0xF0, 0xE7, 0x6F, 0x00, 0x00, 0x00, 0x00,
  0x00, 0x00, 0x00, 0x00, 0x00, 0x00, 0x00, 0x00, 0x00, 0x00, 0x00, 0x00, 0x00, 0x00, 0x00, 0x00,
  0x00, 0x00, 0x00, 0x00, 0x00, 0x00, 0x00, 0x00, 0x00, 0x00, 0x00, 0x00, 0x00, 0x00, 0x00, 0x00,
  0x00,
};

static const uint8_t NOTES_FONT_BODY[] = {
  0x00, 0x00, 0x00, 0x5E, 0x00, 0x00, 0x00, 0x0B, 0x00, 0x00, 0x00, 0x0E, 0x00, 0x00, 0x00, 0x00,
  0x00, 0x00, 0x00, 0x0F, 0x00, 0x00, 0x00, 0x05, 0x00, 0x00, 0x00, 0x21, 0x00, 0x00, 0x00, 0x0A,
  0x00, 0x00, 0x00, 0x04, 0x00, 0x00, 0x00, 0x04, 0x00, 0x00, 0x00, 0x0A, 0x00, 0x00, 0x00, 0x00,
  0x00, 0x00, 0x00, 0x00, 0x00, 0x00, 0x00, 0x22, 0x00, 0x00, 0x00, 0x0A, 0x00, 0x00, 0x00, 0x06,
  0x00, 0x00, 0x00, 0x06, 0x00, 0x00, 0x00, 0x0A, 0x00, 0x00, 0x00, 0x00, 0x00, 0x00, 0x00, 0x00,
  0x00, 0x00, 0x00, 0x23, 0x00, 0x00, 0x00, 0x0A, 0x00, 0x00, 0x00, 0x09, 0x00, 0x00, 0x00, 0x09,
  0x00, 0x00, 0x00, 0x0A, 0x00, 0x00, 0x00, 0x00, 0x00, 0x00, 0x00, 0x00, 0x00, 0x00, 0x00, 0x24,
  0x00, 0x00, 0x00, 0x0C, 0x00, 0x00, 0x00, 0x08, 0x00, 0x00, 0x00, 0x08, 0x00, 0x00, 0x00, 0x0B,
  0x00, 0x00, 0x00, 0x00, 0x00, 0x00, 0x00, 0x00, 0x00, 0x00, 0x00, 0x25, 0x00, 0x00, 0x00, 0x0A,
  0x00, 0x00, 0x00, 0x0C, 0x00, 0x00, 0x00, 0x0C, 0x00, 0x00, 0x00, 0x0A, 0x00, 0x00, 0x00, 0x00,
  0x00, 0x00, 0x00, 0x00, 0x00, 0x00, 0x00, 0x26, 0x00, 0x00, 0x00, 0x0A, 0x00, 0x00, 0x00, 0x0B,
  0x00, 0x00, 0x00, 0x0A, 0x00, 0x00, 0x00, 0x0A, 0x00, 0x00, 0x00, 0x00, 0x00, 0x00, 0x00, 0x00,
  0x00, 0x00, 0x00, 0x27, 0x00, 0x00, 0x00, 0x0A, 0x00, 0x00, 0x00, 0x03, 0x00, 0x00, 0x00, 0x03,
  0x00, 0x00, 0x00, 0x0A, 0x00, 0x00, 0x00, 0x00, 0x00, 0x00, 0x00, 0x00, 0x00, 0x00, 0x00, 0x28,
  0x00, 0x00, 0x00, 0x0D, 0x00, 0x00, 0x00, 0x04, 0x00, 0x00, 0x00, 0x04, 0x00, 0x00, 0x00, 0x0A,
  0x00, 0x00, 0x00, 0x00, 0x00, 0x00, 0x00, 0x00, 0x00, 0x00, 0x00, 0x29, 0x00, 0x00, 0x00, 0x0D,
  0x00, 0x00, 0x00, 0x04, 0x00, 0x00, 0x00, 0x04, 0x00, 0x00, 0x00, 0x0A, 0x00, 0x00, 0x00, 0x00,
  0x00, 0x00, 0x00, 0x00, 0x00, 0x00, 0x00, 0x2A, 0x00, 0x00, 0x00, 0x0B, 0x00, 0x00, 0x00, 0x08,
  0x00, 0x00, 0x00, 0x08, 0x00, 0x00, 0x00, 0x0B, 0x00, 0x00, 0x00, 0x00, 0x00, 0x00, 0x00, 0x00,
  0x00, 0x00, 0x00, 0x2B, 0x00, 0x00, 0x00, 0x09, 0x00, 0x00, 0x00, 0x08, 0x00, 0x00, 0x00, 0x08,
  0x00, 0x00, 0x00, 0x09, 0x00, 0x00, 0x00, 0x00, 0x00, 0x00, 0x00, 0x00, 0x00, 0x00, 0x00, 0x2C,
  0x00, 0x00, 0x00, 0x04, 0x00, 0x00, 0x00, 0x04, 0x00, 0x00, 0x00, 0x04, 0x00, 0x00, 0x00, 0x02,
  0x00, 0x00, 0x00, 0x00, 0x00, 0x00, 0x00, 0x00, 0x00, 0x00, 0x00, 0x2D, 0x00, 0x00, 0x00, 0x05,
  0x00, 0x00, 0x00, 0x05, 0x00, 0x00, 0x00, 0x05, 0x00, 0x00, 0x00, 0x05, 0x00, 0x00, 0x00, 0x00,
  0x00, 0x00, 0x00, 0x00, 0x00, 0x00, 0x00, 0x2E, 0x00, 0x00, 0x00, 0x02, 0x00, 0x00, 0x00, 0x04,
  0x00, 0x00, 0x00, 0x04, 0x00, 0x00, 0x00, 0x02, 0x00, 0x00, 0x00, 0x00, 0x00, 0x00, 0x00, 0x00,
  0x00, 0x00, 0x00, 0x2F, 0x00, 0x00, 0x00, 0x0A, 0x00, 0x00, 0x00, 0x06, 0x00, 0x00, 0x00, 0x05,
  0x00, 0x00, 0x00, 0x0A, 0x00, 0x00, 0x00, 0x00, 0x00, 0x00, 0x00, 0x00, 0x00, 0x00, 0x00, 0x30,
  0x00, 0x00, 0x00, 0x0A, 0x00, 0x00, 0x00, 0x08, 0x00, 0x00, 0x00, 0x08, 0x00, 0x00, 0x00, 0x0A,
  0x00, 0x00, 0x00, 0x00, 0x00, 0x00, 0x00, 0x00, 0x00, 0x00, 0x00, 0x31, 0x00, 0x00, 0x00, 0x0A,
  0x00, 0x00, 0x00, 0x08, 0x00, 0x00, 0x00, 0x08, 0x00, 0x00, 0x00, 0x0A, 0x00, 0x00, 0x00, 0x00,
  0x00, 0x00, 0x00, 0x00, 0x00, 0x00, 0x00, 0x32, 0x00, 0x00, 0x00, 0x0A, 0x00, 0x00, 0x00, 0x08,
  0x00, 0x00, 0x00, 0x08, 0x00, 0x00, 0x00, 0x0A, 0x00, 0x00, 0x00, 0x00, 0x00, 0x00, 0x00, 0x00,
  0x00, 0x00, 0x00, 0x33, 0x00, 0x00, 0x00, 0x0A, 0x00, 0x00, 0x00, 0x08, 0x00, 0x00, 0x00, 0x08,
  0x00, 0x00, 0x00, 0x0A, 0x00, 0x00, 0x00, 0x00, 0x00, 0x00, 0x00, 0x00, 0x00, 0x00, 0x00, 0x34,
  0x00, 0x00, 0x00, 0x0A, 0x00, 0x00, 0x00, 0x08, 0x00, 0x00, 0x00, 0x08, 0x00, 0x00, 0x00, 0x0A,
  0x00, 0x00, 0x00, 0x00, 0x00, 0x00, 0x00, 0x00, 0x00, 0x00, 0x00, 0x35, 0x00, 0x00, 0x00, 0x0A,
  0x00, 0x00, 0x00, 0x08, 0x00, 0x00, 0x00, 0x08, 0x00, 0x00, 0x00, 0x0A, 0x00, 0x00, 0x00, 0x00,
  0x00, 0x00, 0x00, 0x00, 0x00, 0x00, 0x00, 0x36, 0x00, 0x00, 0x00, 0x0A, 0x00, 0x00, 0x00, 0x08,
  0x00, 0x00, 0x00, 0x08, 0x00, 0x00, 0x00, 0x0A, 0x00, 0x00, 0x00, 0x00, 0x00, 0x00, 0x00, 0x00,
  0x00, 0x00, 0x00, 0x37, 0x00, 0x00, 0x00, 0x0A, 0x00, 0x00, 0x00, 0x08, 0x00, 0x00, 0x00, 0x08,
  0x00, 0x00, 0x00, 0x0A, 0x00, 0x00, 0x00, 0x00, 0x00, 0x00, 0x00, 0x00, 0x00, 0x00, 0x00, 0x38,
  0x00, 0x00, 0x00, 0x0A, 0x00, 0x00, 0x00, 0x08, 0x00, 0x00, 0x00, 0x08, 0x00, 0x00, 0x00, 0x0A,
  0x00, 0x00, 0x00, 0x00, 0x00, 0x00, 0x00, 0x00, 0x00, 0x00, 0x00, 0x39, 0x00, 0x00, 0x00, 0x0A,
  0x00, 0x00, 0x00, 0x08, 0x00, 0x00, 0x00, 0x08, 0x00, 0x00, 0x00, 0x0A, 0x00, 0x00, 0x00, 0x00,
  0x00, 0x00, 0x00, 0x00, 0x00, 0x00, 0x00, 0x3A, 0x00, 0x00, 0x00, 0x08, 0x00, 0x00, 0x00, 0x04,
  0x00, 0x00, 0x00, 0x04, 0x00, 0x00, 0x00, 0x08, 0x00, 0x00, 0x00, 0x00, 0x00, 0x00, 0x00, 0x00,
  0x00, 0x00, 0x00, 0x3B, 0x00, 0x00, 0x00, 0x0A, 0x00, 0x00, 0x00, 0x04, 0x00, 0x00, 0x00, 0x04,
  0x00, 0x00, 0x00, 0x08, 0x00, 0x00, 0x00, 0x00, 0x00, 0x00, 0x00, 0x00, 0x00, 0x00, 0x00, 0x3C,
  0x00, 0x00, 0x00, 0x09, 0x00, 0x00, 0x00, 0x08, 0x00, 0x00, 0x00, 0x08, 0x00, 0x00, 0x00, 0x09,
  0x00, 0x00, 0x00, 0x00, 0x00, 0x00, 0x00, 0x00, 0x00, 0x00, 0x00, 0x3D, 0x00, 0x00, 0x00, 0x07,
  0x00, 0x00, 0x00, 0x08, 0x00, 0x00, 0x00, 0x08, 0x00, 0x00, 0x00, 0x07, 0x00, 0x00, 0x00, 0x00,
  0x00, 0x00, 0x00, 0x00, 0x00, 0x00, 0x00, 0x3E, 0x00, 0x00, 0x00, 0x09, 0x00, 0x00, 0x00, 0x08,
  0x00, 0x00, 0x00, 0x08, 0x00, 0x00, 0x00, 0x09, 0x00, 0x00, 0x00, 0x00, 0x00, 0x00, 0x00, 0x00,
  0x00, 0x00, 0x00, 0x3F, 0x00, 0x00, 0x00, 0x0A, 0x00, 0x00, 0x00, 0x06, 0x00, 0x00, 0x00, 0x06,
  0x00, 0x00, 0x00, 0x0A, 0x00, 0x00, 0x00, 0x00, 0x00, 0x00, 0x00, 0x00, 0x00, 0x00, 0x00, 0x40,
  0x00, 0x00, 0x00, 0x0C, 0x00, 0x00, 0x00, 0x0D, 0x00, 0x00, 0x00, 0x0D, 0x00, 0x00, 0x00, 0x0A,
  0x00, 0x00, 0x00, 0x00, 0x00, 0x00, 0x00, 0x00, 0x00, 0x00, 0x00, 0x41, 0x00, 0x00, 0x00, 0x0A,
  0x00, 0x00, 0x00, 0x09, 0x00, 0x00, 0x00, 0x09, 0x00, 0x00, 0x00, 0x0A, 0x00, 0x00, 0x00, 0x00,
  0x00, 0x00, 0x00, 0x00, 0x00, 0x00, 0x00, 0x42, 0x00, 0x00, 0x00, 0x0A, 0x00, 0x00, 0x00, 0x09,
  0x00, 0x00, 0x00, 0x09, 0x00, 0x00, 0x00, 0x0A, 0x00, 0x00, 0x00, 0x00, 0x00, 0x00, 0x00, 0x00,
  0x00, 0x00, 0x00, 0x43, 0x00, 0x00, 0x00, 0x0A, 0x00, 0x00, 0x00, 0x09, 0x00, 0x00, 0x00, 0x09,
  0x00, 0x00, 0x00, 0x0A, 0x00, 0x00, 0x00, 0x00, 0x00, 0x00, 0x00, 0x00, 0x00, 0x00, 0x00, 0x44,
  0x00, 0x00, 0x00, 0x0A, 0x00, 0x00, 0x00, 0x0A, 0x00, 0x00, 0x00, 0x0A, 0x00, 0x00, 0x00, 0x0A,
  0x00, 0x00, 0x00, 0x00, 0x00, 0x00, 0x00, 0x00, 0x00, 0x00, 0x00, 0x45, 0x00, 0x00, 0x00, 0x0A,
  0x00, 0x00, 0x00, 0x08, 0x00, 0x00, 0x00, 0x08, 0x00, 0x00, 0x00, 0x0A, 0x00, 0x00, 0x00, 0x00,
  0x00, 0x00, 0x00, 0x00, 0x00, 0x00, 0x00, 0x46, 0x00, 0x00, 0x00, 0x0A, 0x00, 0x00, 0x00, 0x07,
  0x00, 0x00, 0x00, 0x07, 0x00, 0x00, 0x00, 0x0A, 0x00, 0x00, 0x00, 0x00, 0x00, 0x00, 0x00, 0x00,
  0x00, 0x00, 0x00, 0x47, 0x00, 0x00, 0x00, 0x0A, 0x00, 0x00, 0x00, 0x0A, 0x00, 0x00, 0x00, 0x0A,
  0x00, 0x00, 0x00, 0x0A, 0x00, 0x00, 0x00, 0x00, 0x00, 0x00, 0x00, 0x00, 0x00, 0x00, 0x00, 0x48,
  0x00, 0x00, 0x00, 0x0A, 0x00, 0x00, 0x00, 0x0A, 0x00, 0x00, 0x00, 0x0A, 0x00, 0x00, 0x00, 0x0A,
  0x00, 0x00, 0x00, 0x00, 0x00, 0x00, 0x00, 0x00, 0x00, 0x00, 0x00, 0x49, 0x00, 0x00, 0x00, 0x0A,
  0x00, 0x00, 0x00, 0x05, 0x00, 0x00, 0x00, 0x05, 0x00, 0x00, 0x00, 0x0A, 0x00, 0x00, 0x00, 0x00,
  0x00, 0x00, 0x00, 0x00, 0x00, 0x00, 0x00, 0x4A, 0x00, 0x00, 0x00, 0x0E, 0x00, 0x00, 0x00, 0x06,
  0x00, 0x00, 0x00, 0x04, 0x00, 0x00, 0x00, 0x0A, 0xFF, 0xFF, 0xFF, 0xFE, 0x00, 0x00, 0x00, 0x00,
  0x00, 0x00, 0x00, 0x4B, 0x00, 0x00, 0x00, 0x0A, 0x00, 0x00, 0x00, 0x09, 0x00, 0x00, 0x00, 0x09,
  0x00, 0x00, 0x00, 0x0A, 0x00, 0x00, 0x00, 0x00, 0x00, 0x00, 0x00, 0x00, 0x00, 0x00, 0x00, 0x4C,
  0x00, 0x00, 0x00, 0x0A, 0x00, 0x00, 0x00, 0x07, 0x00, 0x00, 0x00, 0x07, 0x00, 0x00, 0x00, 0x0A,
  0x00, 0x00, 0x00, 0x00, 0x00, 0x00, 0x00, 0x00, 0x00, 0x00, 0x00, 0x4D, 0x00, 0x00, 0x00, 0x0A,
  0x00, 0x00, 0x00, 0x0D, 0x00, 0x00, 0x00, 0x0D, 0x00, 0x00, 0x00, 0x0A, 0x00, 0x00, 0x00, 0x00,
  0x00, 0x00, 0x00, 0x00, 0x00, 0x00, 0x00, 0x4E, 0x00, 0x00, 0x00, 0x0A, 0x00, 0x00, 0x00, 0x0B,
  0x00, 0x00, 0x00, 0x0B, 0x00, 0x00, 0x00, 0x0A, 0x00, 0x00, 0x00, 0x00, 0x00, 0x00, 0x00, 0x00,
  0x00, 0x00, 0x00, 0x4F, 0x00, 0x00, 0x00, 0x0A, 0x00, 0x00, 0x00, 0x0B, 0x00, 0x00, 0x00, 0x0B,
  0x00, 0x00, 0x00, 0x0A, 0x00, 0x00, 0x00, 0x00, 0x00, 0x00, 0x00, 0x00, 0x00, 0x00, 0x00, 0x50,
  0x00, 0x00, 0x00, 0x0A, 0x00, 0x00, 0x00, 0x08, 0x00, 0x00, 0x00, 0x08, 0x00, 0x00, 0x00, 0x0A,
  0x00, 0x00, 0x00, 0x00, 0x00, 0x00, 0x00, 0x00, 0x00, 0x00, 0x00, 0x51, 0x00, 0x00, 0x00, 0x0D,
  0x00, 0x00, 0x00, 0x0B, 0x00, 0x00, 0x00, 0x0B, 0x00, 0x00, 0x00, 0x0A, 0x00, 0x00, 0x00, 0x00,
  0x00, 0x00, 0x00, 0x00, 0x00, 0x00, 0x00, 0x52, 0x00, 0x00, 0x00, 0x0A, 0x00, 0x00, 0x00, 0x09,
  0x00, 0x00, 0x00, 0x09, 0x00, 0x00, 0x00, 0x0A, 0x00, 0x00, 0x00, 0x00, 0x00, 0x00, 0x00, 0x00,
  0x00, 0x00, 0x00, 0x53, 0x00, 0x00, 0x00, 0x0A, 0x00, 0x00, 0x00, 0x08, 0x00, 0x00, 0x00, 0x08,
  0x00, 0x00, 0x00, 0x0A, 0x00, 0x00, 0x00, 0x00, 0x00, 0x00, 0x00, 0x00, 0x00, 0x00, 0x00, 0x54,
  0x00, 0x00, 0x00, 0x0A, 0x00, 0x00, 0x00, 0x08, 0x00, 0x00, 0x00, 0x08, 0x00, 0x00, 0x00, 0x0A,
  0x00, 0x00, 0x00, 0x00, 0x00, 0x00, 0x00, 0x00, 0x00, 0x00, 0x00, 0x55, 0x00, 0x00, 0x00, 0x0A,
  0x00, 0x00, 0x00, 0x0A, 0x00, 0x00, 0x00, 0x0A, 0x00, 0x00, 0x00, 0x0A, 0x00, 0x00, 0x00, 0x00,
  0x00, 0x00, 0x00, 0x00, 0x00, 0x00, 0x00, 0x56, 0x00, 0x00, 0x00, 0x0A, 0x00, 0x00, 0x00, 0x09,
  0x00, 0x00, 0x00, 0x08, 0x00, 0x00, 0x00, 0x0A, 0x00, 0x00, 0x00, 0x00, 0x00, 0x00, 0x00, 0x00,
  0x00, 0x00, 0x00, 0x57, 0x00, 0x00, 0x00, 0x0A, 0x00, 0x00, 0x00, 0x0D, 0x00, 0x00, 0x00, 0x0D,
  0x00, 0x00, 0x00, 0x0A, 0x00, 0x00, 0x00, 0x00, 0x00, 0x00, 0x00, 0x00, 0x00, 0x00, 0x00, 0x58,
  0x00, 0x00, 0x00, 0x0A, 0x00, 0x00, 0x00, 0x09, 0x00, 0x00, 0x00, 0x08, 0x00, 0x00, 0x00, 0x0A,
  0x00, 0x00, 0x00, 0x00, 0x00, 0x00, 0x00, 0x00, 0x00, 0x00, 0x00, 0x59, 0x00, 0x00, 0x00, 0x0A,
  0x00, 0x00, 0x00, 0x08, 0x00, 0x00, 0x00, 0x08, 0x00, 0x00, 0x00, 0x0A, 0x00, 0x00, 0x00, 0x00,
  0x00, 0x00, 0x00, 0x00, 0x00, 0x00, 0x00, 0x5A, 0x00, 0x00, 0x00, 0x0A, 0x00, 0x00, 0x00, 0x08,
  0x00, 0x00, 0x00, 0x08, 0x00, 0x00, 0x00, 0x0A, 0x00, 0x00, 0x00, 0x00, 0x00, 0x00, 0x00, 0x00,
  0x00, 0x00, 0x00, 0x5B, 0x00, 0x00, 0x00, 0x0E, 0x00, 0x00, 0x00, 0x05, 0x00, 0x00, 0x00, 0x05,
  0x00, 0x00, 0x00, 0x0A, 0x00, 0x00, 0x00, 0x00, 0x00, 0x00, 0x00, 0x00, 0x00, 0x00, 0x00, 0x5C,
  0x00, 0x00, 0x00, 0x0A, 0x00, 0x00, 0x00, 0x06, 0x00, 0x00, 0x00, 0x05, 0x00, 0x00, 0x00, 0x0A,
  0x00, 0x00, 0x00, 0x00, 0x00, 0x00, 0x00, 0x00, 0x00, 0x00, 0x00, 0x5D, 0x00, 0x00, 0x00, 0x0E,
  0x00, 0x00, 0x00, 0x05, 0x00, 0x00, 0x00, 0x05, 0x00, 0x00, 0x00, 0x0A, 0x00, 0x00, 0x00, 0x00,
  0x00, 0x00, 0x00, 0x00, 0x00, 0x00, 0x00, 0x5E, 0x00, 0x00, 0x00, 0x0B, 0x00, 0x00, 0x00, 0x08,
  0x00, 0x00, 0x00, 0x08, 0x00, 0x00, 0x00, 0x0B, 0x00, 0x00, 0x00, 0x00, 0x00, 0x00, 0x00, 0x00,
  0x00, 0x00, 0x00, 0x5F, 0x00, 0x00, 0x00, 0x03, 0x00, 0x00, 0x00, 0x08, 0x00, 0x00, 0x00, 0x06,
  0x00, 0x00, 0x00, 0x00, 0xFF, 0xFF, 0xFF, 0xFF, 0x00, 0x00, 0x00, 0x00, 0x00, 0x00, 0x00, 0x60,
  0x00, 0x00, 0x00, 0x0C, 0x00, 0x00, 0x00, 0x04, 0x00, 0x00, 0x00, 0x04, 0x00, 0x00, 0x00, 0x0C,
  0x00, 0x00, 0x00, 0x00, 0x00, 0x00, 0x00, 0x00, 0x00, 0x00, 0x00, 0x61, 0x00, 0x00, 0x00, 0x08,
  0x00, 0x00, 0x00, 0x08, 0x00, 0x00, 0x00, 0x08, 0x00, 0x00, 0x00, 0x08, 0x00, 0x00, 0x00, 0x00,
  0x00, 0x00, 0x00, 0x00, 0x00, 0x00, 0x00, 0x62, 0x00, 0x00, 0x00, 0x0B, 0x00, 0x00, 0x00, 0x09,
  0x00, 0x00, 0x00, 0x09, 0x00, 0x00, 0x00, 0x0B, 0x00, 0x00, 0x00, 0x00, 0x00, 0x00, 0x00, 0x00,
  0x00, 0x00, 0x00, 0x63, 0x00, 0x00, 0x00, 0x08, 0x00, 0x00, 0x00, 0x07, 0x00, 0x00, 0x00, 0x07,
  0x00, 0x00, 0x00, 0x08, 0x00, 0x00, 0x00, 0x00, 0x00, 0x00, 0x00, 0x00, 0x00, 0x00, 0x00, 0x64,
  0x00, 0x00, 0x00, 0x0B, 0x00, 0x00, 0x00, 0x09, 0x00, 0x00, 0x00, 0x09, 0x00, 0x00, 0x00, 0x0B,
  0x00, 0x00, 0x00, 0x00, 0x00, 0x00, 0x00, 0x00, 0x00, 0x00, 0x00, 0x65, 0x00, 0x00, 0x00, 0x08,
  0x00, 0x00, 0x00, 0x08, 0x00, 0x00, 0x00, 0x08, 0x00, 0x00, 0x00, 0x08, 0x00, 0x00, 0x00, 0x00,
  0x00, 0x00, 0x00, 0x00, 0x00, 0x00, 0x00, 0x66, 0x00, 0x00, 0x00, 0x0B, 0x00, 0x00, 0x00, 0x06,
  0x00, 0x00, 0x00, 0x05, 0x00, 0x00, 0x00, 0x0B, 0x00, 0x00, 0x00, 0x00, 0x00, 0x00, 0x00, 0x00,
  0x00, 0x00, 0x00, 0x67, 0x00, 0x00, 0x00, 0x0C, 0x00, 0x00, 0x00, 0x09, 0x00, 0x00, 0x00, 0x09,
  0x00, 0x00, 0x00, 0x08, 0x00, 0x00, 0x00, 0x00, 0x00, 0x00, 0x00, 0x00, 0x00, 0x00, 0x00, 0x68,
  0x00, 0x00, 0x00, 0x0B, 0x00, 0x00, 0x00, 0x09, 0x00, 0x00, 0x00, 0x09, 0x00, 0x00, 0x00, 0x0B,
  0x00, 0x00, 0x00, 0x00, 0x00, 0x00, 0x00, 0x00, 0x00, 0x00, 0x00, 0x69, 0x00, 0x00, 0x00, 0x0B,
  0x00, 0x00, 0x00, 0x04, 0x00, 0x00, 0x00, 0x04, 0x00, 0x00, 0x00, 0x0B, 0x00, 0x00, 0x00, 0x00,
  0x00, 0x00, 0x00, 0x00, 0x00, 0x00, 0x00, 0x6A, 0x00, 0x00, 0x00, 0x0F, 0x00, 0x00, 0x00, 0x05,
  0x00, 0x00, 0x00, 0x04, 0x00, 0x00, 0x00, 0x0B, 0xFF, 0xFF, 0xFF, 0xFF, 0x00, 0x00, 0x00, 0x00,
  0x00, 0x00, 0x00, 0x6B, 0x00, 0x00, 0x00, 0x0B, 0x00, 0x00, 0x00, 0x08, 0x00, 0x00, 0x00, 0x07,
  0x00, 0x00, 0x00, 0x0B, 0x00, 0x00, 0x00, 0x00, 0x00, 0x00, 0x00, 0x00, 0x00, 0x00, 0x00, 0x6C,
  0x00, 0x00, 0x00, 0x0B, 0x00, 0x00, 0x00, 0x04, 0x00, 0x00, 0x00, 0x04, 0x00, 0x00, 0x00, 0x0B,
  0x00, 0x00, 0x00, 0x00, 0x00, 0x00, 0x00, 0x00, 0x00, 0x00, 0x00, 0x6D, 0x00, 0x00, 0x00, 0x08,
  0x00, 0x00, 0x00, 0x0D, 0x00, 0x00, 0x00, 0x0D, 0x00, 0x00, 0x00, 0x08, 0x00, 0x00, 0x00, 0x00,
  0x00, 0x00, 0x00, 0x00, 0x00, 0x00, 0x00, 0x6E, 0x00, 0x00, 0x00, 0x08, 0x00, 0x00, 0x00, 0x09,
  0x00, 0x00, 0x00, 0x09, 0x00, 0x00, 0x00, 0x08, 0x00, 0x00, 0x00, 0x00, 0x00, 0x00, 0x00, 0x00,
  0x00, 0x00, 0x00, 0x6F, 0x00, 0x00, 0x00, 0x08, 0x00, 0x00, 0x00, 0x08, 0x00, 0x00, 0x00, 0x08,
  0x00, 0x00, 0x00, 0x08, 0x00, 0x00, 0x00, 0x00, 0x00, 0x00, 0x00, 0x00, 0x00, 0x00, 0x00, 0x70,
  0x00, 0x00, 0x00, 0x0C, 0x00, 0x00, 0x00, 0x09, 0x00, 0x00, 0x00, 0x09, 0x00, 0x00, 0x00, 0x08,
  0x00, 0x00, 0x00, 0x00, 0x00, 0x00, 0x00, 0x00, 0x00, 0x00, 0x00, 0x71, 0x00, 0x00, 0x00, 0x0C,
  0x00, 0x00, 0x00, 0x09, 0x00, 0x00, 0x00, 0x09, 0x00, 0x00, 0x00, 0x08, 0x00, 0x00, 0x00, 0x00,
  0x00, 0x00, 0x00, 0x00, 0x00, 0x00, 0x00, 0x72, 0x00, 0x00, 0x00, 0x08, 0x00, 0x00, 0x00, 0x06,
  0x00, 0x00, 0x00, 0x06, 0x00, 0x00, 0x00, 0x08, 0x00, 0x00, 0x00, 0x00, 0x00, 0x00, 0x00, 0x00,
  0x00, 0x00, 0x00, 0x73, 0x00, 0x00, 0x00, 0x08, 0x00, 0x00, 0x00, 0x07, 0x00, 0x00, 0x00, 0x07,
  0x00, 0x00, 0x00, 0x08, 0x00, 0x00, 0x00, 0x00, 0x00, 0x00, 0x00, 0x00, 0x00, 0x00, 0x00, 0x74,
  0x00, 0x00, 0x00, 0x0A, 0x00, 0x00, 0x00, 0x05, 0x00, 0x00, 0x00, 0x05, 0x00, 0x00, 0x00, 0x0A,
  0x00, 0x00, 0x00, 0x00, 0x00, 0x00, 0x00, 0x00, 0x00, 0x00, 0x00, 0x75, 0x00, 0x00, 0x00, 0x08,
  0x00, 0x00, 0x00, 0x09, 0x00, 0x00, 0x00, 0x09, 0x00, 0x00, 0x00, 0x08, 0x00, 0x00, 0x00, 0x00,
  0x00, 0x00, 0x00, 0x00, 0x00, 0x00, 0x00, 0x76, 0x00, 0x00, 0x00, 0x08, 0x00, 0x00, 0x00, 0x08,
  0x00, 0x00, 0x00, 0x07, 0x00, 0x00, 0x00, 0x08, 0x00, 0x00, 0x00, 0x00, 0x00, 0x00, 0x00, 0x00,
  0x00, 0x00, 0x00, 0x77, 0x00, 0x00, 0x00, 0x08, 0x00, 0x00, 0x00, 0x0B, 0x00, 0x00, 0x00, 0x0B,
  0x00, 0x00, 0x00, 0x08, 0x00, 0x00, 0x00, 0x00, 0x00, 0x00, 0x00, 0x00, 0x00, 0x00, 0x00, 0x78,
  0x00, 0x00, 0x00, 0x08, 0x00, 0x00, 0x00, 0x08, 0x00, 0x00, 0x00, 0x07, 0x00, 0x00, 0x00, 0x08,
  0x00, 0x00, 0x00, 0x00, 0x00, 0x00, 0x00, 0x00, 0x00, 0x00, 0x00, 0x79, 0x00, 0x00, 0x00, 0x0C,
  0x00, 0x00, 0x00, 0x08, 0x00, 0x00, 0x00, 0x07, 0x00, 0x00, 0x00, 0x08, 0x00, 0x00, 0x00, 0x00,
  0x00, 0x00, 0x00, 0x00, 0x00, 0x00, 0x00, 0x7A, 0x00, 0x00, 0x00, 0x08, 0x00, 0x00, 0x00, 0x07,
  0x00, 0x00, 0x00, 0x07, 0x00, 0x00, 0x00, 0x08, 0x00, 0x00, 0x00, 0x00, 0x00, 0x00, 0x00, 0x00,
  0x00, 0x00, 0x00, 0x7B, 0x00, 0x00, 0x00, 0x0E, 0x00, 0x00, 0x00, 0x05, 0x00, 0x00, 0x00, 0x05,
  0x00, 0x00, 0x00, 0x0A, 0x00, 0x00, 0x00, 0x00, 0x00, 0x00, 0x00, 0x00, 0x00, 0x00, 0x00, 0x7C,
  0x00, 0x00, 0x00, 0x0F, 0x00, 0x00, 0x00, 0x08, 0x00, 0x00, 0x00, 0x08, 0x00, 0x00, 0x00, 0x0B,
  0x00, 0x00, 0x00, 0x00, 0x00, 0x00, 0x00, 0x00, 0x00, 0x00, 0x00, 0x7D, 0x00, 0x00, 0x00, 0x0E,
  0x00, 0x00, 0x00, 0x05, 0x00, 0x00, 0x00, 0x05, 0x00, 0x00, 0x00, 0x0A, 0x00, 0x00, 0x00, 0x00,
  0x00, 0x00, 0x00, 0x00, 0x00, 0x00, 0x00, 0x7E, 0x00, 0x00, 0x00, 0x06, 0x00, 0x00, 0x00, 0x08,
  0x00, 0x00, 0x00, 0x08, 0x00, 0x00, 0x00, 0x06, 0x00, 0x00, 0x00, 0x00, 0x00, 0x00, 0x00, 0x00,
  0x00, 0xD6, 0x99, 0x00, 0x00, 0xC9, 0x8C, 0x00, 0x00, 0xBD, 0x80, 0x00, 0x00, 0xB0, 0x73, 0x00,
  0x00, 0xA4, 0x67, 0x00, 0x00, 0x97, 0x5A, 0x00, 0x00, 0x8A, 0x4E, 0x00, 0x00, 0x00, 0x00, 0x00,
  0x00, 0xC1, 0x87, 0x00, 0x00, 0xCA, 0x8D, 0x00, 0x0C, 0xFF, 0x2F, 0x7D, 0xBF, 0x00, 0x00, 0xF4,
  0x17, 0x65, 0xA7, 0x00, 0x00, 0xD9, 0x02, 0x4C, 0x8F, 0x00, 0x00, 0x00, 0x00, 0x00, 0x00, 0x00,
  0x00, 0x00, 0x00, 0x00, 0x00, 0x00, 0x00, 0x00, 0x00, 0x00, 0x00, 0x00, 0x00, 0x00, 0x00, 0x00,
  0x00, 0x00, 0x00, 0x00, 0x00, 0x00, 0x00, 0x00, 0x00, 0x00, 0x00, 0x00, 0x00, 0x00, 0x00, 0x00,
  0x00, 0x00, 0x00, 0x00, 0x00, 0x00, 0x00, 0xA0, 0x63, 0x00, 0x98, 0x5F, 0x00, 0x00, 0x00, 0x00,
  0xCF, 0x34, 0x00, 0xC7, 0x30, 0x00, 0x00, 0x00, 0x04, 0xF5, 0x09, 0x01, 0xEF, 0x06, 0x00, 0x1E,
  0xF0, 0xF1, 0xFE, 0xF0, 0xF0, 0xFE, 0xF0, 0xA5, 0x04, 0x20, 0x6F, 0xAB, 0x20, 0x74, 0xAA, 0x20,
  0x16, 0x00, 0x00, 0x93, 0x6B, 0x00, 0x95, 0x68, 0x00, 0x00, 0x9D, 0xF0, 0xFB, 0xF4, 0xF0, 0xFB,
  0xF4, 0xF0, 0x30, 0x15, 0x21, 0xF5, 0x28, 0x22, 0xF5, 0x27, 0x20, 0x06, 0x00, 0x25, 0xD8, 0x00,
  0x2B, 0xD4, 0x00, 0x00, 0x00, 0x00, 0x54, 0xA8, 0x00, 0x5E, 0xA1, 0x00, 0x00, 0x00, 0x00, 0x00,
  0x00, 0x74, 0x70, 0x00, 0x00, 0x00, 0x00, 0x19, 0x8C, 0xD5, 0xD4, 0x9A, 0x4E, 0x00, 0x00, 0xD3,
  0xBF, 0xB1, 0xAA, 0x8E, 0x8B, 0x00, 0x14, 0xFF, 0x20, 0x74, 0x70, 0x00, 0x00, 0x00, 0x01, 0xE3,
  0x9A, 0x8D, 0x70, 0x00, 0x00, 0x00, 0x00, 0x2E, 0xC5, 0xFF, 0xD3, 0x67, 0x06, 0x00, 0x00, 0x00,
  0x00, 0x7E, 0xC0, 0xDD, 0xC8, 0x03, 0x00, 0x00, 0x00, 0x74, 0x70, 0x13, 0xFF, 0x2D, 0x11, 0x52,
  0x17, 0x75, 0x7C, 0x68, 0xF5, 0x0F, 0x16, 0xE5, 0xFF, 0xFE, 0xFF, 0xD8, 0x47, 0x00, 0x00, 0x00,
  0x12, 0x86, 0x76, 0x00, 0x00, 0x00, 0x00, 0x00, 0x00, 0x72, 0x6E, 0x00, 0x00, 0x00, 0x00, 0x7B,
  0xEF, 0xC9, 0x1B, 0x00, 0x00, 0x3B, 0xD4, 0x03, 0x00, 0x00, 0x18, 0xEF, 0x2D, 0x96, 0x94, 0x00,
  0x00, 0xC8, 0x4A, 0x00, 0x00, 0x00, 0x43, 0xBF, 0x00, 0x3D, 0xC5, 0x00, 0x58, 0xBC, 0x00, 0x00,
  0x00, 0x00, 0x44, 0xBC, 0x00, 0x39, 0xC8, 0x06, 0xDC, 0x7B, 0xD8, 0xBF, 0x19, 0x00, 0x1C, 0xEA,
  0x11, 0x7F, 0x9D, 0x74, 0xA1, 0xE3, 0x55, 0x94, 0x9B, 0x00, 0x00, 0x8F, 0xFB, 0xE8, 0x3C, 0xE5,
  0x3B, 0xE7, 0x00, 0x2B, 0xDB, 0x00, 0x00, 0x00, 0x0F, 0x02, 0x90, 0x84, 0x2E, 0xD7, 0x00, 0x18,
  0xED, 0x00, 0x00, 0x00, 0x00, 0x23, 0xE3, 0x0D, 0x1D, 0xE5, 0x00, 0x29, 0xDD, 0x00, 0x00, 0x00,
  0x00, 0xAC, 0x68, 0x00, 0x01, 0xE0, 0x43, 0x88, 0xA3, 0x00, 0x00, 0x00, 0x39, 0xD6, 0x03, 0x00,
  0x00, 0x4B, 0xE7, 0xD2, 0x23, 0x00, 0x00, 0x00, 0x72, 0xE4, 0xF4, 0xB5, 0x13, 0x00, 0x00, 0x00,
  0x00, 0x00, 0x2D, 0xFC, 0x46, 0x21, 0xCD, 0x8B, 0x00, 0x00, 0x00, 0x00, 0x00, 0x41, 0xF2, 0x04,
  0x00, 0xA3, 0x98, 0x00, 0x00, 0x00, 0x00, 0x00, 0x05, 0xD6, 0x8B, 0x6D, 0xEB, 0x2A, 0x00, 0x00,
  0x00, 0x00, 0x00, 0x00, 0x69, 0xFF, 0xEA, 0x24, 0x00, 0x00, 0x00, 0x00, 0x00, 0x00, 0x77, 0xE4,
  0x58, 0xDD, 0x93, 0x01, 0x00, 0xCE, 0x6D, 0x00, 0x1C, 0xFD, 0x3A, 0x00, 0x1C, 0xDA, 0xA1, 0x3B,
  0xF6, 0x16, 0x00, 0x37, 0xFF, 0x16, 0x00, 0x00, 0x19, 0xD6, 0xF8, 0x76, 0x00, 0x00, 0x0B, 0xEB,
  0xA2, 0x21, 0x1D, 0x66, 0xEA, 0xE7, 0xB3, 0x06, 0x00, 0x00, 0x35, 0xBF, 0xF2, 0xF3, 0xC1, 0x41,
  0x15, 0xD7, 0xB2, 0x06, 0x0C, 0xFF, 0x2F, 0x00, 0xF4, 0x17, 0x00, 0xD9, 0x02, 0x00, 0x00, 0x00,
  0x00, 0x00, 0x00, 0x00, 0x00, 0x00, 0x00, 0x00, 0x00, 0x00, 0x00, 0x00, 0x00, 0x00, 0x00, 0x00,
  0x00, 0x00, 0x00, 0x00, 0xB2, 0x7C, 0x00, 0x4F, 0xE5, 0x08, 0x00, 0xBC, 0x86, 0x00, 0x0E, 0xFE,
  0x35, 0x00, 0x41, 0xF9, 0x06, 0x00, 0x5E, 0xE2, 0x00, 0x00, 0x6B, 0xD4, 0x00, 0x00, 0x60, 0xE1,
  0x00, 0x00, 0x45, 0xF8, 0x05, 0x00, 0x11, 0xFE, 0x34, 0x00, 0x00, 0xC1, 0x84, 0x00, 0x00, 0x52,
  0xE5, 0x08, 0x00, 0x00, 0xB1, 0x78, 0x4A, 0xDC, 0x09, 0x00, 0x00, 0xBC, 0x7F, 0x00, 0x00, 0x56,
  0xE7, 0x04, 0x00, 0x0A, 0xFB, 0x3D, 0x00, 0x00, 0xCD, 0x74, 0x00, 0x00, 0xAF, 0x91, 0x00, 0x00,
  0xA0, 0x9F, 0x00, 0x00, 0xAE, 0x92, 0x00, 0x00, 0xCC, 0x77, 0x00, 0x09, 0xFA, 0x40, 0x00, 0x54,
  0xEA, 0x06, 0x00, 0xBB, 0x83, 0x00, 0x46, 0xD9, 0x0A, 0x00, 0x00, 0x00, 0x00, 0xCF, 0x76, 0x00,
  0x00, 0x00, 0x00, 0x00, 0x00, 0xB4, 0x5D, 0x00, 0x00, 0x00, 0x48, 0xBF, 0x73, 0xB3, 0x7C, 0x8C,
  0xD2, 0x02, 0x28, 0x76, 0x92, 0xFD, 0xDC, 0x86, 0x6E, 0x08, 0x00, 0x00, 0x83, 0xA8, 0xE7, 0x33,
  0x00, 0x00, 0x00, 0x39, 0xFC, 0x31, 0x82, 0xDB, 0x0A, 0x00, 0x00, 0x08, 0x5C, 0x00, 0x15, 0x4F,
  0x00, 0x00, 0x00, 0x00, 0x00, 0x00, 0x00, 0x00, 0x00, 0x00, 0x00, 0x00, 0x00, 0x00, 0x00, 0x00,
  0x00, 0x00, 0x00, 0x00, 0x00, 0x00, 0x00, 0x00, 0x00, 0x00, 0x00, 0x00, 0x00, 0x00, 0x00, 0x00,
  0x00, 0x00, 0x00, 0x00, 0x00, 0x84, 0x80, 0x00, 0x00, 0x00, 0x00, 0x00, 0x00, 0x84, 0x80, 0x00,
  0x00, 0x00, 0x00, 0x00, 0x00, 0x84, 0x80, 0x00, 0x00, 0x00, 0x47, 0xF0, 0xF0, 0xF8, 0xF8, 0xF0,
  0xF0, 0x43, 0x09, 0x20, 0x20, 0x93, 0x90, 0x20, 0x20, 0x09, 0x00, 0x00, 0x00, 0x84, 0x80, 0x00,
  0x00, 0x00, 0x00, 0x00, 0x00, 0x84, 0x80, 0x00, 0x00, 0x00, 0x00, 0x00, 0x00, 0x00, 0x00, 0x00,
  0x00, 0x00, 0x00, 0x00, 0x00, 0x00, 0x00, 0x00, 0x00, 0x00, 0x00, 0xCB, 0x95, 0x00, 0x01, 0xF2,
  0x51, 0x00, 0x23, 0xF6, 0x0C, 0x00, 0x54, 0xA9, 0x00, 0x00, 0x69, 0xF0, 0xF0, 0xE4, 0x00, 0x0E,
  0x20, 0x20, 0x1E, 0x00, 0x00, 0x00, 0x00, 0x00, 0x00, 0x00, 0x00, 0x00, 0x00, 0x00, 0x00, 0x00,
  0x00, 0x00, 0x00, 0x00, 0xC1, 0x86, 0x00, 0x00, 0xCA, 0x8D, 0x00, 0x00, 0x00, 0x00, 0x54, 0xDE,
  0x01, 0x00, 0x00, 0x00, 0xB3, 0x80, 0x00, 0x00, 0x00, 0x16, 0xFA, 0x22, 0x00, 0x00, 0x00, 0x71,
  0xC2, 0x00, 0x00, 0x00, 0x00, 0xD0, 0x63, 0x00, 0x00, 0x00, 0x2F, 0xF6, 0x0D, 0x00, 0x00, 0x00,
  0x8F, 0xA4, 0x00, 0x00, 0x00, 0x04, 0xE9, 0x45, 0x00, 0x00, 0x00, 0x4D, 0xE4, 0x02, 0x00, 0x00,
  0x00, 0xAC, 0x87, 0x00, 0x00, 0x00, 0x00, 0x00, 0x0C, 0xA2, 0xEE, 0xF0, 0x9A, 0x09, 0x00, 0x00,
  0x9D, 0xCF, 0x2F, 0x32, 0xD3, 0x93, 0x00, 0x09, 0xF9, 0x42, 0x00, 0x00, 0x45, 0xF6, 0x09, 0x35,
  0xFF, 0x08, 0x00, 0x00, 0x09, 0xFF, 0x36, 0x49, 0xF4, 0x00, 0x00, 0x00, 0x00, 0xF5, 0x4D, 0x4B,
  0xF4, 0x00, 0x00, 0x00, 0x00, 0xF5, 0x4B, 0x34, 0xFF, 0x08, 0x00, 0x00, 0x09, 0xFF, 0x37, 0x08,
  0xF6, 0x42, 0x00, 0x00, 0x45, 0xF9, 0x09, 0x00, 0x95, 0xCF, 0x2F, 0x31, 0xD1, 0x9B, 0x00, 0x00,
  0x0A, 0x9D, 0xF1, 0xEE, 0x9F, 0x0A, 0x00, 0x00, 0x00, 0x09, 0xA3, 0xF8, 0x00, 0x00, 0x00, 0x00,
  0x21, 0xCF, 0xBF, 0xF8, 0x00, 0x00, 0x00, 0x00, 0x6F, 0x73, 0x3A, 0xF8, 0x00, 0x00, 0x00, 0x00,
  0x00, 0x00, 0x3C, 0xF8, 0x00, 0x00, 0x00, 0x00, 0x00, 0x00, 0x3C, 0xF8, 0x00, 0x00, 0x00, 0x00,
  0x00, 0x00, 0x3C, 0xF8, 0x00, 0x00, 0x00, 0x00, 0x00, 0x00, 0x3C, 0xF8, 0x00, 0x00, 0x00, 0x00,
  0x00, 0x00, 0x3C, 0xF8, 0x00, 0x00, 0x00, 0x00, 0x00, 0x00, 0x3C, 0xF8, 0x00, 0x00, 0x00, 0x00,
  0x00, 0x00, 0x3C, 0xF8, 0x00, 0x00, 0x00, 0x00, 0x37, 0xC0, 0xF5, 0xE8, 0x9A, 0x0D, 0x00, 0x0B,
  0xD4, 0x66, 0x1A, 0x33, 0xD6, 0x95, 0x00, 0x00, 0x01, 0x00, 0x00, 0x00, 0x70, 0xD4, 0x00, 0x00,
  0x00, 0x00, 0x00, 0x00, 0x85, 0xBE, 0x00, 0x00, 0x00, 0x00, 0x00, 0x1A, 0xED, 0x54, 0x00, 0x00,
  0x00, 0x00, 0x0C, 0xC7, 0x9B, 0x00, 0x00, 0x00, 0x00, 0x0A, 0xBE, 0xAB, 0x03, 0x00, 0x00, 0x00,
  0x0A, 0xBD, 0xAB, 0x05, 0x00, 0x00, 0x00, 0x0A, 0xBD, 0xB3, 0x13, 0x10, 0x10, 0x10, 0x04, 0x53,
  0xFF, 0xFF, 0xFF, 0xFF, 0xFF, 0xFF, 0x48, 0x03, 0x66, 0xD2, 0xF8, 0xEA, 0xA9, 0x19, 0x00, 0x14,
  0xAA, 0x4E, 0x1E, 0x2D, 0xC5, 0xB2, 0x00, 0x00, 0x00, 0x00, 0x00, 0x00, 0x6B, 0xDA, 0x00, 0x00,
  0x00, 0x00, 0x00, 0x2D, 0xD5, 0x7D, 0x00, 0x00, 0x00, 0xCA, 0xF9, 0xFB, 0x87, 0x01, 0x00, 0x00,
  0x00, 0x1B, 0x29, 0x50, 0xCE, 0xAB, 0x00, 0x00, 0x00, 0x00, 0x00, 0x00, 0x2D, 0xFF, 0x20, 0x00,
  0x00, 0x00, 0x00, 0x00, 0x32, 0xFF, 0x21, 0x3F, 0x69, 0x2B, 0x17, 0x3A, 0xC8, 0xC5, 0x00, 0x31,
  0xBF, 0xEF, 0xFA, 0xE5, 0x9A, 0x14, 0x00, 0x00, 0x00, 0x00, 0x00, 0x63, 0xFF, 0x44, 0x00, 0x00,
  0x00, 0x00, 0x31, 0xE0, 0xE8, 0x44, 0x00, 0x00, 0x00, 0x11, 0xDC, 0x4B, 0xE7, 0x44, 0x00, 0x00,
  0x01, 0xB3, 0x7D, 0x00, 0xEB, 0x44, 0x00, 0x00, 0x7C, 0xB0, 0x01, 0x00, 0xEC, 0x44, 0x00, 0x44,
  0xD5, 0x0E, 0x00, 0x00, 0xEC, 0x44, 0x00, 0xB3, 0xFF, 0xFF, 0xFF, 0xFF, 0xFF, 0xFF, 0xBC, 0x1E,
  0x2C, 0x2C, 0x2C, 0x2C, 0xEF, 0x64, 0x20, 0x00, 0x00, 0x00, 0x00, 0x00, 0xEC, 0x44, 0x00, 0x00,
  0x00, 0x00, 0x00, 0x00, 0xEC, 0x44, 0x00, 0x00, 0x8D, 0xFF, 0xFF, 0xFF, 0xFF, 0x84, 0x00, 0x00,
  0xA5, 0x86, 0x10, 0x10, 0x10, 0x08, 0x00, 0x00, 0xBD, 0x63, 0x00, 0x00, 0x00, 0x00, 0x00, 0x00,
  0xD5, 0xE4, 0xE8, 0xD5, 0x8B, 0x0D, 0x00, 0x00, 0x30, 0x3C, 0x28, 0x4F, 0xDA, 0xAE, 0x00, 0x00,
  0x00, 0x00, 0x00, 0x00, 0x3E, 0xFF, 0x11, 0x00, 0x00, 0x00, 0x00, 0x00, 0x16, 0xFF, 0x27, 0x00,
  0x00, 0x00, 0x00, 0x00, 0x41, 0xFA, 0x06, 0x19, 0x88, 0x35, 0x19, 0x44, 0xD9, 0x8B, 0x00, 0x0F,
  0xAD, 0xE8, 0xF7, 0xD7, 0x77, 0x04, 0x00, 0x00, 0x00, 0x28, 0xAB, 0xEA, 0xFB, 0x88, 0x00, 0x00,
  0x27, 0xED, 0x7D, 0x27, 0x15, 0x18, 0x00, 0x00, 0xAF, 0x86, 0x00, 0x00, 0x00, 0x00, 0x00, 0x06,
  0xF8, 0x53, 0xC1, 0xE5, 0xB5, 0x25, 0x00, 0x20, 0xFF, 0xC6, 0x42, 0x2F, 0xA7, 0xDA, 0x06, 0x35,
  0xFF, 0x2C, 0x00, 0x00, 0x0D, 0xFA, 0x38, 0x2B, 0xFF, 0x15, 0x00, 0x00, 0x00, 0xE8, 0x4D, 0x07,
  0xF3, 0x54, 0x00, 0x00, 0x10, 0xFD, 0x2D, 0x00, 0x88, 0xE2, 0x38, 0x21, 0xA8, 0xC7, 0x00, 0x00,
  0x04, 0x85, 0xE8, 0xEF, 0xAE, 0x19, 0x00, 0x64, 0xFF, 0xFF, 0xFF, 0xFF, 0xFF, 0xFF, 0x53, 0x06,
  0x10, 0x10, 0x10, 0x10, 0x43, 0xF8, 0x16, 0x00, 0x00, 0x00, 0x00, 0x00, 0xA9, 0x9C, 0x00, 0x00,
  0x00, 0x00, 0x00, 0x21, 0xFB, 0x2B, 0x00, 0x00, 0x00, 0x00, 0x00, 0x93, 0xB7, 0x00, 0x00, 0x00,
  0x00, 0x00, 0x13, 0xF5, 0x45, 0x00, 0x00, 0x00, 0x00, 0x00, 0x7E, 0xD2, 0x00, 0x00, 0x00, 0x00,
  0x00, 0x08, 0xEA, 0x61, 0x00, 0x00, 0x00, 0x00, 0x00, 0x68, 0xE8, 0x07, 0x00, 0x00, 0x00, 0x00,
  0x02, 0xDA, 0x7D, 0x00, 0x00, 0x00, 0x00, 0x00, 0x22, 0xB3, 0xF4, 0xEF, 0xB0, 0x20, 0x00, 0x00,
  0xCB, 0xAC, 0x22, 0x24, 0xB0, 0xC5, 0x00, 0x00, 0xF1, 0x48, 0x00, 0x00, 0x49, 0xF1, 0x00, 0x00,
  0xA2, 0xB7, 0x0F, 0x11, 0xB5, 0x8F, 0x00, 0x00, 0x05, 0xA4, 0xEF, 0xED, 0x8B, 0x02, 0x00, 0x00,
  0x5A, 0xDD, 0x69, 0x8C, 0xEA, 0x55, 0x00, 0x22, 0xF9, 0x27, 0x00, 0x00, 0x36, 0xF9, 0x21, 0x44,
  0xF1, 0x00, 0x00, 0x00, 0x01, 0xF3, 0x42, 0x13, 0xF1, 0x88, 0x1F, 0x20, 0x8E, 0xEC, 0x10, 0x00,
  0x3B, 0xBF, 0xF0, 0xF0, 0xBC, 0x34, 0x00, 0x00, 0x21, 0xB6, 0xF4, 0xEA, 0x8B, 0x05, 0x00, 0x02,
  0xD8, 0xA4, 0x22, 0x2F, 0xD1, 0x94, 0x00, 0x35, 0xFD, 0x0B, 0x00, 0x00, 0x31, 0xF8, 0x0D, 0x3F,
  0xF7, 0x01, 0x00, 0x00, 0x07, 0xFE, 0x36, 0x12, 0xF4, 0x72, 0x03, 0x14, 0x9B, 0xFF, 0x40, 0x00,
  0x52, 0xE9, 0xFA, 0xF1, 0x70, 0xFF, 0x2B, 0x00, 0x00, 0x00, 0x16, 0x06, 0x39, 0xFC, 0x0E, 0x00,
  0x00, 0x00, 0x00, 0x00, 0xA1, 0xBB, 0x00, 0x00, 0x1C, 0x18, 0x28, 0x8C, 0xF5, 0x31, 0x00, 0x00,
  0x88, 0xFC, 0xEC, 0xB2, 0x2F, 0x00, 0x00, 0x00, 0xCC, 0x8F, 0x00, 0x00, 0xC1, 0x86, 0x00, 0x00,
  0x00, 0x00, 0x00, 0x00, 0x00, 0x00, 0x00, 0x00, 0x00, 0x00, 0x00, 0x00, 0x00, 0x00, 0x00, 0x00,
  0xC1, 0x86, 0x00, 0x00, 0xCA, 0x8D, 0x00, 0x00, 0xD3, 0x87, 0x00, 0x00, 0xD1, 0x85, 0x00, 0x00,
  0x00, 0x00, 0x00, 0x00, 0x00, 0x00, 0x00, 0x00, 0x00, 0x00, 0x00, 0x00, 0x00, 0x00, 0x00, 0x00,
  0xEF, 0x75, 0x00, 0x17, 0xFF, 0x31, 0x00, 0x44, 0xE1, 0x01, 0x00, 0x76, 0x89, 0x00, 0x00, 0x00,
  0x00, 0x00, 0x00, 0x00, 0x00, 0x22, 0x21, 0x00, 0x00, 0x00, 0x00, 0x22, 0x9D, 0xE5, 0x31, 0x00,
  0x00, 0x22, 0x9D, 0xDD, 0x6E, 0x0A, 0x00, 0x16, 0x9D, 0xD2, 0x60, 0x05, 0x00, 0x00, 0x00, 0x29,
  0xD4, 0xB9, 0x4D, 0x02, 0x00, 0x00, 0x00, 0x00, 0x00, 0x46, 0xB6, 0xDE, 0x77, 0x14, 0x00, 0x00,
  0x00, 0x00, 0x00, 0x27, 0x97, 0xED, 0x3B, 0x00, 0x00, 0x00, 0x00, 0x00, 0x00, 0x11, 0x17, 0x00,
  0x00, 0x00, 0x00, 0x00, 0x00, 0x00, 0x00, 0x34, 0xF0, 0xF0, 0xF0, 0xF0, 0xF0, 0xF0, 0x30, 0x07,
  0x20, 0x20, 0x20, 0x20, 0x20, 0x20, 0x06, 0x00, 0x00, 0x00, 0x00, 0x00, 0x00, 0x00, 0x00, 0x34,
  0xF0, 0xF0, 0xF0, 0xF0, 0xF0, 0xF0, 0x30, 0x07, 0x20, 0x20, 0x20, 0x20, 0x20, 0x20, 0x06, 0x00,
  0x00, 0x00, 0x00, 0x00, 0x00, 0x00, 0x00, 0x00, 0x00, 0x00, 0x00, 0x00, 0x00, 0x00, 0x00, 0x21,
  0x21, 0x00, 0x00, 0x00, 0x00, 0x00, 0x00, 0x31, 0xE6, 0x9D, 0x21, 0x00, 0x00, 0x00, 0x00, 0x00,
  0x0A, 0x70, 0xDE, 0x9D, 0x21, 0x00, 0x00, 0x00, 0x00, 0x00, 0x06, 0x63, 0xD5, 0x9D, 0x16, 0x00,
  0x00, 0x00, 0x02, 0x4A, 0xB7, 0xD4, 0x29, 0x00, 0x14, 0x76, 0xDC, 0xB6, 0x46, 0x00, 0x00, 0x3B,
  0xED, 0x97, 0x27, 0x00, 0x00, 0x00, 0x00, 0x17, 0x11, 0x00, 0x00, 0x00, 0x00, 0x00, 0x00, 0x00,
  0x00, 0x00, 0x00, 0x00, 0x00, 0x00, 0x00, 0x5F, 0xC9, 0xF1, 0xEC, 0xA1, 0x0B, 0x59, 0x53, 0x1E,
  0x2C, 0xD0, 0x85, 0x00, 0x00, 0x00, 0x00, 0x85, 0xA9, 0x00, 0x00, 0x00, 0x14, 0xDC, 0x60, 0x00,
  0x00, 0x20, 0xDB, 0x83, 0x00, 0x00, 0x00, 0xCA, 0x72, 0x00, 0x00, 0x00, 0x06, 0xF3, 0x01, 0x00,
  0x00, 0x00, 0x00, 0x00, 0x00, 0x00, 0x00, 0x00, 0x35, 0xDD, 0x34, 0x00, 0x00, 0x00, 0x38, 0xE8,
  0x37, 0x00, 0x00, 0x00, 0x00, 0x00, 0x28, 0x9C, 0xDF, 0xF8, 0xEB, 0xB7, 0x49, 0x00, 0x00, 0x00,
  0x00, 0x00, 0x5B, 0xEE, 0x86, 0x35, 0x18, 0x24, 0x65, 0xE0, 0x80, 0x00, 0x00, 0x00, 0x35, 0xE9,
  0x2B, 0x2E, 0xC6, 0xF7, 0xE3, 0x7F, 0x14, 0xDE, 0x3A, 0x00, 0x00, 0xB5, 0x62, 0x09, 0xE4, 0x7F,
  0x18, 0x7A, 0xAA, 0x00, 0x6A, 0x9A, 0x00, 0x09, 0xF1, 0x0A, 0x49, 0xDA, 0x00, 0x00, 0x6F, 0x9E,
  0x00, 0x3D, 0xBD, 0x00, 0x25, 0xDB, 0x00, 0x5C, 0xBC, 0x00, 0x00, 0x8B, 0x93, 0x00, 0x52, 0xB0,
  0x00, 0x23, 0xD9, 0x00, 0x32, 0xEE, 0x1B, 0x16, 0xCF, 0xB6, 0x06, 0xB6, 0x69, 0x00, 0x07, 0xF3,
  0x0F, 0x00, 0x98, 0xFC, 0xEF, 0x3C, 0xC1, 0xFC, 0xB4, 0x07, 0x00, 0x00, 0xA7, 0x86, 0x00, 0x00,
  0x0E, 0x08, 0x00, 0x02, 0x16, 0x00, 0x00, 0x00, 0x00, 0x19, 0xE3, 0x94, 0x25, 0x00, 0x02, 0x1C,
  0x5E, 0x0A, 0x00, 0x00, 0x00, 0x00, 0x00, 0x15, 0x99, 0xEE, 0xF9, 0xFA, 0xF6, 0xB2, 0x0A, 0x00,
  0x00, 0x00, 0x00, 0x00, 0x00, 0x00, 0x00, 0x12, 0x14, 0x01, 0x00, 0x00, 0x00, 0x00, 0x00, 0x00,
  0x00, 0x00, 0x4B, 0xFF, 0x3D, 0x00, 0x00, 0x00, 0x00, 0x00, 0x00, 0xAF, 0xE2, 0xA1, 0x00, 0x00,
  0x00, 0x00, 0x00, 0x17, 0xFA, 0x58, 0xF5, 0x0E, 0x00, 0x00, 0x00, 0x00, 0x77, 0xCB, 0x00, 0xDB,
  0x68, 0x00, 0x00, 0x00, 0x00, 0xD9, 0x6E, 0x00, 0x7F, 0xCB, 0x00, 0x00, 0x00, 0x3F, 0xFB, 0x16,
  0x00, 0x23, 0xFF, 0x2F, 0x00, 0x00, 0xA3, 0xFF, 0xFF, 0xFF, 0xFF, 0xFF, 0x93, 0x00, 0x0F, 0xF6,
  0x6A, 0x2C, 0x2C, 0x2C, 0x81, 0xEE, 0x08, 0x6B, 0xE4, 0x04, 0x00, 0x00, 0x00, 0x0F, 0xF4, 0x5A,
  0xCE, 0x7D, 0x00, 0x00, 0x00, 0x00, 0x00, 0x96, 0xBE, 0x00, 0xA4, 0xFF, 0xFF, 0xF9, 0xE4, 0xA7,
  0x21, 0x00, 0x00, 0xA4, 0xA6, 0x10, 0x15, 0x36, 0xC2, 0xCC, 0x00, 0x00, 0xA4, 0xA0, 0x00, 0x00,
  0x00, 0x59, 0xF7, 0x00, 0x00, 0xA4, 0xA0, 0x00, 0x00, 0x11, 0xAE, 0xA9, 0x00, 0x00, 0xA4, 0xFA,
  0xF0, 0xF3, 0xFF, 0xAB, 0x0A, 0x00, 0x00, 0xA4, 0xAC, 0x20, 0x23, 0x3F, 0xBD, 0xC0, 0x06, 0x00,
  0xA4, 0xA0, 0x00, 0x00, 0x00, 0x19, 0xFF, 0x46, 0x00, 0xA4, 0xA0, 0x00, 0x00, 0x00, 0x19, 0xFF,
  0x42, 0x00, 0xA4, 0xA6, 0x10, 0x11, 0x2D, 0xB2, 0xE2, 0x0C, 0x00, 0xA4, 0xFF, 0xFF, 0xFF, 0xEB,
  0xB1, 0x28, 0x00, 0x00, 0x00, 0x11, 0x8B, 0xDC, 0xF8, 0xEA, 0xBA, 0x28, 0x00, 0x14, 0xDD, 0xC3,
  0x3F, 0x17, 0x32, 0x7E, 0x0C, 0x00, 0x9B, 0xDF, 0x08, 0x00, 0x00, 0x00, 0x00, 0x00, 0x02, 0xF0,
  0x6D, 0x00, 0x00, 0x00, 0x00, 0x00, 0x00, 0x18, 0xFF, 0x42, 0x00, 0x00, 0x00, 0x00, 0x00, 0x00,
  0x19, 0xFF, 0x40, 0x00, 0x00, 0x00, 0x00, 0x00, 0x00, 0x03, 0xF5, 0x69, 0x00, 0x00, 0x00, 0x00,
  0x00, 0x00, 0x00, 0xAB, 0xD7, 0x04, 0x00, 0x00, 0x00, 0x00, 0x00, 0x00, 0x23, 0xED, 0xB7, 0x39,
  0x15, 0x23, 0x53, 0x01, 0x00, 0x00, 0x23, 0xA2, 0xE5, 0xFB, 0xF1, 0xC4, 0x02, 0x00, 0xA4, 0xFF,
  0xFF, 0xFB, 0xE3, 0xA1, 0x27, 0x00, 0x00, 0x00, 0xA4, 0xA6, 0x10, 0x1A, 0x40, 0xAD, 0xF5, 0x39,
  0x00, 0x00, 0xA4, 0xA0, 0x00, 0x00, 0x00, 0x00, 0x97, 0xD8, 0x00, 0x00, 0xA4, 0xA0, 0x00, 0x00,
  0x00, 0x00, 0x27, 0xFF, 0x30, 0x00, 0xA4, 0xA0, 0x00, 0x00, 0x00, 0x00, 0x01, 0xFD, 0x51, 0x00,
  0xA4, 0xA0, 0x00, 0x00, 0x00, 0x00, 0x03, 0xFE, 0x50, 0x00, 0xA4, 0xA0, 0x00, 0x00, 0x00, 0x00,
  0x31, 0xFF, 0x2B, 0x00, 0xA4, 0xA0, 0x00, 0x00, 0x00, 0x00, 0xA9, 0xD3, 0x01, 0x00, 0xA4, 0xA6,
  0x10, 0x18, 0x43, 0xB2, 0xF1, 0x34, 0x00, 0x00, 0xA4, 0xFF, 0xFF, 0xF9, 0xDE, 0x98, 0x20, 0x00,
  0x00, 0x00, 0xA4, 0xFF, 0xFF, 0xFF, 0xFF, 0xF0, 0x00, 0x00, 0xA4, 0xA6, 0x10, 0x10, 0x10, 0x0F,
  0x00, 0x00, 0xA4, 0xA0, 0x00, 0x00, 0x00, 0x00, 0x00, 0x00, 0xA4, 0xA0, 0x00, 0x00, 0x00, 0x00,
  0x00, 0x00, 0xA4, 0xFA, 0xF0, 0xF0, 0xF0, 0xA5, 0x00, 0x00, 0xA4, 0xAC, 0x20, 0x20, 0x20, 0x16,
  0x00, 0x00, 0xA4, 0xA0, 0x00, 0x00, 0x00, 0x00, 0x00, 0x00, 0xA4, 0xA0, 0x00, 0x00, 0x00, 0x00,
  0x00, 0x00, 0xA4, 0xA6, 0x10, 0x10, 0x10, 0x0F, 0x00, 0x00, 0xA4, 0xFF, 0xFF, 0xFF, 0xFF, 0xF0,
  0x00, 0x00, 0xA4, 0xFF, 0xFF, 0xFF, 0xFF, 0xF0, 0x00, 0xA4, 0xA6, 0x10, 0x10, 0x10, 0x0F, 0x00,
  0xA4, 0xA0, 0x00, 0x00, 0x00, 0x00, 0x00, 0xA4, 0xA0, 0x00, 0x00, 0x00, 0x00, 0x00, 0xA4, 0xFA,
  0xF0, 0xF0, 0xF0, 0xA1, 0x00, 0xA4, 0xAC, 0x20, 0x20, 0x20, 0x15, 0x00, 0xA4, 0xA0, 0x00, 0x00,
  0x00, 0x00, 0x00, 0xA4, 0xA0, 0x00, 0x00, 0x00, 0x00, 0x00, 0xA4, 0xA0, 0x00, 0x00, 0x00, 0x00,
  0x00, 0xA4, 0xA0, 0x00, 0x00, 0x00, 0x00, 0x00, 0x00, 0x07, 0x76, 0xCE, 0xF1, 0xF3, 0xD7, 0x8A,
  0x00, 0x00, 0x0B, 0xCB, 0xD0, 0x4F, 0x19, 0x20, 0x46, 0x57, 0x00, 0x00, 0x8F, 0xE4, 0x0E, 0x00,
  0x00, 0x00, 0x00, 0x00, 0x00, 0x01, 0xEE, 0x6E, 0x00, 0x00, 0x00, 0x00, 0x00, 0x00, 0x00, 0x16,
  0xFF, 0x3F, 0x00, 0x00, 0x47, 0xF0, 0xF0, 0xF0, 0x25, 0x18, 0xFF, 0x36, 0x00, 0x00, 0x09, 0x20,
  0x38, 0xFF, 0x28, 0x02, 0xF3, 0x62, 0x00, 0x00, 0x00, 0x00, 0x1C, 0xFF, 0x28, 0x00, 0xA2, 0xD0,
  0x06, 0x00, 0x00, 0x00, 0x1C, 0xFF, 0x28, 0x00, 0x19, 0xE4, 0xC5, 0x48, 0x1B, 0x1A, 0x51, 0xFF,
  0x28, 0x00, 0x00, 0x17, 0x93, 0xDF, 0xF9, 0xF3, 0xDF, 0xAB, 0x15, 0x00, 0xA4, 0xA0, 0x00, 0x00,
  0x00, 0x00, 0x44, 0xFF, 0x00, 0x00, 0xA4, 0xA0, 0x00, 0x00, 0x00, 0x00, 0x44, 0xFF, 0x00, 0x00,
  0xA4, 0xA0, 0x00, 0x00, 0x00, 0x00, 0x44, 0xFF, 0x00, 0x00, 0xA4, 0xA0, 0x00, 0x00, 0x00, 0x00,
  0x44, 0xFF, 0x00, 0x00, 0xA4, 0xFA, 0xF0, 0xF0, 0xF0, 0xF0, 0xF4, 0xFF, 0x00, 0x00, 0xA4, 0xAC,
  0x20, 0x20, 0x20, 0x20, 0x5B, 0xFF, 0x00, 0x00, 0xA4, 0xA0, 0x00, 0x00, 0x00, 0x00, 0x44, 0xFF,
  0x00, 0x00, 0xA4, 0xA0, 0x00, 0x00, 0x00, 0x00, 0x44, 0xFF, 0x00, 0x00, 0xA4, 0xA0, 0x00, 0x00,
  0x00, 0x00, 0x44, 0xFF, 0x00, 0x00, 0xA4, 0xA0, 0x00, 0x00, 0x00, 0x00, 0x44, 0xFF, 0x00, 0x5B,
  0xF5, 0xFF, 0xEA, 0x22, 0x00, 0x44, 0xFF, 0x00, 0x00, 0x00, 0x44, 0xFF, 0x00, 0x00, 0x00, 0x44,
  0xFF, 0x00, 0x00, 0x00, 0x44, 0xFF, 0x00, 0x00, 0x00, 0x44, 0xFF, 0x00, 0x00, 0x00, 0x44, 0xFF,
  0x00, 0x00, 0x00, 0x44, 0xFF, 0x00, 0x00, 0x00, 0x44, 0xFF, 0x00, 0x00, 0x57, 0xF0, 0xFF, 0xE2,
  0x21, 0x00, 0x00, 0x00, 0xB8, 0x8C, 0x00, 0x00, 0x00, 0x00, 0xB8, 0x8C, 0x00, 0x00, 0x00, 0x00,
  0xB8, 0x8C, 0x00, 0x00, 0x00, 0x00, 0xB8, 0x8C, 0x00, 0x00, 0x00, 0x00, 0xB8, 0x8C, 0x00, 0x00,
  0x00, 0x00, 0xB8, 0x8C, 0x00, 0x00, 0x00, 0x00, 0xB8, 0x8C, 0x00, 0x00, 0x00, 0x00, 0xB8, 0x8C,
  0x00, 0x00, 0x00, 0x00, 0xB8, 0x8C, 0x00, 0x00, 0x00, 0x00, 0xB8, 0x8C, 0x00, 0x00, 0x00, 0x00,
  0xBC, 0x80, 0x00, 0x01, 0x01, 0x23, 0xEF, 0x4F, 0x00, 0x17, 0xF7, 0xFC, 0x9D, 0x01, 0x00, 0x00,
  0x16, 0x0A, 0x00, 0x00, 0x00, 0x00, 0xA4, 0xA0, 0x00, 0x00, 0x00, 0x66, 0xEA, 0x25, 0x00, 0xA4,
  0xA0, 0x00, 0x00, 0x4C, 0xF0, 0x35, 0x00, 0x00, 0xA4, 0xA0, 0x00, 0x36, 0xEF, 0x47, 0x00, 0x00,
  0x00, 0xA4, 0xA0, 0x27, 0xE9, 0x5B, 0x00, 0x00, 0x00, 0x00, 0xA4, 0xB8, 0xE0, 0xC0, 0x00, 0x00,
  0x00, 0x00, 0x00, 0xA4, 0xFA, 0x81, 0xF8, 0x5C, 0x00, 0x00, 0x00, 0x00, 0xA4, 0xA2, 0x00, 0x6B,
  0xF3, 0x25, 0x00, 0x00, 0x00, 0xA4, 0xA0, 0x00, 0x00, 0xAC, 0xCE, 0x06, 0x00, 0x00, 0xA4, 0xA0,
  0x00, 0x00, 0x0F, 0xDE, 0x91, 0x00, 0x00, 0xA4, 0xA0, 0x00, 0x00, 0x00, 0x35, 0xF9, 0x4E, 0x00,
  0xA4, 0xA0, 0x00, 0x00, 0x00, 0x00, 0x00, 0xA4, 0xA0, 0x00, 0x00, 0x00, 0x00, 0x00, 0xA4, 0xA0,
  0x00, 0x00, 0x00, 0x00, 0x00, 0xA4, 0xA0, 0x00, 0x00, 0x00, 0x00, 0x00, 0xA4, 0xA0, 0x00, 0x00,
  0x00, 0x00, 0x00, 0xA4, 0xA0, 0x00, 0x00, 0x00, 0x00, 0x00, 0xA4, 0xA0, 0x00, 0x00, 0x00, 0x00,
  0x00, 0xA4, 0xA0, 0x00, 0x00, 0x00, 0x00, 0x00, 0xA4, 0xB0, 0x2C, 0x2C, 0x2C, 0x2B, 0x00, 0xA4,
  0xFF, 0xFF, 0xFF, 0xFF, 0xFC, 0x00, 0xA4, 0xFF, 0x67, 0x00, 0x00, 0x00, 0x00, 0x00, 0xB5, 0xFF,
  0x58, 0x00, 0x00, 0xA4, 0xDF, 0xC8, 0x00, 0x00, 0x00, 0x00, 0x1A, 0xF5, 0xE7, 0x58, 0x00, 0x00,
  0xA4, 0x8F, 0xF9, 0x28, 0x00, 0x00, 0x00, 0x78, 0xAB, 0xE0, 0x58, 0x00, 0x00, 0xA4, 0x81, 0xAE,
  0x88, 0x00, 0x00, 0x00, 0xD8, 0x49, 0xE6, 0x58, 0x00, 0x00, 0xA4, 0x84, 0x4D, 0xE5, 0x03, 0x00,
  0x3B, 0xE4, 0x02, 0xE8, 0x58, 0x00, 0x00, 0xA4, 0x84, 0x04, 0xE8, 0x48, 0x00, 0x9D, 0x85, 0x00,
  0xE8, 0x58, 0x00, 0x00, 0xA4, 0x84, 0x00, 0x8D, 0xA8, 0x0B, 0xF1, 0x24, 0x00, 0xE8, 0x58, 0x00,
  0x00, 0xA4, 0x84, 0x00, 0x2C, 0xF7, 0x70, 0xC1, 0x00, 0x00, 0xE8, 0x58, 0x00, 0x00, 0xA4, 0x84,
  0x00, 0x00, 0xCD, 0xF8, 0x5F, 0x00, 0x00, 0xE8, 0x58, 0x00, 0x00, 0xA4, 0x84, 0x00, 0x00, 0x6C,
  0xF2, 0x0A, 0x00, 0x00, 0xE8, 0x58, 0x00, 0x00, 0xA4, 0xF8, 0x29, 0x00, 0x00, 0x00, 0x00, 0xE4,
  0x48, 0x00, 0x00, 0xA4, 0xF6, 0xC4, 0x01, 0x00, 0x00, 0x00, 0xE4, 0x48, 0x00, 0x00, 0xA4, 0x8B,
  0xEF, 0x6B, 0x00, 0x00, 0x00, 0xE4, 0x48, 0x00, 0x00, 0xA4, 0x7C, 0x64, 0xF2, 0x1D, 0x00, 0x00,
  0xE4, 0x48, 0x00, 0x00, 0xA4, 0x83, 0x00, 0xBD, 0xB4, 0x00, 0x00, 0xE4, 0x48, 0x00, 0x00, 0xA4,
  0x84, 0x00, 0x23, 0xF6, 0x59, 0x00, 0xE3, 0x48, 0x00, 0x00, 0xA4, 0x84, 0x00, 0x00, 0x74, 0xEA,
  0x13, 0xE0, 0x48, 0x00, 0x00, 0xA4, 0x84, 0x00, 0x00, 0x03, 0xCB, 0xA2, 0xD8, 0x48, 0x00, 0x00,
  0xA4, 0x84, 0x00, 0x00, 0x00, 0x2E, 0xFA, 0xF6, 0x48, 0x00, 0x00, 0xA4, 0x84, 0x00, 0x00, 0x00,
  0x00, 0x83, 0xFF, 0x48, 0x00, 0x00, 0x00, 0x20, 0x9E, 0xE4, 0xF8, 0xE1, 0x94, 0x15, 0x00, 0x00,
  0x00, 0x21, 0xEB, 0xA8, 0x31, 0x15, 0x33, 0xAE, 0xE0, 0x13, 0x00, 0x00, 0xA8, 0xCA, 0x01, 0x00,
  0x00, 0x00, 0x02, 0xD6, 0x92, 0x00, 0x03, 0xF4, 0x63, 0x00, 0x00, 0x00, 0x00, 0x00, 0x72, 0xE5,
  0x00, 0x19, 0xFF, 0x3E, 0x00, 0x00, 0x00, 0x00, 0x00, 0x4F, 0xFF, 0x08, 0x18, 0xFF, 0x3F, 0x00,
  0x00, 0x00, 0x00, 0x00, 0x50, 0xFF, 0x07, 0x03, 0xF4, 0x64, 0x00, 0x00, 0x00, 0x00, 0x00, 0x74,
  0xE4, 0x00, 0x00, 0xA8, 0xCB, 0x01, 0x00, 0x00, 0x00, 0x02, 0xD7, 0x90, 0x00, 0x00, 0x21, 0xEB,
  0xA6, 0x30, 0x14, 0x33, 0xAD, 0xDF, 0x12, 0x00, 0x00, 0x00, 0x20, 0x9F, 0xE4, 0xF8, 0xE1, 0x95,
  0x15, 0x00, 0x00, 0x00, 0xA4, 0xFF, 0xFF, 0xF8, 0xD4, 0x6E, 0x00, 0x00, 0xA4, 0xA6, 0x10, 0x20,
  0x68, 0xFA, 0x5A, 0x00, 0xA4, 0xA0, 0x00, 0x00, 0x00, 0xA5, 0xAA, 0x00, 0xA4, 0xA0, 0x00, 0x00,
  0x00, 0xA4, 0xAD, 0x00, 0xA4, 0xA0, 0x00, 0x06, 0x54, 0xF6, 0x54, 0x00, 0xA4, 0xFA, 0xF1, 0xFF,
  0xE1, 0x6A, 0x00, 0x00, 0xA4, 0xAC, 0x1F, 0x10, 0x00, 0x00, 0x00, 0x00, 0xA4, 0xA0, 0x00, 0x00,
  0x00, 0x00, 0x00, 0x00, 0xA4, 0xA0, 0x00, 0x00, 0x00, 0x00, 0x00, 0x00, 0xA4, 0xA0, 0x00, 0x00,
  0x00, 0x00, 0x00, 0x00, 0x00, 0x20, 0x9E, 0xE4, 0xF8, 0xE1, 0x94, 0x15, 0x00, 0x00, 0x00, 0x21,
  0xEB, 0xA8, 0x31, 0x15, 0x33, 0xAE, 0xDF, 0x12, 0x00, 0x00, 0xA8, 0xCA, 0x01, 0x00, 0x00, 0x00,
  0x02, 0xD6, 0x90, 0x00, 0x03, 0xF4, 0x63, 0x00, 0x00, 0x00, 0x00, 0x00, 0x72, 0xE4, 0x00, 0x19,
  0xFF, 0x3E, 0x00, 0x00, 0x00, 0x00, 0x00, 0x4F, 0xFF, 0x08, 0x18, 0xFF, 0x3F, 0x00, 0x00, 0x00,
  0x00, 0x00, 0x50, 0xFE, 0x06, 0x03, 0xF4, 0x64, 0x00, 0x00, 0x00, 0x00, 0x00, 0x74, 0xE4, 0x00,
  0x00, 0xA8, 0xCB, 0x01, 0x00, 0x00, 0x00, 0x02, 0xD7, 0x8F, 0x00, 0x00, 0x21, 0xEB, 0xA6, 0x30,
  0x14, 0x33, 0xAD, 0xDE, 0x15, 0x00, 0x00, 0x00, 0x20, 0x9F, 0xE4, 0xFC, 0xFF, 0xA8, 0x19, 0x00,
  0x00, 0x00, 0x00, 0x00, 0x00, 0x00, 0x05, 0xC4, 0xC5, 0x08, 0x00, 0x00, 0x00, 0x00, 0x00, 0x00,
  0x00, 0x00, 0x1A, 0xE8, 0xAD, 0x02, 0x00, 0x00, 0x00, 0x00, 0x00, 0x00, 0x00, 0x00, 0x36, 0x7C,
  0x2B, 0x00, 0x00, 0xA4, 0xFF, 0xFF, 0xF3, 0xD3, 0x6B, 0x00, 0x00, 0x00, 0xA4, 0xA6, 0x10, 0x1C,
  0x5C, 0xF7, 0x5F, 0x00, 0x00, 0xA4, 0xA0, 0x00, 0x00, 0x00, 0xA2, 0xAB, 0x00, 0x00, 0xA4, 0xA0,
  0x00, 0x00, 0x00, 0xA0, 0xB0, 0x00, 0x00, 0xA4, 0xA0, 0x00, 0x02, 0x41, 0xF3, 0x51, 0x00, 0x00,
  0xA4, 0xFA, 0xF0, 0xFA, 0xF1, 0x57, 0x00, 0x00, 0x00, 0xA4, 0xAC, 0x20, 0x3F, 0xF9, 0x3B, 0x00,
  0x00, 0x00, 0xA4, 0xA0, 0x00, 0x00, 0x89, 0xD8, 0x07, 0x00, 0x00, 0xA4, 0xA0, 0x00, 0x00, 0x0A,
  0xDE, 0x86, 0x00, 0x00, 0xA4, 0xA0, 0x00, 0x00, 0x00, 0x48, 0xFB, 0x31, 0x00, 0x2A, 0xB8, 0xF3,
  0xF3, 0xD3, 0x6B, 0x00, 0x05, 0xE2, 0x9C, 0x21, 0x21, 0x54, 0x4E, 0x00, 0x1E, 0xFF, 0x2A, 0x00,
  0x00, 0x00, 0x00, 0x00, 0x04, 0xEB, 0x94, 0x03, 0x00, 0x00, 0x00, 0x00, 0x00, 0x42, 0xE9, 0xDD,
  0x77, 0x13, 0x00, 0x00, 0x00, 0x00, 0x0A, 0x66, 0xCF, 0xF0, 0x47, 0x00, 0x00, 0x00, 0x00, 0x00,
  0x01, 0x95, 0xE3, 0x00, 0x00, 0x00, 0x00, 0x00, 0x00, 0x4B, 0xF6, 0x01, 0x2A, 0x62, 0x2C, 0x16,
  0x35, 0xC5, 0xA8, 0x00, 0x29, 0xC1, 0xEC, 0xF9, 0xDF, 0x8C, 0x0D, 0x00, 0xDC, 0xFF, 0xFF, 0xFF,
  0xFF, 0xFF, 0xFF, 0xA0, 0x0D, 0x10, 0x10, 0xC0, 0x8B, 0x10, 0x10, 0x0A, 0x00, 0x00, 0x00, 0xBC,
  0x84, 0x00, 0x00, 0x00, 0x00, 0x00, 0x00, 0xBC, 0x84, 0x00, 0x00, 0x00, 0x00, 0x00, 0x00, 0xBC,
  0x84, 0x00, 0x00, 0x00, 0x00, 0x00, 0x00, 0xBC, 0x84, 0x00, 0x00, 0x00, 0x00, 0x00, 0x00, 0xBC,
  0x84, 0x00, 0x00, 0x00, 0x00, 0x00, 0x00, 0xBC, 0x84, 0x00, 0x00, 0x00, 0x00, 0x00, 0x00, 0xBC,
  0x84, 0x00, 0x00, 0x00, 0x00, 0x00, 0x00, 0xBC, 0x84, 0x00, 0x00, 0x00, 0x00, 0xBC, 0x84, 0x00,
  0x00, 0x00, 0x00, 0x48, 0xF4, 0x00, 0x00, 0xBC, 0x84, 0x00, 0x00, 0x00, 0x00, 0x48, 0xF4, 0x00,
  0x00, 0xBC, 0x84, 0x00, 0x00, 0x00, 0x00, 0x48, 0xF4, 0x00, 0x00, 0xBC, 0x84, 0x00, 0x00, 0x00,
  0x00, 0x48, 0xF4, 0x00, 0x00, 0xBC, 0x84, 0x00, 0x00, 0x00, 0x00, 0x48, 0xF4, 0x00, 0x00, 0xBC,
  0x84, 0x00, 0x00, 0x00, 0x00, 0x48, 0xF4, 0x00, 0x00, 0xB3, 0x8A, 0x00, 0x00, 0x00, 0x00, 0x4F,
  0xEE, 0x00, 0x00, 0x8B, 0xBE, 0x00, 0x00, 0x00, 0x00, 0x84, 0xC7, 0x00, 0x00, 0x1F, 0xF4, 0x89,
  0x27, 0x1E, 0x62, 0xF4, 0x54, 0x00, 0x00, 0x00, 0x2F, 0xB8, 0xEA, 0xF5, 0xCA, 0x55, 0x00, 0x00,
  0xD2, 0x7C, 0x00, 0x00, 0x00, 0x00, 0x1E, 0xFE, 0x39, 0x77, 0xD6, 0x00, 0x00, 0x00, 0x00, 0x77,
  0xDD, 0x00, 0x1D, 0xFE, 0x30, 0x00, 0x00, 0x00, 0xD1, 0x82, 0x00, 0x00, 0xC1, 0x8A, 0x00, 0x00,
  0x29, 0xFF, 0x27, 0x00, 0x00, 0x66, 0xE2, 0x01, 0x00, 0x84, 0xCB, 0x00, 0x00, 0x00, 0x11, 0xF9,
  0x3E, 0x00, 0xDC, 0x6F, 0x00, 0x00, 0x00, 0x00, 0xAF, 0x97, 0x35, 0xFC, 0x17, 0x00, 0x00, 0x00,
  0x00, 0x54, 0xE9, 0x87, 0xB8, 0x00, 0x00, 0x00, 0x00, 0x00, 0x08, 0xF0, 0xEA, 0x5D, 0x00, 0x00,
  0x00, 0x00, 0x00, 0x00, 0x9E, 0xF5, 0x0C, 0x00, 0x00, 0x00, 0xB3, 0x9B, 0x00, 0x00, 0x00, 0x56,
  0xFF, 0x42, 0x00, 0x00, 0x00, 0x9D, 0xB5, 0x6F, 0xDC, 0x00, 0x00, 0x00, 0xA0, 0xF3, 0x8F, 0x00,
  0x00, 0x00, 0xDD, 0x71, 0x2B, 0xFF, 0x1D, 0x00, 0x01, 0xE9, 0x8B, 0xDD, 0x00, 0x00, 0x1C, 0xFF,
  0x2C, 0x00, 0xE6, 0x5E, 0x00, 0x36, 0xF4, 0x14, 0xFA, 0x2A, 0x00, 0x5D, 0xE7, 0x00, 0x00, 0xA4,
  0x9F, 0x00, 0x80, 0xB2, 0x00, 0xBD, 0x78, 0x00, 0x9E, 0xA3, 0x00, 0x00, 0x61, 0xE0, 0x00, 0xCB,
  0x67, 0x00, 0x71, 0xC5, 0x00, 0xDE, 0x5F, 0x00, 0x00, 0x1D, 0xFF, 0x31, 0xFD, 0x1D, 0x00, 0x24,
  0xFD, 0x2D, 0xFF, 0x1B, 0x00, 0x00, 0x00, 0xD9, 0xA4, 0xD2, 0x00, 0x00, 0x00, 0xD8, 0xA1, 0xD6,
  0x00, 0x00, 0x00, 0x00, 0x96, 0xF4, 0x87, 0x00, 0x00, 0x00, 0x8B, 0xF4, 0x92, 0x00, 0x00, 0x00,
  0x00, 0x52, 0xFF, 0x3D, 0x00, 0x00, 0x00, 0x3E, 0xFF, 0x4E, 0x00, 0x00, 0x6A, 0xE9, 0x11, 0x00,
  0x00, 0x00, 0xBB, 0x94, 0x00, 0x01, 0xC2, 0x99, 0x00, 0x00, 0x5D, 0xE2, 0x0D, 0x00, 0x00, 0x27,
  0xF6, 0x39, 0x12, 0xEA, 0x4A, 0x00, 0x00, 0x00, 0x00, 0x79, 0xD1, 0xA1, 0xA4, 0x00, 0x00, 0x00,
  0x00, 0x00, 0x04, 0xD5, 0xF2, 0x13, 0x00, 0x00, 0x00, 0x00, 0x00, 0x1D, 0xEF, 0xF1, 0x45, 0x00,
  0x00, 0x00, 0x00, 0x00, 0xB3, 0x8F, 0x6B, 0xDD, 0x0A, 0x00, 0x00, 0x00, 0x58, 0xE3, 0x0D, 0x02,
  0xCC, 0x8B, 0x00, 0x00, 0x11, 0xE8, 0x51, 0x00, 0x00, 0x35, 0xF9, 0x32, 0x00, 0x9E, 0xB3, 0x00,
  0x00, 0x00, 0x00, 0x96, 0xCE, 0x03, 0xBB, 0xA2, 0x00, 0x00, 0x00, 0x00, 0xB4, 0xA6, 0x33, 0xFC,
  0x2C, 0x00, 0x00, 0x3A, 0xF9, 0x22, 0x00, 0xA8, 0xB0, 0x00, 0x00, 0xC1, 0x90, 0x00, 0x00, 0x23,
  0xFA, 0x38, 0x48, 0xF1, 0x14, 0x00, 0x00, 0x00, 0x95, 0xBF, 0xCD, 0x7B, 0x00, 0x00, 0x00, 0x00,
  0x17, 0xF3, 0xE6, 0x0A, 0x00, 0x00, 0x00, 0x00, 0x00, 0xAE, 0x99, 0x00, 0x00, 0x00, 0x00, 0x00,
  0x00, 0xAC, 0x98, 0x00, 0x00, 0x00, 0x00, 0x00, 0x00, 0xAC, 0x98, 0x00, 0x00, 0x00, 0x00, 0x00,
  0x00, 0xAC, 0x98, 0x00, 0x00, 0x00, 0x4C, 0xFF, 0xFF, 0xFF, 0xFF, 0xFF, 0xFF, 0x52, 0x04, 0x10,
  0x10, 0x10, 0x10, 0x8A, 0xE1, 0x0C, 0x00, 0x00, 0x00, 0x00, 0x2B, 0xF8, 0x46, 0x00, 0x00, 0x00,
  0x00, 0x03, 0xC9, 0x9E, 0x00, 0x00, 0x00, 0x00, 0x00, 0x74, 0xE6, 0x10, 0x00, 0x00, 0x00, 0x00,
  0x24, 0xF6, 0x4F, 0x00, 0x00, 0x00, 0x00, 0x01, 0xC1, 0xA8, 0x00, 0x00, 0x00, 0x00, 0x00, 0x6B,
  0xEB, 0x15, 0x00, 0x00, 0x00, 0x00, 0x1E, 0xF3, 0x68, 0x10, 0x10, 0x10, 0x10, 0x07, 0x77, 0xFF,
  0xFF, 0xFF, 0xFF, 0xFF, 0xFF, 0x78, 0x00, 0xE0, 0xFF, 0xFF, 0x40, 0x00, 0xE0, 0x5E, 0x10, 0x04,
  0x00, 0xE0, 0x54, 0x00, 0x00, 0x00, 0xE0, 0x54, 0x00, 0x00, 0x00, 0xE0, 0x54, 0x00, 0x00, 0x00,
  0xE0, 0x54, 0x00, 0x00, 0x00, 0xE0, 0x54, 0x00, 0x00, 0x00, 0xE0, 0x54, 0x00, 0x00, 0x00, 0xE0,
  0x54, 0x00, 0x00, 0x00, 0xE0, 0x54, 0x00, 0x00, 0x00, 0xE0, 0x54, 0x00, 0x00, 0x00, 0xE0, 0x54,
  0x00, 0x00, 0x00, 0xE0, 0xF5, 0xF0, 0x3C, 0x00, 0x1C, 0x20, 0x20, 0x08, 0xAD, 0x87, 0x00, 0x00,
  0x00, 0x00, 0x4D, 0xE4, 0x02, 0x00, 0x00, 0x00, 0x04, 0xE9, 0x46, 0x00, 0x00, 0x00, 0x00, 0x8F,
  0xA6, 0x00, 0x00, 0x00, 0x00, 0x30, 0xF6, 0x0E, 0x00, 0x00, 0x00, 0x00, 0xD0, 0x65, 0x00, 0x00,
  0x00, 0x00, 0x71, 0xC5, 0x00, 0x00, 0x00, 0x00, 0x16, 0xFA, 0x25, 0x00, 0x00, 0x00, 0x00, 0xB3,
  0x84, 0x00, 0x00, 0x00, 0x00, 0x54, 0xE1, 0x02, 0xA8, 0xFF, 0xFF, 0x7C, 0x00, 0x0A, 0x10, 0xBC,
  0x7C, 0x00, 0x00, 0x00, 0xB8, 0x7C, 0x00, 0x00, 0x00, 0xB8, 0x7C, 0x00, 0x00, 0x00, 0xB8, 0x7C,
  0x00, 0x00, 0x00, 0xB8, 0x7C, 0x00, 0x00, 0x00, 0xB8, 0x7C, 0x00, 0x00, 0x00, 0xB8, 0x7C, 0x00,
  0x00, 0x00, 0xB8, 0x7C, 0x00, 0x00, 0x00, 0xB8, 0x7C, 0x00, 0x00, 0x00, 0xB8, 0x7C, 0x00, 0x00,
  0x00, 0xB8, 0x7C, 0x00, 0x9D, 0xF0, 0xFB, 0x7C, 0x00, 0x15, 0x20, 0x20, 0x0F, 0x00, 0x00, 0x00,
  0x00, 0x4E, 0x2A, 0x00, 0x00, 0x00, 0x00, 0x00, 0x09, 0xEA, 0xB4, 0x00, 0x00, 0x00, 0x00, 0x00,
  0x6A, 0x9B, 0xD5, 0x35, 0x00, 0x00, 0x00, 0x02, 0xDB, 0x2A, 0x59, 0xB5, 0x00, 0x00, 0x00, 0x54,
  0xB8, 0x00, 0x02, 0xD7, 0x36, 0x00, 0x00, 0xC8, 0x48, 0x00, 0x00, 0x5B, 0xB6, 0x00, 0x3E, 0xD7,
  0x01, 0x00, 0x00, 0x03, 0xD8, 0x37, 0x00, 0x00, 0x00, 0x00, 0x00, 0x00, 0x00, 0x00, 0x00, 0x00,
  0x00, 0x00, 0x00, 0x00, 0x00, 0x00, 0x00, 0x00, 0x00, 0x00, 0x00, 0x00, 0x00, 0x00, 0x00, 0x00,
  0x00, 0x00, 0x00, 0x00, 0x00, 0x00, 0x00, 0x00, 0x00, 0x00, 0x00, 0x00, 0x00, 0x00, 0x07, 0xF0,
  0xF0, 0xF0, 0xF0, 0xF0, 0xF0, 0x3C, 0x01, 0x20, 0x20, 0x20, 0x20, 0x20, 0x20, 0x08, 0x2E, 0x80,
  0x13, 0x00, 0x08, 0xCF, 0x8B, 0x00, 0x00, 0x1A, 0xD4, 0x2D, 0x00, 0x00, 0x00, 0x00, 0x00, 0x00,
  0x00, 0x00, 0x00, 0x00, 0x00, 0x00, 0x00, 0x00, 0x00, 0x00, 0x00, 0x00, 0x00, 0x00, 0x00, 0x00,
  0x00, 0x00, 0x00, 0x00, 0x00, 0x00, 0x00, 0x00, 0x00, 0x00, 0x00, 0x00, 0x00, 0x00, 0x00, 0x34,
  0xB9, 0xEB, 0xEF, 0xAB, 0x0F, 0x00, 0x00, 0x29, 0x5C, 0x22, 0x29, 0xD2, 0x83, 0x00, 0x00, 0x00,
  0x00, 0x00, 0x00, 0x83, 0xB0, 0x00, 0x00, 0x38, 0xB0, 0xDC, 0xEF, 0xF7, 0xB8, 0x00, 0x1A, 0xF3,
  0x98, 0x35, 0x21, 0x90, 0xB8, 0x00, 0x4F, 0xF7, 0x02, 0x00, 0x00, 0xA2, 0xB8, 0x00, 0x30, 0xFF,
  0x4F, 0x1A, 0x64, 0xEC, 0xB8, 0x00, 0x00, 0x7C, 0xEB, 0xF3, 0xA4, 0x4F, 0xB8, 0x00, 0x00, 0xD0,
  0x6C, 0x00, 0x00, 0x00, 0x00, 0x00, 0x00, 0x00, 0xD0, 0x6C, 0x00, 0x00, 0x00, 0x00, 0x00, 0x00,
  0x00, 0xD0, 0x6B, 0x00, 0x00, 0x00, 0x00, 0x00, 0x00, 0x00, 0xD0, 0x73, 0xB3, 0xF6, 0xD9, 0x5E,
  0x00, 0x00, 0x00, 0xD0, 0xEA, 0x54, 0x1C, 0x5F, 0xFA, 0x3D, 0x00, 0x00, 0xD0, 0x9C, 0x00, 0x00,
  0x00, 0xAA, 0xA5, 0x00, 0x00, 0xD0, 0x76, 0x00, 0x00, 0x00, 0x7C, 0xC8, 0x00, 0x00, 0xD0, 0x77,
  0x00, 0x00, 0x00, 0x7D, 0xC7, 0x00, 0x00, 0xD0, 0xA1, 0x00, 0x00, 0x00, 0xAB, 0xA5, 0x00, 0x00,
  0xD0, 0xEF, 0x58, 0x1C, 0x5E, 0xFA, 0x3D, 0x00, 0x00, 0xD0, 0x45, 0xB9, 0xF7, 0xD9, 0x5E, 0x00,
  0x00, 0x00, 0x07, 0x8A, 0xE5, 0xF7, 0xD2, 0x1A, 0x00, 0x9A, 0xD8, 0x3B, 0x1E, 0x53, 0x00, 0x0D,
  0xF9, 0x4C, 0x00, 0x00, 0x00, 0x00, 0x30, 0xFF, 0x19, 0x00, 0x00, 0x00, 0x00, 0x31, 0xFF, 0x18,
  0x00, 0x00, 0x00, 0x00, 0x10, 0xFB, 0x4A, 0x00, 0x00, 0x00, 0x00, 0x00, 0xA3, 0xD6, 0x38, 0x1A,
  0x4A, 0x10, 0x00, 0x0B, 0x95, 0xEA, 0xF8, 0xD2, 0x14, 0x00, 0x00, 0x00, 0x00, 0x00, 0x00, 0xD0,
  0x6C, 0x00, 0x00, 0x00, 0x00, 0x00, 0x00, 0x00, 0xD0, 0x6C, 0x00, 0x00, 0x00, 0x00, 0x00, 0x00,
  0x00, 0xD0, 0x6C, 0x00, 0x00, 0x11, 0xA9, 0xF5, 0xE8, 0x6A, 0xC9, 0x6C, 0x00, 0x00, 0xA2, 0xD5,
  0x32, 0x26, 0xA2, 0xF6, 0x6C, 0x00, 0x0C, 0xFC, 0x4B, 0x00, 0x00, 0x0D, 0xF7, 0x6C, 0x00, 0x2C,
  0xFF, 0x19, 0x00, 0x00, 0x00, 0xD9, 0x6C, 0x00, 0x2D, 0xFF, 0x17, 0x00, 0x00, 0x00, 0xD3, 0x6C,
  0x00, 0x0D, 0xFD, 0x45, 0x00, 0x00, 0x07, 0xF2, 0x6C, 0x00, 0x00, 0xA5, 0xCE, 0x2F, 0x22, 0x96,
  0xF5, 0x6C, 0x00, 0x00, 0x0F, 0xA2, 0xED, 0xE8, 0x6B, 0xA6, 0x6C, 0x00, 0x00, 0x05, 0x8B, 0xEA,
  0xF3, 0xA9, 0x13, 0x00, 0x00, 0x94, 0xC7, 0x2D, 0x24, 0xBA, 0xB6, 0x00, 0x0B, 0xF8, 0x37, 0x00,
  0x00, 0x35, 0xFE, 0x14, 0x30, 0xFF, 0xF1, 0xF0, 0xF0, 0xF1, 0xFF, 0x2E, 0x31, 0xFF, 0x38, 0x20,
  0x20, 0x20, 0x20, 0x06, 0x0E, 0xF9, 0x54, 0x00, 0x00, 0x00, 0x00, 0x00, 0x00, 0x94, 0xE2, 0x48,
  0x18, 0x30, 0x65, 0x00, 0x00, 0x05, 0x83, 0xE3, 0xFA, 0xE5, 0x8D, 0x00, 0x00, 0x00, 0x91, 0xEE,
  0xEF, 0x3E, 0x00, 0x49, 0xF4, 0x33, 0x25, 0x09, 0x00, 0x73, 0xC8, 0x00, 0x00, 0x00, 0x91, 0xF7,
  0xFF, 0xFF, 0xA4, 0x00, 0x0C, 0x80, 0xC7, 0x10, 0x0A, 0x00, 0x00, 0x78, 0xC4, 0x00, 0x00, 0x00,
  0x00, 0x78, 0xC4, 0x00, 0x00, 0x00, 0x00, 0x78, 0xC4, 0x00, 0x00, 0x00, 0x00, 0x78, 0xC4, 0x00,
  0x00, 0x00, 0x00, 0x78, 0xC4, 0x00, 0x00, 0x00, 0x00, 0x78, 0xC4, 0x00, 0x00, 0x00, 0x00, 0x0F,
  0xA8, 0xF5, 0xE6, 0x73, 0xA3, 0x6C, 0x00, 0x00, 0x9D, 0xD4, 0x31, 0x25, 0xA2, 0xF6, 0x6C, 0x00,
  0x0C, 0xFA, 0x4A, 0x00, 0x00, 0x0B, 0xF4, 0x6C, 0x00, 0x2C, 0xFF, 0x19, 0x00, 0x00, 0x00, 0xD5,
  0x6C, 0x00, 0x2D, 0xFF, 0x18, 0x00, 0x00, 0x00, 0xCF, 0x6C, 0x00, 0x0D, 0xFC, 0x46, 0x00, 0x00,
  0x06, 0xEF, 0x6C, 0x00, 0x00, 0xA4, 0xD0, 0x30, 0x22, 0x95, 0xF8, 0x6C, 0x00, 0x00, 0x12, 0xAC,
  0xF6, 0xEA, 0x7B, 0xC8, 0x6C, 0x00, 0x00, 0x00, 0x00, 0x00, 0x00, 0x00, 0xD3, 0x66, 0x00, 0x00,
  0x00, 0x00, 0x00, 0x00, 0x0E, 0xF5, 0x47, 0x00, 0x00, 0x6D, 0x52, 0x23, 0x24, 0xAB, 0xE4, 0x09,
  0x00, 0x00, 0x64, 0xD7, 0xF5, 0xEF, 0xBC, 0x2E, 0x00, 0x00, 0x00, 0xD0, 0x6C, 0x00, 0x00, 0x00,
  0x00, 0x00, 0x00, 0x00, 0xD0, 0x6C, 0x00, 0x00, 0x00, 0x00, 0x00, 0x00, 0x00, 0xD0, 0x6C, 0x00,
  0x00, 0x00, 0x00, 0x00, 0x00, 0x00, 0xD0, 0x7C, 0xAF, 0xF6, 0xE4, 0x7E, 0x00, 0x00, 0x00, 0xD0,
  0xED, 0x5D, 0x1C, 0x52, 0xFC, 0x42, 0x00, 0x00, 0xD0, 0xA1, 0x00, 0x00, 0x00, 0xC3, 0x76, 0x00,
  0x00, 0xD0, 0x76, 0x00, 0x00, 0x00, 0xB4, 0x84, 0x00, 0x00, 0xD0, 0x6C, 0x00, 0x00, 0x00, 0xB4,
  0x84, 0x00, 0x00, 0xD0, 0x6C, 0x00, 0x00, 0x00, 0xB4, 0x84, 0x00, 0x00, 0xD0, 0x6C, 0x00, 0x00,
  0x00, 0xB4, 0x84, 0x00, 0x00, 0xD0, 0x6C, 0x00, 0x00, 0x00, 0xB4, 0x84, 0x00, 0x00, 0xBD, 0x5D,
  0x00, 0x00, 0x04, 0x00, 0x00, 0x00, 0x00, 0x00, 0x00, 0x00, 0xD0, 0x6C, 0x00, 0x00, 0xD0, 0x6C,
  0x00, 0x00, 0xD0, 0x6C, 0x00, 0x00, 0xD0, 0x6C, 0x00, 0x00, 0xD0, 0x6C, 0x00, 0x00, 0xD0, 0x6C,
  0x00, 0x00, 0xD0, 0x6C, 0x00, 0x00, 0xD0, 0x6C, 0x00, 0x00, 0x00, 0xBD, 0x5D, 0x00, 0x00, 0x00,
  0x04, 0x00, 0x00, 0x00, 0x00, 0x00, 0x00, 0x00, 0x00, 0x00, 0xD0, 0x6C, 0x00, 0x00, 0x00, 0xD0,
  0x6C, 0x00, 0x00, 0x00, 0xD0, 0x6C, 0x00, 0x00, 0x00, 0xD0, 0x6C, 0x00, 0x00, 0x00, 0xD0, 0x6C,
  0x00, 0x00, 0x00, 0xD0, 0x6C, 0x00, 0x00, 0x00, 0xD0, 0x6C, 0x00, 0x00, 0x00, 0xD0, 0x6C, 0x00,
  0x00, 0x00, 0xD0, 0x6C, 0x00, 0x00, 0x00, 0xD2, 0x68, 0x00, 0x17, 0x2B, 0xF4, 0x43, 0x00, 0xB4,
  0xF4, 0xA0, 0x01, 0x00, 0x00, 0xD0, 0x68, 0x00, 0x00, 0x00, 0x00, 0x00, 0x00, 0xD0, 0x68, 0x00,
  0x00, 0x00, 0x00, 0x00, 0x00, 0xD0, 0x68, 0x00, 0x00, 0x00, 0x00, 0x00, 0x00, 0xD0, 0x68, 0x00,
  0x04, 0xB8, 0xB1, 0x02, 0x00, 0xD0, 0x68, 0x00, 0x9F, 0xC8, 0x0A, 0x00, 0x00, 0xD0, 0x67, 0x81,
  0xDC, 0x15, 0x00, 0x00, 0x00, 0xD0, 0xAB, 0xFE, 0x4D, 0x00, 0x00, 0x00, 0x00, 0xD0, 0xDF, 0xA9,
  0xD2, 0x07, 0x00, 0x00, 0x00, 0xD0, 0x68, 0x0A, 0xD8, 0x90, 0x00, 0x00, 0x00, 0xD0, 0x68, 0x00,
  0x35, 0xFA, 0x47, 0x00, 0x00, 0xD0, 0x68, 0x00, 0x00, 0x7D, 0xE7, 0x15, 0x00, 0xD0, 0x6C, 0x00,
  0x00, 0xD0, 0x6C, 0x00, 0x00, 0xD0, 0x6C, 0x00, 0x00, 0xD0, 0x6C, 0x00, 0x00, 0xD0, 0x6C, 0x00,
  0x00, 0xD0, 0x6C, 0x00, 0x00, 0xD0, 0x6C, 0x00, 0x00, 0xD0, 0x6C, 0x00, 0x00, 0xD0, 0x6C, 0x00,
  0x00, 0xD0, 0x6C, 0x00, 0x00, 0xD0, 0x6C, 0x00, 0x00, 0xD0, 0x59, 0xB6, 0xF7, 0xDE, 0x51, 0x46,
  0xD4, 0xF6, 0xC7, 0x29, 0x00, 0x00, 0xD0, 0xEA, 0x51, 0x1B, 0x8C, 0xF3, 0xCD, 0x37, 0x20, 0xBB,
  0xB8, 0x00, 0x00, 0xD0, 0x9C, 0x00, 0x00, 0x15, 0xFF, 0x5B, 0x00, 0x00, 0x51, 0xE7, 0x00, 0x00,
  0xD0, 0x75, 0x00, 0x00, 0x08, 0xFF, 0x35, 0x00, 0x00, 0x44, 0xF4, 0x00, 0x00, 0xD0, 0x6C, 0x00,
  0x00, 0x08, 0xFF, 0x30, 0x00, 0x00, 0x44, 0xF4, 0x00, 0x00, 0xD0, 0x6C, 0x00, 0x00, 0x08, 0xFF,
  0x30, 0x00, 0x00, 0x44, 0xF4, 0x00, 0x00, 0xD0, 0x6C, 0x00, 0x00, 0x08, 0xFF, 0x30, 0x00, 0x00,
  0x44, 0xF4, 0x00, 0x00, 0xD0, 0x6C, 0x00, 0x00, 0x08, 0xFF, 0x30, 0x00, 0x00, 0x44, 0xF4, 0x00,
  0x00, 0xD0, 0x57, 0xAD, 0xF5, 0xE5, 0x7E, 0x00, 0x00, 0x00, 0xD0, 0xEC, 0x5C, 0x1B, 0x52, 0xFC,
  0x42, 0x00, 0x00, 0xD0, 0xA0, 0x00, 0x00, 0x00, 0xC3, 0x76, 0x00, 0x00, 0xD0, 0x75, 0x00, 0x00,
  0x00, 0xB4, 0x84, 0x00, 0x00, 0xD0, 0x6C, 0x00, 0x00, 0x00, 0xB4, 0x84, 0x00, 0x00, 0xD0, 0x6C,
  0x00, 0x00, 0x00, 0xB4, 0x84, 0x00, 0x00, 0xD0, 0x6C, 0x00, 0x00, 0x00, 0xB4, 0x84, 0x00, 0x00,
  0xD0, 0x6C, 0x00, 0x00, 0x00, 0xB4, 0x84, 0x00, 0x00, 0x06, 0x8E, 0xE9, 0xF6, 0xC1, 0x32, 0x00,
  0x00, 0x8D, 0xD7, 0x39, 0x20, 0x84, 0xEF, 0x1A, 0x09, 0xF9, 0x4B, 0x00, 0x00, 0x00, 0xD1, 0x7E,
  0x2B, 0xFF, 0x18, 0x00, 0x00, 0x00, 0x9D, 0xAB, 0x30, 0xFF, 0x19, 0x00, 0x00, 0x00, 0x9F, 0xA5,
  0x0B, 0xF6, 0x4D, 0x00, 0x00, 0x00, 0xD3, 0x7C, 0x00, 0x8D, 0xD9, 0x3B, 0x20, 0x86, 0xF0, 0x14,
  0x00, 0x04, 0x84, 0xE6, 0xF8, 0xC5, 0x37, 0x00, 0x00, 0xD0, 0x51, 0xB2, 0xF6, 0xD9, 0x5F, 0x00,
  0x00, 0x00, 0xD0, 0xE9, 0x56, 0x1C, 0x64, 0xFC, 0x4A, 0x00, 0x00, 0xD0, 0x9E, 0x00, 0x00, 0x00,
  0xAF, 0xAC, 0x00, 0x00, 0xD0, 0x74, 0x00, 0x00, 0x00, 0x7D, 0xD0, 0x00, 0x00, 0xD0, 0x77, 0x00,
  0x00, 0x00, 0x84, 0xC7, 0x00, 0x00, 0xD0, 0xA2, 0x00, 0x00, 0x00, 0xB2, 0xA3, 0x00, 0x00, 0xD0,
  0xF1, 0x5A, 0x1B, 0x61, 0xFD, 0x3B, 0x00, 0x00, 0xD0, 0x76, 0xB5, 0xF7, 0xE3, 0x67, 0x00, 0x00,
  0x00, 0xD0, 0x6B, 0x00, 0x00, 0x00, 0x00, 0x00, 0x00, 0x00, 0xD0, 0x6C, 0x00, 0x00, 0x00, 0x00,
  0x00, 0x00, 0x00, 0xD0, 0x6C, 0x00, 0x00, 0x00, 0x00, 0x00, 0x00, 0x00, 0xD0, 0x6C, 0x00, 0x00,
  0x00, 0x00, 0x00, 0x00, 0x00, 0x0F, 0xA7, 0xF4, 0xE8, 0x6A, 0xA2, 0x6C, 0x00, 0x00, 0x9F, 0xD5,
  0x32, 0x26, 0xA3, 0xF3, 0x6C, 0x00, 0x0C, 0xFC, 0x4B, 0x00, 0x00, 0x0E, 0xF7, 0x6C, 0x00, 0x2C,
  0xFF, 0x19, 0x00, 0x00, 0x00, 0xD9, 0x6C, 0x00, 0x2D, 0xFF, 0x17, 0x00, 0x00, 0x00, 0xD3, 0x6C,
  0x00, 0x0D, 0xFD, 0x45, 0x00, 0x00, 0x08, 0xF3, 0x6C, 0x00, 0x00, 0xA5, 0xD0, 0x30, 0x21, 0x97,
  0xF6, 0x6C, 0x00, 0x00, 0x0F, 0xA2, 0xEE, 0xE8, 0x72, 0xCA, 0x6C, 0x00, 0x00, 0x00, 0x00, 0x00,
  0x00, 0x00, 0xD0, 0x6C, 0x00, 0x00, 0x00, 0x00, 0x00, 0x00, 0x00, 0xD0, 0x6C, 0x00, 0x00, 0x00,
  0x00, 0x00, 0x00, 0x00, 0xD0, 0x6C, 0x00, 0x00, 0x00, 0x00, 0x00, 0x00, 0x00, 0xD0, 0x6C, 0x00,
  0x00, 0xD0, 0x42, 0x9B, 0xF5, 0x7D, 0x00, 0xD0, 0xD9, 0x7A, 0x19, 0x0E, 0x00, 0xD0, 0xAF, 0x00,
  0x00, 0x00, 0x00, 0xD0, 0x72, 0x00, 0x00, 0x00, 0x00, 0xD0, 0x6C, 0x00, 0x00, 0x00, 0x00, 0xD0,
  0x6C, 0x00, 0x00, 0x00, 0x00, 0xD0, 0x6C, 0x00, 0x00, 0x00, 0x00, 0xD0, 0x6C, 0x00, 0x00, 0x00,
  0x00, 0x66, 0xDB, 0xF8, 0xE3, 0x89, 0x00, 0x28, 0xF9, 0x43, 0x18, 0x3E, 0x4D, 0x00, 0x32, 0xFB,
  0x30, 0x00, 0x00, 0x00, 0x00, 0x00, 0x7C, 0xF5, 0xAD, 0x3B, 0x00, 0x00, 0x00, 0x00, 0x19, 0x84,
  0xF3, 0x8A, 0x00, 0x00, 0x00, 0x00, 0x00, 0x41, 0xFE, 0x09, 0x2A, 0x60, 0x26, 0x19, 0x80, 0xE4,
  0x00, 0x25, 0xC7, 0xF3, 0xF3, 0xC3, 0x36, 0x00, 0x00, 0x58, 0x84, 0x00, 0x00, 0x00, 0xA3, 0x84,
  0x00, 0x00, 0xA2, 0xFF, 0xFF, 0xFF, 0xB0, 0x0C, 0xBC, 0x8B, 0x10, 0x0B, 0x00, 0xB8, 0x84, 0x00,
  0x00, 0x00, 0xB8, 0x84, 0x00, 0x00, 0x00, 0xB8, 0x84, 0x00, 0x00, 0x00, 0xB6, 0x87, 0x00, 0x00,
  0x00, 0x96, 0xCD, 0x1F, 0x1A, 0x00, 0x20, 0xC7, 0xF8, 0xAC, 0x00, 0xE4, 0x5C, 0x00, 0x00, 0x00,
  0xC4, 0x78, 0x00, 0x00, 0xE4, 0x5C, 0x00, 0x00, 0x00, 0xC4, 0x78, 0x00, 0x00, 0xE4, 0x5C, 0x00,
  0x00, 0x00, 0xC4, 0x78, 0x00, 0x00, 0xE4, 0x5C, 0x00, 0x00, 0x00, 0xC4, 0x78, 0x00, 0x00, 0xE4,
  0x5C, 0x00, 0x00, 0x00, 0xCE, 0x78, 0x00, 0x00, 0xD7, 0x6A, 0x00, 0x00, 0x08, 0xF1, 0x78, 0x00,
  0x00, 0xA3, 0xD1, 0x2A, 0x25, 0x9C, 0xF8, 0x78, 0x00, 0x00, 0x1C, 0xB7, 0xF3, 0xE9, 0x81, 0xA0,
  0x78, 0x00, 0xD3, 0x7A, 0x00, 0x00, 0x00, 0x60, 0xE9, 0x04, 0x78, 0xD1, 0x00, 0x00, 0x00, 0xB6,
  0x92, 0x00, 0x1E, 0xFE, 0x27, 0x00, 0x11, 0xFA, 0x36, 0x00, 0x00, 0xC2, 0x7E, 0x00, 0x63, 0xDA,
  0x00, 0x00, 0x00, 0x67, 0xD4, 0x00, 0xB9, 0x7F, 0x00, 0x00, 0x00, 0x12, 0xF9, 0x3A, 0xFA, 0x24,
  0x00, 0x00, 0x00, 0x00, 0xB1, 0xC7, 0xC8, 0x00, 0x00, 0x00, 0x00, 0x00, 0x56, 0xFF, 0x6D, 0x00,
  0x00, 0x00, 0xB8, 0x8A, 0x00, 0x00, 0x4E, 0xFF, 0x53, 0x00, 0x00, 0x88, 0xB6, 0x76, 0xC9, 0x00,
  0x00, 0x99, 0xE3, 0x9C, 0x00, 0x00, 0xC6, 0x73, 0x34, 0xFB, 0x0C, 0x00, 0xE3, 0x74, 0xE4, 0x00,
  0x0A, 0xFA, 0x31, 0x02, 0xEE, 0x46, 0x30, 0xEF, 0x08, 0xF2, 0x2D, 0x43, 0xEC, 0x02, 0x00, 0xB0,
  0x83, 0x7A, 0xA8, 0x00, 0xAF, 0x75, 0x81, 0xAC, 0x00, 0x00, 0x6E, 0xBA, 0xBD, 0x5B, 0x00, 0x65,
  0xB9, 0xBE, 0x69, 0x00, 0x00, 0x2C, 0xED, 0xEE, 0x12, 0x00, 0x1B, 0xF0, 0xF1, 0x27, 0x00, 0x00,
  0x00, 0xE8, 0xC2, 0x00, 0x00, 0x00, 0xD1, 0xE5, 0x00, 0x00, 0x4B, 0xF5, 0x22, 0x00, 0x00, 0xB1,
  0xAF, 0x00, 0x00, 0xA2, 0xBA, 0x00, 0x54, 0xED, 0x18, 0x00, 0x00, 0x11, 0xE6, 0x6C, 0xE6, 0x5C,
  0x00, 0x00, 0x00, 0x00, 0x4E, 0xFF, 0xB4, 0x00, 0x00, 0x00, 0x00, 0x00, 0x6D, 0xFA, 0xCB, 0x03,
  0x00, 0x00, 0x00, 0x22, 0xF3, 0x49, 0xD5, 0x7A, 0x00, 0x00, 0x01, 0xBF, 0x9C, 0x00, 0x39, 0xF7,
  0x2C, 0x00, 0x6B, 0xE6, 0x10, 0x00, 0x00, 0x92, 0xCD, 0x04, 0xCF, 0x7F, 0x00, 0x00, 0x00, 0x5A,
  0xF0, 0x07, 0x73, 0xD6, 0x00, 0x00, 0x00, 0xAC, 0xA0, 0x00, 0x19, 0xFD, 0x2D, 0x00, 0x09, 0xF4,
  0x48, 0x00, 0x00, 0xBB, 0x84, 0x00, 0x50, 0xEC, 0x04, 0x00, 0x00, 0x5F, 0xDB, 0x00, 0xA2, 0x99,
  0x00, 0x00, 0x00, 0x0D, 0xF6, 0x2F, 0xEB, 0x41, 0x00, 0x00, 0x00, 0x00, 0xA7, 0xA6, 0xE6, 0x02,
  0x00, 0x00, 0x00, 0x00, 0x4C, 0xFE, 0x91, 0x00, 0x00, 0x00, 0x00, 0x00, 0x10, 0xFF, 0x3A, 0x00,
  0x00, 0x00, 0x00, 0x00, 0x65, 0xDD, 0x01, 0x00, 0x00, 0x00, 0x15, 0x31, 0xE7, 0x6B, 0x00, 0x00,
  0x00, 0x00, 0xCE, 0xF0, 0x92, 0x02, 0x00, 0x00, 0x00, 0x00, 0x38, 0xFF, 0xFF, 0xFF, 0xFF, 0xF0,
  0x00, 0x03, 0x10, 0x10, 0x10, 0xBF, 0x9E, 0x00, 0x00, 0x00, 0x00, 0x62, 0xE2, 0x0F, 0x00, 0x00,
  0x00, 0x1C, 0xEF, 0x46, 0x00, 0x00, 0x00, 0x00, 0xB7, 0x98, 0x00, 0x00, 0x00, 0x00, 0x63, 0xDF,
  0x0C, 0x00, 0x00, 0x00, 0x1D, 0xF0, 0x50, 0x10, 0x10, 0x10, 0x00, 0x73, 0xFF, 0xFF, 0xFF, 0xFF,
  0xFF, 0x08, 0x00, 0x00, 0x20, 0xB6, 0xD2, 0x00, 0x00, 0xB5, 0xB2, 0x1D, 0x00, 0x00, 0xE4, 0x54,
  0x00, 0x00, 0x00, 0xE8, 0x50, 0x00, 0x00, 0x00, 0xEA, 0x4E, 0x00, 0x00, 0x3C, 0xFC, 0x23, 0x00,
  0x97, 0xF7, 0x5A, 0x00, 0x00, 0x18, 0x6F, 0xF1, 0x18, 0x00, 0x00, 0x00, 0xEE, 0x4C, 0x00, 0x00,
  0x00, 0xE8, 0x50, 0x00, 0x00, 0x00, 0xE6, 0x51, 0x00, 0x00, 0x00, 0xC3, 0x99, 0x03, 0x00, 0x00,
  0x36, 0xDC, 0xDB, 0x00, 0x00, 0x00, 0x00, 0x10, 0x00, 0x00, 0x00, 0xA8, 0x60, 0x00, 0x00, 0x00,
  0x00, 0x00, 0x00, 0xA8, 0x60, 0x00, 0x00, 0x00, 0x00, 0x00, 0x00, 0xA8, 0x60, 0x00, 0x00, 0x00,
  0x00, 0x00, 0x00, 0xA8, 0x60, 0x00, 0x00, 0x00, 0x00, 0x00, 0x00, 0xA8, 0x60, 0x00, 0x00, 0x00,
  0x00, 0x00, 0x00, 0xA8, 0x60, 0x00, 0x00, 0x00, 0x00, 0x00, 0x00, 0xA8, 0x60, 0x00, 0x00, 0x00,
  0x00, 0x00, 0x00, 0xA8, 0x60, 0x00, 0x00, 0x00, 0x00, 0x00, 0x00, 0xA8, 0x60, 0x00, 0x00, 0x00,
  0x00, 0x00, 0x00, 0xA8, 0x60, 0x00, 0x00, 0x00, 0x00, 0x00, 0x00, 0xA8, 0x60, 0x00, 0x00, 0x00,
  0x00, 0x00, 0x00, 0xA8, 0x60, 0x00, 0x00, 0x00, 0x00, 0x00, 0x00, 0xA8, 0x60, 0x00, 0x00, 0x00,
  0x00, 0x00, 0x00, 0xA8, 0x60, 0x00, 0x00, 0x00, 0x00, 0x00, 0x00, 0xA8, 0x60, 0x00, 0x00, 0x00,
  0x86, 0xD5, 0x4E, 0x00, 0x00, 0x0D, 0x6D, 0xF7, 0x0E, 0x00, 0x00, 0x04, 0xFF, 0x34, 0x00, 0x00,
  0x00, 0xFF, 0x38, 0x00, 0x00, 0x00, 0xFE, 0x3A, 0x00, 0x00, 0x00, 0xD1, 0x8B, 0x03, 0x00, 0x00,
  0x26, 0xDB, 0xE7, 0x00, 0x00, 0xB9, 0xAA, 0x2B, 0x00, 0x00, 0xFC, 0x3D, 0x00, 0x00, 0x00, 0xFF,
  0x38, 0x00, 0x00, 0x02, 0xFF, 0x36, 0x00, 0x00, 0x52, 0xFC, 0x14, 0x00, 0x88, 0xF1, 0x66, 0x00,
  0x00, 0x0C, 0x02, 0x00, 0x00, 0x00, 0x0C, 0xA7, 0xE4, 0xB0, 0x45, 0x01, 0x42, 0x3C, 0x48, 0x73,
  0x2B, 0x76, 0xE0, 0xF9, 0xD4, 0x19, 0x02, 0x00, 0x00, 0x00, 0x01, 0x15, 0x00, 0x00, 0x00, 0x00,
  0x00, 0x00, 0x00, 0x00, 0x00, 0x00, 0x00, 0x00, 0x00, 0x00, 0x00, 0x00, 0x00, 0x00, 0x00, 0x00,
  0x00, 0x00, 0x00, 0x00, 0x00, 0x00,
};

static const uint8_t NOTES_FONT_META[] = {
  0x00, 0x00, 0x00, 0x5E, 0x00, 0x00, 0x00, 0x0B, 0x00, 0x00, 0x00, 0x0B, 0x00, 0x00, 0x00, 0x00,
  0x00, 0x00, 0x00, 0x0C, 0x00, 0x00, 0x00, 0x04, 0x00, 0x00, 0x00, 0x21, 0x00, 0x00, 0x00, 0x08,
  0x00, 0x00, 0x00, 0x03, 0x00, 0x00, 0x00, 0x03, 0x00, 0x00, 0x00, 0x08, 0x00, 0x00, 0x00, 0x00,
  0x00, 0x00, 0x00, 0x00, 0x00, 0x00, 0x00, 0x22, 0x00, 0x00, 0x00, 0x08, 0x00, 0x00, 0x00, 0x04,
  0x00, 0x00, 0x00, 0x04, 0x00, 0x00, 0x00, 0x08, 0x00, 0x00, 0x00, 0x00, 0x00, 0x00, 0x00, 0x00,
  0x00, 0x00, 0x00, 0x23, 0x00, 0x00, 0x00, 0x08, 0x00, 0x00, 0x00, 0x07, 0x00, 0x00, 0x00, 0x07,
  0x00, 0x00, 0x00, 0x08, 0x00, 0x00, 0x00, 0x00, 0x00, 0x00, 0x00, 0x00, 0x00, 0x00, 0x00, 0x24,
  0x00, 0x00, 0x00, 0x09, 0x00, 0x00, 0x00, 0x06, 0x00, 0x00, 0x00, 0x06, 0x00, 0x00, 0x00, 0x08,
  0x00, 0x00, 0x00, 0x00, 0x00, 0x00, 0x00, 0x00, 0x00, 0x00, 0x00, 0x25, 0x00, 0x00, 0x00, 0x08,
  0x00, 0x00, 0x00, 0x09, 0x00, 0x00, 0x00, 0x09, 0x00, 0x00, 0x00, 0x08, 0x00, 0x00, 0x00, 0x00,
  0x00, 0x00, 0x00, 0x00, 0x00, 0x00, 0x00, 0x26, 0x00, 0x00, 0x00, 0x08, 0x00, 0x00, 0x00, 0x09,
  0x00, 0x00, 0x00, 0x08, 0x00, 0x00, 0x00, 0x08, 0x00, 0x00, 0x00, 0x00, 0x00, 0x00, 0x00, 0x00,
  0x00, 0x00, 0x00, 0x27, 0x00, 0x00, 0x00, 0x08, 0x00, 0x00, 0x00, 0x02, 0x00, 0x00, 0x00, 0x02,
  0x00, 0x00, 0x00, 0x08, 0x00, 0x00, 0x00, 0x00, 0x00, 0x00, 0x00, 0x00, 0x00, 0x00, 0x00, 0x28,
  0x00, 0x00, 0x00, 0x0A, 0x00, 0x00, 0x00, 0x03, 0x00, 0x00, 0x00, 0x03, 0x00, 0x00, 0x00, 0x08,
  0x00, 0x00, 0x00, 0x00, 0x00, 0x00, 0x00, 0x00, 0x00, 0x00, 0x00, 0x29, 0x00, 0x00, 0x00, 0x0A,
  0x00, 0x00, 0x00, 0x03, 0x00, 0x00, 0x00, 0x03, 0x00, 0x00, 0x00, 0x08, 0x00, 0x00, 0x00, 0x00,
  0x00, 0x00, 0x00, 0x00, 0x00, 0x00, 0x00, 0x2A, 0x00, 0x00, 0x00, 0x08, 0x00, 0x00, 0x00, 0x06,
  0x00, 0x00, 0x00, 0x06, 0x00, 0x00, 0x00, 0x08, 0x00, 0x00, 0x00, 0x00, 0x00, 0x00, 0x00, 0x00,
  0x00, 0x00, 0x00, 0x2B, 0x00, 0x00, 0x00, 0x06, 0x00, 0x00, 0x00, 0x06, 0x00, 0x00, 0x00, 0x06,
  0x00, 0x00, 0x00, 0x06, 0x00, 0x00, 0x00, 0x00, 0x00, 0x00, 0x00, 0x00, 0x00, 0x00, 0x00, 0x2C,
  0x00, 0x00, 0x00, 0x03, 0x00, 0x00, 0x00, 0x03, 0x00, 0x00, 0x00, 0x03, 0x00, 0x00, 0x00, 0x02,
  0x00, 0x00, 0x00, 0x00, 0x00, 0x00, 0x00, 0x00, 0x00, 0x00, 0x00, 0x2D, 0x00, 0x00, 0x00, 0x03,
  0x00, 0x00, 0x00, 0x04, 0x00, 0x00, 0x00, 0x04, 0x00, 0x00, 0x00, 0x03, 0x00, 0x00, 0x00, 0x00,
  0x00, 0x00, 0x00, 0x00, 0x00, 0x00, 0x00, 0x2E, 0x00, 0x00, 0x00, 0x02, 0x00, 0x00, 0x00, 0x03,
  0x00, 0x00, 0x00, 0x03, 0x00, 0x00, 0x00, 0x02, 0x00, 0x00, 0x00, 0x00, 0x00, 0x00, 0x00, 0x00,
  0x00, 0x00, 0x00, 0x2F, 0x00, 0x00, 0x00, 0x08, 0x00, 0x00, 0x00, 0x04, 0x00, 0x00, 0x00, 0x04,
  0x00, 0x00, 0x00, 0x08, 0x00, 0x00, 0x00, 0x00, 0x00, 0x00, 0x00, 0x00, 0x00, 0x00, 0x00, 0x30,
  0x00, 0x00, 0x00, 0x08, 0x00, 0x00, 0x00, 0x06, 0x00, 0x00, 0x00, 0x06, 0x00, 0x00, 0x00, 0x08,
  0x00, 0x00, 0x00, 0x00, 0x00, 0x00, 0x00, 0x00, 0x00, 0x00, 0x00, 0x31, 0x00, 0x00, 0x00, 0x08,
  0x00, 0x00, 0x00, 0x06, 0x00, 0x00, 0x00, 0x06, 0x00, 0x00, 0x00, 0x08, 0x00, 0x00, 0x00, 0x00,
  0x00, 0x00, 0x00, 0x00, 0x00, 0x00, 0x00, 0x32, 0x00, 0x00, 0x00, 0x08, 0x00, 0x00, 0x00, 0x06,
  0x00, 0x00, 0x00, 0x06, 0x00, 0x00, 0x00, 0x08, 0x00, 0x00, 0x00, 0x00, 0x00, 0x00, 0x00, 0x00,
  0x00, 0x00, 0x00, 0x33, 0x00, 0x00, 0x00, 0x08, 0x00, 0x00, 0x00, 0x06, 0x00, 0x00, 0x00, 0x06,
  0x00, 0x00, 0x00, 0x08, 0x00, 0x00, 0x00, 0x00, 0x00, 0x00, 0x00, 0x00, 0x00, 0x00, 0x00, 0x34,
  0x00, 0x00, 0x00, 0x08, 0x00, 0x00, 0x00, 0x07, 0x00, 0x00, 0x00, 0x06, 0x00, 0x00, 0x00, 0x08,
  0x00, 0x00, 0x00, 0x00, 0x00, 0x00, 0x00, 0x00, 0x00, 0x00, 0x00, 0x35, 0x00, 0x00, 0x00, 0x08,
  0x00, 0x00, 0x00, 0x06, 0x00, 0x00, 0x00, 0x06, 0x00, 0x00, 0x00, 0x08, 0x00, 0x00, 0x00, 0x00,
  0x00, 0x00, 0x00, 0x00, 0x00, 0x00, 0x00, 0x36, 0x00, 0x00, 0x00, 0x08, 0x00, 0x00, 0x00, 0x06,
  0x00, 0x00, 0x00, 0x06, 0x00, 0x00, 0x00, 0x08, 0x00, 0x00, 0x00, 0x00, 0x00, 0x00, 0x00, 0x00,
  0x00, 0x00, 0x00, 0x37, 0x00, 0x00, 0x00, 0x08, 0x00, 0x00, 0x00, 0x06, 0x00, 0x00, 0x00, 0x06,
  0x00, 0x00, 0x00, 0x08, 0x00, 0x00, 0x00, 0x00, 0x00, 0x00, 0x00, 0x00, 0x00, 0x00, 0x00, 0x38,
  0x00, 0x00, 0x00, 0x08, 0x00, 0x00, 0x00, 0x06, 0x00, 0x00, 0x00, 0x06, 0x00, 0x00, 0x00, 0x08,
  0x00, 0x00, 0x00, 0x00, 0x00, 0x00, 0x00, 0x00, 0x00, 0x00, 0x00, 0x39, 0x00, 0x00, 0x00, 0x08,
  0x00, 0x00, 0x00, 0x06, 0x00, 0x00, 0x00, 0x06, 0x00, 0x00, 0x00, 0x08, 0x00, 0x00, 0x00, 0x00,
  0x00, 0x00, 0x00, 0x00, 0x00, 0x00, 0x00, 0x3A, 0x00, 0x00, 0x00, 0x06, 0x00, 0x00, 0x00, 0x03,
  0x00, 0x00, 0x00, 0x03, 0x00, 0x00, 0x00, 0x06, 0x00, 0x00, 0x00, 0x00, 0x00, 0x00, 0x00, 0x00,
  0x00, 0x00, 0x00, 0x3B, 0x00, 0x00, 0x00, 0x08, 0x00, 0x00, 0x00, 0x03, 0x00, 0x00, 0x00, 0x03,
  0x00, 0x00, 0x00, 0x06, 0x00, 0x00, 0x00, 0x00, 0x00, 0x00, 0x00, 0x00, 0x00, 0x00, 0x00, 0x3C,
  0x00, 0x00, 0x00, 0x07, 0x00, 0x00, 0x00, 0x06, 0x00, 0x00, 0x00, 0x06, 0x00, 0x00, 0x00, 0x07,
  0x00, 0x00, 0x00, 0x00, 0x00, 0x00, 0x00, 0x00, 0x00, 0x00, 0x00, 0x3D, 0x00, 0x00, 0x00, 0x05,
  0x00, 0x00, 0x00, 0x06, 0x00, 0x00, 0x00, 0x06, 0x00, 0x00, 0x00, 0x05, 0x00, 0x00, 0x00, 0x00,
  0x00, 0x00, 0x00, 0x00, 0x00, 0x00, 0x00, 0x3E, 0x00, 0x00, 0x00, 0x07, 0x00, 0x00, 0x00, 0x06,
  0x00, 0x00, 0x00, 0x06, 0x00, 0x00, 0x00, 0x07, 0x00, 0x00, 0x00, 0x00, 0x00, 0x00, 0x00, 0x00,
  0x00, 0x00, 0x00, 0x3F, 0x00, 0x00, 0x00, 0x08, 0x00, 0x00, 0x00, 0x05, 0x00, 0x00, 0x00, 0x05,
  0x00, 0x00, 0x00, 0x08, 0x00, 0x00, 0x00, 0x00, 0x00, 0x00, 0x00, 0x00, 0x00, 0x00, 0x00, 0x40,
  0x00, 0x00, 0x00, 0x09, 0x00, 0x00, 0x00, 0x0A, 0x00, 0x00, 0x00, 0x0A, 0x00, 0x00, 0x00, 0x08,
  0x00, 0x00, 0x00, 0x00, 0x00, 0x00, 0x00, 0x00, 0x00, 0x00, 0x00, 0x41, 0x00, 0x00, 0x00, 0x08,
  0x00, 0x00, 0x00, 0x08, 0x00, 0x00, 0x00, 0x07, 0x00, 0x00, 0x00, 0x08, 0x00, 0x00, 0x00, 0x00,
  0x00, 0x00, 0x00, 0x00, 0x00, 0x00, 0x00, 0x42, 0x00, 0x00, 0x00, 0x08, 0x00, 0x00, 0x00, 0x07,
  0x00, 0x00, 0x00, 0x07, 0x00, 0x00, 0x00, 0x08, 0x00, 0x00, 0x00, 0x00, 0x00, 0x00, 0x00, 0x00,
  0x00, 0x00, 0x00, 0x43, 0x00, 0x00, 0x00, 0x08, 0x00, 0x00, 0x00, 0x07, 0x00, 0x00, 0x00, 0x07,
  0x00, 0x00, 0x00, 0x08, 0x00, 0x00, 0x00, 0x00, 0x00, 0x00, 0x00, 0x00, 0x00, 0x00, 0x00, 0x44,
  0x00, 0x00, 0x00, 0x08, 0x00, 0x00, 0x00, 0x08, 0x00, 0x00, 0x00, 0x08, 0x00, 0x00, 0x00, 0x08,
  0x00, 0x00, 0x00, 0x00, 0x00, 0x00, 0x00, 0x00, 0x00, 0x00, 0x00, 0x45, 0x00, 0x00, 0x00, 0x08,
  0x00, 0x00, 0x00, 0x06, 0x00, 0x00, 0x00, 0x06, 0x00, 0x00, 0x00, 0x08, 0x00, 0x00, 0x00, 0x00,
  0x00, 0x00, 0x00, 0x00, 0x00, 0x00, 0x00, 0x46, 0x00, 0x00, 0x00, 0x08, 0x00, 0x00, 0x00, 0x06,
  0x00, 0x00, 0x00, 0x06, 0x00, 0x00, 0x00, 0x08, 0x00, 0x00, 0x00, 0x00, 0x00, 0x00, 0x00, 0x00,
  0x00, 0x00, 0x00, 0x47, 0x00, 0x00, 0x00, 0x08, 0x00, 0x00, 0x00, 0x08, 0x00, 0x00, 0x00, 0x08,
  0x00, 0x00, 0x00, 0x08, 0x00, 0x00, 0x00, 0x00, 0x00, 0x00, 0x00, 0x00, 0x00, 0x00, 0x00, 0x48,
  0x00, 0x00, 0x00, 0x08, 0x00, 0x00, 0x00, 0x08, 0x00, 0x00, 0x00, 0x08, 0x00, 0x00, 0x00, 0x08,
  0x00, 0x00, 0x00, 0x00, 0x00, 0x00, 0x00, 0x00, 0x00, 0x00, 0x00, 0x49, 0x00, 0x00, 0x00, 0x08,
  0x00, 0x00, 0x00, 0x04, 0x00, 0x00, 0x00, 0x04, 0x00, 0x00, 0x00, 0x08, 0x00, 0x00, 0x00, 0x00,
  0x00, 0x00, 0x00, 0x00, 0x00, 0x00, 0x00, 0x4A, 0x00, 0x00, 0x00, 0x0A, 0x00, 0x00, 0x00, 0x04,
  0x00, 0x00, 0x00, 0x03, 0x00, 0x00, 0x00, 0x08, 0xFF, 0xFF, 0xFF, 0xFF, 0x00, 0x00, 0x00, 0x00,
  0x00, 0x00, 0x00, 0x4B, 0x00, 0x00, 0x00, 0x08, 0x00, 0x00, 0x00, 0x07, 0x00, 0x00, 0x00, 0x07,
  0x00, 0x00, 0x00, 0x08, 0x00, 0x00, 0x00, 0x00, 0x00, 0x00, 0x00, 0x00, 0x00, 0x00, 0x00, 0x4C,
  0x00, 0x00, 0x00, 0x08, 0x00, 0x00, 0x00, 0x06, 0x00, 0x00, 0x00, 0x06, 0x00, 0x00, 0x00, 0x08,
  0x00, 0x00, 0x00, 0x00, 0x00, 0x00, 0x00, 0x00, 0x00, 0x00, 0x00, 0x4D, 0x00, 0x00, 0x00, 0x08,
  0x00, 0x00, 0x00, 0x0A, 0x00, 0x00, 0x00, 0x0A, 0x00, 0x00, 0x00, 0x08, 0x00, 0x00, 0x00, 0x00,
  0x00, 0x00, 0x00, 0x00, 0x00, 0x00, 0x00, 0x4E, 0x00, 0x00, 0x00, 0x08, 0x00, 0x00, 0x00, 0x08,
  0x00, 0x00, 0x00, 0x08, 0x00, 0x00, 0x00, 0x08, 0x00, 0x00, 0x00, 0x00, 0x00, 0x00, 0x00, 0x00,
  0x00, 0x00, 0x00, 0x4F, 0x00, 0x00, 0x00, 0x08, 0x00, 0x00, 0x00, 0x09, 0x00, 0x00, 0x00, 0x09,
  0x00, 0x00, 0x00, 0x08, 0x00, 0x00, 0x00, 0x00, 0x00, 0x00, 0x00, 0x00, 0x00, 0x00, 0x00, 0x50,
  0x00, 0x00, 0x00, 0x08, 0x00, 0x00, 0x00, 0x07, 0x00, 0x00, 0x00, 0x07, 0x00, 0x00, 0x00, 0x08,
  0x00, 0x00, 0x00, 0x00, 0x00, 0x00, 0x00, 0x00, 0x00, 0x00, 0x00, 0x51, 0x00, 0x00, 0x00, 0x0A,
  0x00, 0x00, 0x00, 0x09, 0x00, 0x00, 0x00, 0x09, 0x00, 0x00, 0x00, 0x08, 0x00, 0x00, 0x00, 0x00,
  0x00, 0x00, 0x00, 0x00, 0x00, 0x00, 0x00, 0x52, 0x00, 0x00, 0x00, 0x08, 0x00, 0x00, 0x00, 0x07,
  0x00, 0x00, 0x00, 0x07, 0x00, 0x00, 0x00, 0x08, 0x00, 0x00, 0x00, 0x00, 0x00, 0x00, 0x00, 0x00,
  0x00, 0x00, 0x00, 0x53, 0x00, 0x00, 0x00, 0x08, 0x00, 0x00, 0x00, 0x06, 0x00, 0x00, 0x00, 0x06,
  0x00, 0x00, 0x00, 0x08, 0x00, 0x00, 0x00, 0x00, 0x00, 0x00, 0x00, 0x00, 0x00, 0x00, 0x00, 0x54,
  0x00, 0x00, 0x00, 0x08, 0x00, 0x00, 0x00, 0x06, 0x00, 0x00, 0x00, 0x06, 0x00, 0x00, 0x00, 0x08,
  0x00, 0x00, 0x00, 0x00, 0x00, 0x00, 0x00, 0x00, 0x00, 0x00, 0x00, 0x55, 0x00, 0x00, 0x00, 0x08,
  0x00, 0x00, 0x00, 0x08, 0x00, 0x00, 0x00, 0x08, 0x00, 0x00, 0x00, 0x08, 0x00, 0x00, 0x00, 0x00,
  0x00, 0x00, 0x00, 0x00, 0x00, 0x00, 0x00, 0x56, 0x00, 0x00, 0x00, 0x08, 0x00, 0x00, 0x00, 0x07,
  0x00, 0x00, 0x00, 0x07, 0x00, 0x00, 0x00, 0x08, 0x00, 0x00, 0x00, 0x00, 0x00, 0x00, 0x00, 0x00,
  0x00, 0x00, 0x00, 0x57, 0x00, 0x00, 0x00, 0x08, 0x00, 0x00, 0x00, 0x0B, 0x00, 0x00, 0x00, 0x0A,
  0x00, 0x00, 0x00, 0x08, 0x00, 0x00, 0x00, 0x00, 0x00, 0x00, 0x00, 0x00, 0x00, 0x00, 0x00, 0x58,
  0x00, 0x00, 0x00, 0x08, 0x00, 0x00, 0x00, 0x07, 0x00, 0x00, 0x00, 0x06, 0x00, 0x00, 0x00, 0x08,
  0x00, 0x00, 0x00, 0x00, 0x00, 0x00, 0x00, 0x00, 0x00, 0x00, 0x00, 0x59, 0x00, 0x00, 0x00, 0x08,
  0x00, 0x00, 0x00, 0x07, 0x00, 0x00, 0x00, 0x06, 0x00, 0x00, 0x00, 0x08, 0x00, 0x00, 0x00, 0x00,
  0x00, 0x00, 0x00, 0x00, 0x00, 0x00, 0x00, 0x5A, 0x00, 0x00, 0x00, 0x08, 0x00, 0x00, 0x00, 0x06,
  0x00, 0x00, 0x00, 0x06, 0x00, 0x00, 0x00, 0x08, 0x00, 0x00, 0x00, 0x00, 0x00, 0x00, 0x00, 0x00,
  0x00, 0x00, 0x00, 0x5B, 0x00, 0x00, 0x00, 0x0A, 0x00, 0x00, 0x00, 0x04, 0x00, 0x00, 0x00, 0x04,
  0x00, 0x00, 0x00, 0x08, 0x00, 0x00, 0x00, 0x00, 0x00, 0x00, 0x00, 0x00, 0x00, 0x00, 0x00, 0x5C,
  0x00, 0x00, 0x00, 0x08, 0x00, 0x00, 0x00, 0x04, 0x00, 0x00, 0x00, 0x04, 0x00, 0x00, 0x00, 0x08,
  0x00, 0x00, 0x00, 0x00, 0x00, 0x00, 0x00, 0x00, 0x00, 0x00, 0x00, 0x5D, 0x00, 0x00, 0x00, 0x0A,
  0x00, 0x00, 0x00, 0x04, 0x00, 0x00, 0x00, 0x04, 0x00, 0x00, 0x00, 0x08, 0x00, 0x00, 0x00, 0x00,
  0x00, 0x00, 0x00, 0x00, 0x00, 0x00, 0x00, 0x5E, 0x00, 0x00, 0x00, 0x08, 0x00, 0x00, 0x00, 0x06,
  0x00, 0x00, 0x00, 0x06, 0x00, 0x00, 0x00, 0x08, 0x00, 0x00, 0x00, 0x00, 0x00, 0x00, 0x00, 0x00,
  0x00, 0x00, 0x00, 0x5F, 0x00, 0x00, 0x00, 0x02, 0x00, 0x00, 0x00, 0x06, 0x00, 0x00, 0x00, 0x05,
  0x00, 0x00, 0x00, 0x00, 0xFF, 0xFF, 0xFF, 0xFF, 0x00, 0x00, 0x00, 0x00, 0x00, 0x00, 0x00, 0x60,
  0x00, 0x00, 0x00, 0x09, 0x00, 0x00, 0x00, 0x03, 0x00, 0x00, 0x00, 0x03, 0x00, 0x00, 0x00, 0x09,
  0x00, 0x00, 0x00, 0x00, 0x00, 0x00, 0x00, 0x00, 0x00, 0x00, 0x00, 0x61, 0x00, 0x00, 0x00, 0x06,
  0x00, 0x00, 0x00, 0x06, 0x00, 0x00, 0x00, 0x06, 0x00, 0x00, 0x00, 0x06, 0x00, 0x00, 0x00, 0x00,
  0x00, 0x00, 0x00, 0x00, 0x00, 0x00, 0x00, 0x62, 0x00, 0x00, 0x00, 0x08, 0x00, 0x00, 0x00, 0x07,
  0x00, 0x00, 0x00, 0x07, 0x00, 0x00, 0x00, 0x08, 0x00, 0x00, 0x00, 0x00, 0x00, 0x00, 0x00, 0x00,
  0x00, 0x00, 0x00, 0x63, 0x00, 0x00, 0x00, 0x06, 0x00, 0x00, 0x00, 0x05, 0x00, 0x00, 0x00, 0x05,
  0x00, 0x00, 0x00, 0x06, 0x00, 0x00, 0x00, 0x00, 0x00, 0x00, 0x00, 0x00, 0x00, 0x00, 0x00, 0x64,
  0x00, 0x00, 0x00, 0x08, 0x00, 0x00, 0x00, 0x07, 0x00, 0x00, 0x00, 0x07, 0x00, 0x00, 0x00, 0x08,
  0x00, 0x00, 0x00, 0x00, 0x00, 0x00, 0x00, 0x00, 0x00, 0x00, 0x00, 0x65, 0x00, 0x00, 0x00, 0x06,
  0x00, 0x00, 0x00, 0x06, 0x00, 0x00, 0x00, 0x06, 0x00, 0x00, 0x00, 0x06, 0x00, 0x00, 0x00, 0x00,
  0x00, 0x00, 0x00, 0x00, 0x00, 0x00, 0x00, 0x66, 0x00, 0x00, 0x00, 0x08, 0x00, 0x00, 0x00, 0x05,
  0x00, 0x00, 0x00, 0x04, 0x00, 0x00, 0x00, 0x08, 0x00, 0x00, 0x00, 0x00, 0x00, 0x00, 0x00, 0x00,
  0x00, 0x00, 0x00, 0x67, 0x00, 0x00, 0x00, 0x09, 0x00, 0x00, 0x00, 0x07, 0x00, 0x00, 0x00, 0x07,
  0x00, 0x00, 0x00, 0x06, 0x00, 0x00, 0x00, 0x00, 0x00, 0x00, 0x00, 0x00, 0x00, 0x00, 0x00, 0x68,
  0x00, 0x00, 0x00, 0x08, 0x00, 0x00, 0x00, 0x07, 0x00, 0x00, 0x00, 0x07, 0x00, 0x00, 0x00, 0x08,
  0x00, 0x00, 0x00, 0x00, 0x00, 0x00, 0x00, 0x00, 0x00, 0x00, 0x00, 0x69, 0x00, 0x00, 0x00, 0x08,
  0x00, 0x00, 0x00, 0x03, 0x00, 0x00, 0x00, 0x03, 0x00, 0x00, 0x00, 0x08, 0x00, 0x00, 0x00, 0x00,
  0x00, 0x00, 0x00, 0x00, 0x00, 0x00, 0x00, 0x6A, 0x00, 0x00, 0x00, 0x0B, 0x00, 0x00, 0x00, 0x04,
  0x00, 0x00, 0x00, 0x03, 0x00, 0x00, 0x00, 0x08, 0xFF, 0xFF, 0xFF, 0xFF, 0x00, 0x00, 0x00, 0x00,
  0x00, 0x00, 0x00, 0x6B, 0x00, 0x00, 0x00, 0x08, 0x00, 0x00, 0x00, 0x06, 0x00, 0x00, 0x00, 0x06,
  0x00, 0x00, 0x00, 0x08, 0x00, 0x00, 0x00, 0x00, 0x00, 0x00, 0x00, 0x00, 0x00, 0x00, 0x00, 0x6C,
  0x00, 0x00, 0x00, 0x08, 0x00, 0x00, 0x00, 0x03, 0x00, 0x00, 0x00, 0x03, 0x00, 0x00, 0x00, 0x08,
  0x00, 0x00, 0x00, 0x00, 0x00, 0x00, 0x00, 0x00, 0x00, 0x00, 0x00, 0x6D, 0x00, 0x00, 0x00, 0x06,
  0x00, 0x00, 0x00, 0x0A, 0x00, 0x00, 0x00, 0x0A, 0x00, 0x00, 0x00, 0x06, 0x00, 0x00, 0x00, 0x00,
  0x00, 0x00, 0x00, 0x00, 0x00, 0x00, 0x00, 0x6E, 0x00, 0x00, 0x00, 0x06, 0x00, 0x00, 0x00, 0x07,
  0x00, 0x00, 0x00, 0x07, 0x00, 0x00, 0x00, 0x06, 0x00, 0x00, 0x00, 0x00, 0x00, 0x00, 0x00, 0x00,
  0x00, 0x00, 0x00, 0x6F, 0x00, 0x00, 0x00, 0x06, 0x00, 0x00, 0x00, 0x07, 0x00, 0x00, 0x00, 0x07,
  0x00, 0x00, 0x00, 0x06, 0x00, 0x00, 0x00, 0x00, 0x00, 0x00, 0x00, 0x00, 0x00, 0x00, 0x00, 0x70,
  0x00, 0x00, 0x00, 0x09, 0x00, 0x00, 0x00, 0x07, 0x00, 0x00, 0x00, 0x07, 0x00, 0x00, 0x00, 0x06,
  0x00, 0x00, 0x00, 0x00, 0x00, 0x00, 0x00, 0x00, 0x00, 0x00, 0x00, 0x71, 0x00, 0x00, 0x00, 0x09,
  0x00, 0x00, 0x00, 0x07, 0x00, 0x00, 0x00, 0x07, 0x00, 0x00, 0x00, 0x06, 0x00, 0x00, 0x00, 0x00,
  0x00, 0x00, 0x00, 0x00, 0x00, 0x00, 0x00, 0x72, 0x00, 0x00, 0x00, 0x06, 0x00, 0x00, 0x00, 0x05,
  0x00, 0x00, 0x00, 0x05, 0x00, 0x00, 0x00, 0x06, 0x00, 0x00, 0x00, 0x00, 0x00, 0x00, 0x00, 0x00,
  0x00, 0x00, 0x00, 0x73, 0x00, 0x00, 0x00, 0x06, 0x00, 0x00, 0x00, 0x05, 0x00, 0x00, 0x00, 0x05,
  0x00, 0x00, 0x00, 0x06, 0x00, 0x00, 0x00, 0x00, 0x00, 0x00, 0x00, 0x00, 0x00, 0x00, 0x00, 0x74,
  0x00, 0x00, 0x00, 0x08, 0x00, 0x00, 0x00, 0x04, 0x00, 0x00, 0x00, 0x04, 0x00, 0x00, 0x00, 0x08,
  0x00, 0x00, 0x00, 0x00, 0x00, 0x00, 0x00, 0x00, 0x00, 0x00, 0x00, 0x75, 0x00, 0x00, 0x00, 0x06,
  0x00, 0x00, 0x00, 0x07, 0x00, 0x00, 0x00, 0x07, 0x00, 0x00, 0x00, 0x06, 0x00, 0x00, 0x00, 0x00,
  0x00, 0x00, 0x00, 0x00, 0x00, 0x00, 0x00, 0x76, 0x00, 0x00, 0x00, 0x06, 0x00, 0x00, 0x00, 0x06,
  0x00, 0x00, 0x00, 0x06, 0x00, 0x00, 0x00, 0x06, 0x00, 0x00, 0x00, 0x00, 0x00, 0x00, 0x00, 0x00,
  0x00, 0x00, 0x00, 0x77, 0x00, 0x00, 0x00, 0x06, 0x00, 0x00, 0x00, 0x09, 0x00, 0x00, 0x00, 0x09,
  0x00, 0x00, 0x00, 0x06, 0x00, 0x00, 0x00, 0x00, 0x00, 0x00, 0x00, 0x00, 0x00, 0x00, 0x00, 0x78,
  0x00, 0x00, 0x00, 0x06, 0x00, 0x00, 0x00, 0x06, 0x00, 0x00, 0x00, 0x06, 0x00, 0x00, 0x00, 0x06,
  0x00, 0x00, 0x00, 0x00, 0x00, 0x00, 0x00, 0x00, 0x00, 0x00, 0x00, 0x79, 0x00, 0x00, 0x00, 0x09,
  0x00, 0x00, 0x00, 0x06, 0x00, 0x00, 0x00, 0x06, 0x00, 0x00, 0x00, 0x06, 0x00, 0x00, 0x00, 0x00,
  0x00, 0x00, 0x00, 0x00, 0x00, 0x00, 0x00, 0x7A, 0x00, 0x00, 0x00, 0x06, 0x00, 0x00, 0x00, 0x05,
  0x00, 0x00, 0x00, 0x05, 0x00, 0x00, 0x00, 0x06, 0x00, 0x00, 0x00, 0x00, 0x00, 0x00, 0x00, 0x00,
  0x00, 0x00, 0x00, 0x7B, 0x00, 0x00, 0x00, 0x0A, 0x00, 0x00, 0x00, 0x04, 0x00, 0x00, 0x00, 0x04,
  0x00, 0x00, 0x00, 0x08, 0x00, 0x00, 0x00, 0x00, 0x00, 0x00, 0x00, 0x00, 0x00, 0x00, 0x00, 0x7C,
  0x00, 0x00, 0x00, 0x0B, 0x00, 0x00, 0x00, 0x06, 0x00, 0x00, 0x00, 0x06, 0x00, 0x00, 0x00, 0x08,
  0x00, 0x00, 0x00, 0x00, 0x00, 0x00, 0x00, 0x00, 0x00, 0x00, 0x00, 0x7D, 0x00, 0x00, 0x00, 0x0A,
  0x00, 0x00, 0x00, 0x04, 0x00, 0x00, 0x00, 0x04, 0x00, 0x00, 0x00, 0x08, 0x00, 0x00, 0x00, 0x00,
  0x00, 0x00, 0x00, 0x00, 0x00, 0x00, 0x00, 0x7E, 0x00, 0x00, 0x00, 0x05, 0x00, 0x00, 0x00, 0x06,
  0x00, 0x00, 0x00, 0x06, 0x00, 0x00, 0x00, 0x05, 0x00, 0x00, 0x00, 0x00, 0x00, 0x00, 0x00, 0x00,
  0x17, 0xFF, 0x09, 0x0B, 0xFD, 0x00, 0x00, 0xF0, 0x00, 0x00, 0xDA, 0x00, 0x00, 0xC3, 0x00, 0x00,
  0xAC, 0x00, 0x00, 0x17, 0x00, 0x18, 0xEC, 0x0D, 0x3F, 0xB9, 0x3B, 0xB9, 0x2B, 0xA6, 0x27, 0xA6,
  0x14, 0x7C, 0x11, 0x7C, 0x00, 0x00, 0x00, 0x00, 0x00, 0x00, 0x00, 0x00, 0x00, 0x00, 0x00, 0x00,
  0x00, 0x00, 0x00, 0x00, 0x00, 0x00, 0x00, 0x00, 0x00, 0x00, 0x60, 0x68, 0x06, 0xB9, 0x00, 0x00,
  0x00, 0x97, 0x33, 0x37, 0x8B, 0x00, 0x3F, 0xCC, 0xF2, 0xCE, 0xE2, 0xDD, 0xA5, 0x00, 0x00, 0xC4,
  0x00, 0x99, 0x2F, 0x00, 0x00, 0x1C, 0xAB, 0x00, 0xBF, 0x09, 0x00, 0x92, 0xDA, 0xE5, 0xCC, 0xF4,
  0xCC, 0x5C, 0x00, 0x76, 0x50, 0x1E, 0xA9, 0x00, 0x00, 0x00, 0xA7, 0x1D, 0x55, 0x73, 0x00, 0x00,
  0x00, 0x00, 0x38, 0x7C, 0x00, 0x00, 0x02, 0x98, 0xEA, 0xEE, 0xD2, 0x34, 0x3E, 0xC3, 0x3E, 0x7C,
  0x17, 0x0C, 0x26, 0xE2, 0x70, 0x7C, 0x00, 0x00, 0x00, 0x47, 0xC5, 0xE4, 0x7E, 0x06, 0x00, 0x00,
  0x38, 0x90, 0x9B, 0x83, 0x1A, 0x1F, 0x38, 0x80, 0x7D, 0x8E, 0x2F, 0xC7, 0xE5, 0xE8, 0x99, 0x10,
  0x00, 0x00, 0x37, 0x7A, 0x00, 0x00, 0x0E, 0xC2, 0xD2, 0x39, 0x00, 0x0B, 0xC6, 0x06, 0x00, 0x5B,
  0x79, 0x28, 0xAC, 0x00, 0x7E, 0x5A, 0x00, 0x00, 0x71, 0x5C, 0x09, 0xC5, 0x16, 0xC0, 0x01, 0x00,
  0x00, 0x52, 0x84, 0x34, 0xA6, 0x94, 0x63, 0xC3, 0xB9, 0x12, 0x07, 0xAA, 0xC6, 0x53, 0xB2, 0x87,
  0x51, 0x62, 0x75, 0x00, 0x00, 0x00, 0xA9, 0x2E, 0xA2, 0x2B, 0x39, 0x95, 0x00, 0x00, 0x37, 0x9F,
  0x00, 0x89, 0x48, 0x59, 0x7C, 0x00, 0x00, 0xB9, 0x1D, 0x00, 0x25, 0xCD, 0xCB, 0x1D, 0x00, 0x32,
  0xD1, 0xDA, 0xA5, 0x03, 0x00, 0x00, 0x00, 0x00, 0xA2, 0x5B, 0x00, 0xC8, 0x32, 0x00, 0x00, 0x00,
  0x00, 0x7B, 0x94, 0x2A, 0xDA, 0x10, 0x00, 0x00, 0x00, 0x00, 0x11, 0xEC, 0xE1, 0x23, 0x00, 0x00,
  0x00, 0x00, 0x0D, 0xD1, 0x7F, 0xC7, 0x79, 0x00, 0x97, 0x61, 0x00, 0x5C, 0xAD, 0x00, 0x0D, 0xC2,
  0x8F, 0xDC, 0x10, 0x00, 0x4A, 0xCA, 0x05, 0x00, 0x39, 0xFB, 0xA7, 0x00, 0x00, 0x01, 0x8E, 0xD5,
  0xD7, 0xBD, 0x3D, 0xBC, 0x86, 0x00, 0x3F, 0xB9, 0x2B, 0xA6, 0x14, 0x7C, 0x00, 0x00, 0x00, 0x00,
  0x00, 0x00, 0x00, 0x00, 0x00, 0x00, 0x00, 0x4A, 0xA6, 0x01, 0xD8, 0x21, 0x3B, 0xC2, 0x00, 0x73,
  0x89, 0x00, 0x8A, 0x72, 0x00, 0x82, 0x7A, 0x00, 0x5D, 0xA1, 0x00, 0x1A, 0xE2, 0x04, 0x00, 0x9D,
  0x5C, 0x00, 0x0E, 0x62, 0x5C, 0x97, 0x00, 0x00, 0xD2, 0x2A, 0x00, 0x76, 0x87, 0x00, 0x3E, 0xBE,
  0x00, 0x26, 0xD5, 0x00, 0x2F, 0xCD, 0x00, 0x56, 0xA9, 0x00, 0x9F, 0x61, 0x1A, 0xD8, 0x08, 0x3E,
  0x34, 0x00, 0x00, 0x00, 0x7B, 0x7E, 0x00, 0x00, 0x2F, 0x3A, 0x63, 0x66, 0x38, 0x33, 0x48, 0x9D,
  0xDD, 0xDF, 0x9E, 0x4E, 0x00, 0x2D, 0xBE, 0xC2, 0x32, 0x00, 0x00, 0x79, 0x53, 0x4B, 0x84, 0x00,
  0x00, 0x00, 0x00, 0x00, 0x00, 0x00, 0x00, 0x00, 0x00, 0x00, 0x00, 0x00, 0x00, 0x00, 0x00, 0x00,
  0x00, 0x00, 0x00, 0x00, 0x44, 0x88, 0x00, 0x00, 0x00, 0x00, 0x44, 0x88, 0x00, 0x00, 0x5C, 0xCC,
  0xD9, 0xE7, 0xCC, 0x92, 0x00, 0x00, 0x44, 0x88, 0x00, 0x00, 0x00, 0x00, 0x44, 0x88, 0x00, 0x00,
  0x00, 0x00, 0x00, 0x00, 0x00, 0x00, 0x0F, 0xD3, 0x07, 0x3B, 0xBD, 0x00, 0x70, 0x5E, 0x00, 0x72,
  0xCC, 0xCC, 0x16, 0x00, 0x00, 0x00, 0x00, 0x00, 0x00, 0x00, 0x00, 0x00, 0x17, 0x00, 0x18, 0xEC,
  0x0D, 0x00, 0x00, 0x27, 0xCC, 0x00, 0x00, 0x85, 0x6F, 0x00, 0x01, 0xDC, 0x16, 0x00, 0x40, 0xB4,
  0x00, 0x00, 0x9D, 0x56, 0x00, 0x09, 0xE2, 0x08, 0x00, 0x58, 0x9B, 0x00, 0x00, 0xB5, 0x3E, 0x00,
  0x00, 0x00, 0x58, 0xD6, 0xD8, 0x8B, 0x00, 0x15, 0xE2, 0x15, 0x01, 0xBA, 0x45, 0x55, 0xA3, 0x00,
  0x00, 0x5C, 0x97, 0x71, 0x88, 0x00, 0x00, 0x41, 0xB3, 0x6D, 0x88, 0x00, 0x00, 0x41, 0xB8, 0x50,
  0xA3, 0x00, 0x00, 0x5C, 0x9D, 0x0C, 0xDF, 0x15, 0x01, 0xB9, 0x54, 0x00, 0x57, 0xD8, 0xD8, 0x90,
  0x01, 0x00, 0x01, 0x82, 0xE6, 0x00, 0x00, 0x00, 0xAB, 0x85, 0xE8, 0x00, 0x00, 0x00, 0x1E, 0x0B,
  0xE8, 0x00, 0x00, 0x00, 0x00, 0x0C, 0xE8, 0x00, 0x00, 0x00, 0x00, 0x0C, 0xE8, 0x00, 0x00, 0x00,
  0x00, 0x0C, 0xE8, 0x00, 0x00, 0x00, 0x00, 0x0C, 0xE8, 0x00, 0x00, 0x00, 0x00, 0x0C, 0xE8, 0x00,
  0x00, 0x10, 0x97, 0xD8, 0xD2, 0x8D, 0x00, 0x13, 0x58, 0x00, 0x03, 0xC8, 0x46, 0x00, 0x00, 0x00,
  0x00, 0xAB, 0x5B, 0x00, 0x00, 0x00, 0x19, 0xDD, 0x14, 0x00, 0x00, 0x0A, 0xC4, 0x56, 0x00, 0x00,
  0x07, 0xB8, 0x6D, 0x00, 0x00, 0x04, 0xB0, 0x72, 0x00, 0x00, 0x00, 0x6D, 0xF8, 0xCC, 0xCC, 0xCC,
  0x92, 0x23, 0xAF, 0xCB, 0xD0, 0xA4, 0x07, 0x0E, 0x2A, 0x00, 0x00, 0xB1, 0x5A, 0x00, 0x00, 0x00,
  0x17, 0xCF, 0x33, 0x00, 0x3F, 0xD3, 0xF4, 0x79, 0x00, 0x00, 0x00, 0x00, 0x11, 0xB8, 0x68, 0x00,
  0x00, 0x00, 0x00, 0x63, 0xA3, 0x23, 0x09, 0x00, 0x05, 0xB0, 0x71, 0x56, 0xDA, 0xD0, 0xD6, 0x91,
  0x04, 0x00, 0x00, 0x00, 0x71, 0xEC, 0x00, 0x00, 0x00, 0x00, 0x30, 0xBB, 0xE5, 0x00, 0x00, 0x00,
  0x0A, 0xC7, 0x21, 0xEA, 0x00, 0x00, 0x00, 0x9B, 0x54, 0x00, 0xEC, 0x00, 0x00, 0x53, 0x95, 0x00,
  0x00, 0xEC, 0x00, 0x00, 0xB6, 0xE3, 0xE0, 0xE0, 0xFD, 0xE0, 0x11, 0x00, 0x00, 0x00, 0x00, 0xEC,
  0x00, 0x00, 0x00, 0x00, 0x00, 0x00, 0xEC, 0x00, 0x00, 0x00, 0xDE, 0xCC, 0xCC, 0xCC, 0x16, 0x00,
  0xE4, 0x00, 0x00, 0x00, 0x00, 0x07, 0xDD, 0x00, 0x00, 0x00, 0x00, 0x13, 0xF0, 0xC9, 0xD1, 0x8A,
  0x05, 0x00, 0x05, 0x00, 0x0A, 0xB1, 0x74, 0x00, 0x00, 0x00, 0x00, 0x5F, 0x9F, 0x14, 0x0C, 0x00,
  0x04, 0xAA, 0x66, 0x34, 0xD2, 0xCF, 0xCF, 0x86, 0x02, 0x00, 0x10, 0x9E, 0xD2, 0xCC, 0x24, 0x00,
  0xAE, 0x7A, 0x00, 0x00, 0x00, 0x1A, 0xD9, 0x01, 0x00, 0x00, 0x00, 0x4D, 0xAF, 0xA5, 0xCF, 0xA8,
  0x13, 0x5E, 0xE0, 0x1F, 0x00, 0x82, 0x95, 0x4D, 0xA5, 0x00, 0x00, 0x39, 0xBD, 0x10, 0xDC, 0x1A,
  0x00, 0x7E, 0x8C, 0x00, 0x48, 0xCC, 0xCD, 0xAD, 0x10, 0x69, 0xCC, 0xCC, 0xCC, 0xDD, 0xB9, 0x00,
  0x00, 0x00, 0x00, 0x99, 0x63, 0x00, 0x00, 0x00, 0x14, 0xE2, 0x08, 0x00, 0x00, 0x00, 0x7E, 0x84,
  0x00, 0x00, 0x00, 0x07, 0xE3, 0x1A, 0x00, 0x00, 0x00, 0x62, 0xA6, 0x00, 0x00, 0x00, 0x00, 0xD3,
  0x36, 0x00, 0x00, 0x00, 0x47, 0xC7, 0x00, 0x00, 0x00, 0x00, 0x71, 0xCB, 0xD0, 0xA9, 0x09, 0x22,
  0xDC, 0x07, 0x00, 0x9F, 0x66, 0x16, 0xDF, 0x0D, 0x00, 0xA7, 0x4F, 0x00, 0x52, 0xD8, 0xC1, 0x81,
  0x00, 0x08, 0xB3, 0x80, 0x7A, 0xCF, 0x23, 0x5E, 0x97, 0x00, 0x00, 0x55, 0xA1, 0x58, 0xB1, 0x02,
  0x00, 0x6F, 0x98, 0x03, 0x92, 0xD1, 0xCD, 0xB4, 0x16, 0x00, 0x7A, 0xD5, 0xD2, 0x81, 0x00, 0x3D,
  0xC8, 0x07, 0x02, 0xB5, 0x50, 0x6C, 0x88, 0x00, 0x00, 0x55, 0x9F, 0x42, 0xC8, 0x0A, 0x09, 0xAA,
  0xB1, 0x00, 0x7B, 0xCF, 0xC1, 0x85, 0x9D, 0x00, 0x00, 0x00, 0x00, 0x8C, 0x68, 0x00, 0x00, 0x00,
  0x36, 0xDF, 0x13, 0x00, 0xBC, 0xCD, 0xC0, 0x34, 0x00, 0x19, 0xEE, 0x0D, 0x00, 0x17, 0x00, 0x00,
  0x00, 0x00, 0x00, 0x00, 0x00, 0x00, 0x17, 0x00, 0x18, 0xEC, 0x0D, 0x23, 0xE4, 0x11, 0x19, 0xBA,
  0x0B, 0x00, 0x00, 0x00, 0x00, 0x00, 0x00, 0x00, 0x00, 0x00, 0x2E, 0xE3, 0x00, 0x5E, 0x93, 0x00,
  0x7A, 0x30, 0x00, 0x00, 0x00, 0x00, 0x00, 0x1A, 0x5E, 0x00, 0x00, 0x1B, 0x93, 0xB9, 0x40, 0x19,
  0x93, 0xAA, 0x38, 0x00, 0x00, 0x40, 0xC9, 0x7D, 0x18, 0x00, 0x00, 0x00, 0x02, 0x4F, 0xB9, 0xA7,
  0x37, 0x00, 0x00, 0x00, 0x00, 0x2E, 0x69, 0x00, 0x00, 0x00, 0x00, 0x00, 0x00, 0x4F, 0xCC, 0xCC,
  0xCC, 0xCC, 0x85, 0x00, 0x00, 0x00, 0x00, 0x00, 0x00, 0x4F, 0xCC, 0xCC, 0xCC, 0xCC, 0x85, 0x00,
  0x00, 0x00, 0x00, 0x00, 0x00, 0x00, 0x00, 0x00, 0x00, 0x00, 0x00, 0x42, 0x36, 0x00, 0x00, 0x00,
  0x00, 0x20, 0x9F, 0xB1, 0x38, 0x00, 0x00, 0x00, 0x00, 0x1E, 0x92, 0xAE, 0x36, 0x00, 0x00, 0x07,
  0x5C, 0xC2, 0x73, 0x1A, 0x88, 0xC6, 0x6E, 0x0C, 0x00, 0x48, 0x4E, 0x02, 0x00, 0x00, 0x00, 0x00,
  0x00, 0x00, 0x00, 0x00, 0x00, 0x82, 0xCD, 0xCE, 0xB0, 0x09, 0x1B, 0x00, 0x00, 0x93, 0x64, 0x00,
  0x00, 0x00, 0x97, 0x62, 0x00, 0x00, 0x5F, 0xC7, 0x08, 0x00, 0x32, 0xC8, 0x0E, 0x00, 0x00, 0x66,
  0x52, 0x00, 0x00, 0x00, 0x0D, 0x09, 0x00, 0x00, 0x00, 0x94, 0x7E, 0x00, 0x00, 0x00, 0x00, 0x2C,
  0xAB, 0xCF, 0xCB, 0xC5, 0x5C, 0x00, 0x00, 0x00, 0x3B, 0xC7, 0x31, 0x00, 0x00, 0x0D, 0x9D, 0x70,
  0x00, 0x02, 0xC8, 0x19, 0x47, 0xCF, 0xCE, 0xAD, 0x03, 0xC7, 0x08, 0x32, 0x9E, 0x04, 0xDB, 0x1A,
  0x08, 0xCD, 0x00, 0x93, 0x30, 0x55, 0x78, 0x20, 0xBE, 0x00, 0x19, 0xC1, 0x00, 0x93, 0x31, 0x4B,
  0x8B, 0x0C, 0xD5, 0x07, 0x62, 0xC6, 0x07, 0xC7, 0x08, 0x14, 0xCF, 0x04, 0x6A, 0xCD, 0x84, 0x66,
  0xCA, 0x4F, 0x00, 0x00, 0x81, 0xA7, 0x1E, 0x00, 0x00, 0x20, 0x08, 0x00, 0x00, 0x00, 0x00, 0x58,
  0xB9, 0xCF, 0xCA, 0x9F, 0x0E, 0x00, 0x00, 0x00, 0x00, 0x22, 0xFD, 0x25, 0x00, 0x00, 0x00, 0x00,
  0x00, 0x84, 0xD3, 0x86, 0x00, 0x00, 0x00, 0x00, 0x02, 0xE2, 0x41, 0xE4, 0x03, 0x00, 0x00, 0x00,
  0x48, 0xCD, 0x00, 0xC7, 0x4A, 0x00, 0x00, 0x00, 0xAA, 0x75, 0x00, 0x71, 0xAC, 0x00, 0x00, 0x12,
  0xF7, 0xE4, 0xE0, 0xE4, 0xF8, 0x14, 0x00, 0x6E, 0xAE, 0x00, 0x00, 0x00, 0xB2, 0x70, 0x00, 0xCF,
  0x3A, 0x00, 0x00, 0x00, 0x3B, 0xD2, 0x00, 0x00, 0xF0, 0xCF, 0xCB, 0xD3, 0x88, 0x02, 0x00, 0xF0,
  0x10, 0x00, 0x09, 0xDB, 0x38, 0x00, 0xF0, 0x10, 0x00, 0x14, 0xDC, 0x1F, 0x00, 0xF0, 0xCF, 0xD1,
  0xF2, 0x66, 0x00, 0x00, 0xF0, 0x10, 0x00, 0x12, 0xCE, 0x43, 0x00, 0xF0, 0x10, 0x00, 0x00, 0x8A,
  0x82, 0x00, 0xF0, 0x10, 0x00, 0x08, 0xC9, 0x58, 0x00, 0xF0, 0xCF, 0xCD, 0xD5, 0x87, 0x01, 0x00,
  0x04, 0x7F, 0xD6, 0xD0, 0xD9, 0x55, 0x00, 0x9A, 0xA8, 0x09, 0x00, 0x0C, 0x13, 0x18, 0xF0, 0x0F,
  0x00, 0x00, 0x00, 0x00, 0x47, 0xC9, 0x00, 0x00, 0x00, 0x00, 0x00, 0x49, 0xC7, 0x00, 0x00, 0x00,
  0x00, 0x00, 0x1E, 0xF0, 0x0C, 0x00, 0x00, 0x00, 0x00, 0x00, 0xB0, 0x9E, 0x06, 0x00, 0x00, 0x04,
  0x00, 0x0C, 0x98, 0xDD, 0xCE, 0xCF, 0x39, 0x00, 0xF0, 0xCF, 0xD0, 0xD6, 0x85, 0x08, 0x00, 0x00,
  0xF0, 0x10, 0x00, 0x0B, 0x9F, 0xAA, 0x00, 0x00, 0xF0, 0x10, 0x00, 0x00, 0x09, 0xEA, 0x23, 0x00,
  0xF0, 0x10, 0x00, 0x00, 0x00, 0xC0, 0x50, 0x00, 0xF0, 0x10, 0x00, 0x00, 0x00, 0xC4, 0x50, 0x00,
  0xF0, 0x10, 0x00, 0x00, 0x0E, 0xEE, 0x20, 0x00, 0xF0, 0x10, 0x00, 0x12, 0xAC, 0xA2, 0x00, 0x00,
  0xF0, 0xCF, 0xD5, 0xD5, 0x7E, 0x05, 0x00, 0x00, 0xF0, 0xCF, 0xCC, 0xCC, 0x5C, 0x00, 0xF0, 0x10,
  0x00, 0x00, 0x00, 0x00, 0xF0, 0x10, 0x00, 0x00, 0x00, 0x00, 0xF0, 0xCF, 0xCC, 0xCC, 0x36, 0x00,
  0xF0, 0x10, 0x00, 0x00, 0x00, 0x00, 0xF0, 0x10, 0x00, 0x00, 0x00, 0x00, 0xF0, 0x10, 0x00, 0x00,
  0x00, 0x00, 0xF0, 0xCF, 0xCC, 0xCC, 0x5C, 0x00, 0xF0, 0xCF, 0xCC, 0xCC, 0x5C, 0x00, 0xF0, 0x10,
  0x00, 0x00, 0x00, 0x00, 0xF0, 0x10, 0x00, 0x00, 0x00, 0x00, 0xF0, 0x10, 0x00, 0x00, 0x00, 0x00,
  0xF0, 0xCF, 0xCC, 0xCC, 0x33, 0x00, 0xF0, 0x10, 0x00, 0x00, 0x00, 0x00, 0xF0, 0x10, 0x00, 0x00,
  0x00, 0x00, 0xF0, 0x10, 0x00, 0x00, 0x00, 0x00, 0x01, 0x6D, 0xCE, 0xD0, 0xDA, 0xB5, 0x02, 0x00,
  0x8D, 0xB2, 0x11, 0x00, 0x00, 0x25, 0x00, 0x16, 0xEE, 0x11, 0x00, 0x00, 0x00, 0x00, 0x00, 0x46,
  0xC6, 0x00, 0x00, 0x00, 0x00, 0x00, 0x00, 0x48, 0xBE, 0x00, 0x00, 0x69, 0xCC, 0xE2, 0x2B, 0x1B,
  0xED, 0x08, 0x00, 0x00, 0x00, 0xCC, 0x30, 0x00, 0xA4, 0x9F, 0x0A, 0x00, 0x00, 0xCC, 0x30, 0x00,
  0x07, 0x89, 0xD6, 0xCD, 0xCC, 0xC8, 0x1F, 0x00, 0xF0, 0x10, 0x00, 0x00, 0x00, 0xEC, 0x14, 0x00,
  0xF0, 0x10, 0x00, 0x00, 0x00, 0xEC, 0x14, 0x00, 0xF0, 0x10, 0x00, 0x00, 0x00, 0xEC, 0x14, 0x00,
  0xF0, 0xCF, 0xCC, 0xCC, 0xCC, 0xFB, 0x14, 0x00, 0xF0, 0x10, 0x00, 0x00, 0x00, 0xEC, 0x14, 0x00,
  0xF0, 0x10, 0x00, 0x00, 0x00, 0xEC, 0x14, 0x00, 0xF0, 0x10, 0x00, 0x00, 0x00, 0xEC, 0x14, 0x00,
  0xF0, 0x10, 0x00, 0x00, 0x00, 0xEC, 0x14, 0x61, 0xEC, 0xD7, 0x2E, 0x00, 0xA4, 0x5C, 0x00, 0x00,
  0xA4, 0x5C, 0x00, 0x00, 0xA4, 0x5C, 0x00, 0x00, 0xA4, 0x5C, 0x00, 0x00, 0xA4, 0x5C, 0x00, 0x00,
  0xA4, 0x5C, 0x00, 0x5E, 0xE9, 0xD2, 0x2C, 0x00, 0x00, 0xFC, 0x00, 0x00, 0x00, 0xFC, 0x00, 0x00,
  0x00, 0xFC, 0x00, 0x00, 0x00, 0xFC, 0x00, 0x00, 0x00, 0xFC, 0x00, 0x00, 0x00, 0xFC, 0x00, 0x00,
  0x00, 0xFC, 0x00, 0x00, 0x00, 0xFA, 0x00, 0x00, 0x2F, 0xDB, 0x00, 0xAE, 0xC7, 0x41, 0x00, 0x00,
  0xF0, 0x10, 0x00, 0x11, 0xD1, 0x44, 0x00, 0xF0, 0x10, 0x07, 0xC0, 0x5C, 0x00, 0x00, 0xF0, 0x11,
  0xA8, 0x77, 0x00, 0x00, 0x00, 0xF0, 0x9A, 0xC7, 0x00, 0x00, 0x00, 0x00, 0xF0, 0x89, 0xDB, 0x4B,
  0x00, 0x00, 0x00, 0xF0, 0x10, 0x35, 0xE4, 0x18, 0x00, 0x00, 0xF0, 0x10, 0x00, 0x74, 0xB9, 0x01,
  0x00, 0xF0, 0x10, 0x00, 0x01, 0xB8, 0x73, 0x00, 0xF0, 0x10, 0x00, 0x00, 0x00, 0x00, 0xF0, 0x10,
  0x00, 0x00, 0x00, 0x00, 0xF0, 0x10, 0x00, 0x00, 0x00, 0x00, 0xF0, 0x10, 0x00, 0x00, 0x00, 0x00,
  0xF0, 0x10, 0x00, 0x00, 0x00, 0x00, 0xF0, 0x10, 0x00, 0x00, 0x00, 0x00, 0xF0, 0x10, 0x00, 0x00,
  0x00, 0x00, 0xF0, 0xE2, 0xE0, 0xE0, 0x6C, 0x00, 0xF0, 0xB6, 0x00, 0x00, 0x00, 0x00, 0xBC, 0xE8,
  0x00, 0x00, 0xDE, 0xD8, 0x18, 0x00, 0x00, 0x1D, 0xCC, 0xE7, 0x00, 0x00, 0xE7, 0x7F, 0x73, 0x00,
  0x00, 0x7C, 0x77, 0xE8, 0x00, 0x00, 0xEB, 0x21, 0xD1, 0x00, 0x00, 0xD2, 0x20, 0xE8, 0x00, 0x00,
  0xEC, 0x00, 0xC2, 0x30, 0x3B, 0xA8, 0x10, 0xE8, 0x00, 0x00, 0xEC, 0x00, 0x64, 0x8F, 0x9B, 0x48,
  0x10, 0xE8, 0x00, 0x00, 0xEC, 0x00, 0x0E, 0xE1, 0xD6, 0x03, 0x10, 0xE8, 0x00, 0x00, 0xEC, 0x00,
  0x00, 0xA7, 0x88, 0x00, 0x10, 0xE8, 0x00, 0x00, 0xF0, 0x89, 0x00, 0x00, 0x00, 0xA0, 0x4C, 0x00,
  0xE1, 0xE5, 0x32, 0x00, 0x00, 0xA0, 0x4C, 0x00, 0xE1, 0x5A, 0xCF, 0x04, 0x00, 0xA0, 0x4C, 0x00,
  0xEA, 0x00, 0xB6, 0x78, 0x00, 0xA0, 0x4C, 0x00, 0xEC, 0x00, 0x20, 0xEC, 0x26, 0x9F, 0x4C, 0x00,
  0xEC, 0x00, 0x00, 0x72, 0xC1, 0x9A, 0x4C, 0x00, 0xEC, 0x00, 0x00, 0x03, 0xCC, 0xE7, 0x4C, 0x00,
  0xEC, 0x00, 0x00, 0x00, 0x31, 0xFC, 0x4C, 0x00, 0x0B, 0x94, 0xD9, 0xD1, 0xCA, 0x4E, 0x00, 0x00,
  0x00, 0xAF, 0x93, 0x03, 0x00, 0x20, 0xDB, 0x40, 0x00, 0x1F, 0xEE, 0x09, 0x00, 0x00, 0x00, 0x60,
  0xB2, 0x00, 0x49, 0xC6, 0x00, 0x00, 0x00, 0x00, 0x2E, 0xE0, 0x00, 0x49, 0xC7, 0x00, 0x00, 0x00,
  0x00, 0x30, 0xDF, 0x00, 0x1D, 0xEF, 0x09, 0x00, 0x00, 0x00, 0x61, 0xB1, 0x00, 0x00, 0xAD, 0x92,
  0x02, 0x00, 0x20, 0xDA, 0x40, 0x00, 0x00, 0x0B, 0x94, 0xD9, 0xD1, 0xCA, 0x4E, 0x00, 0x00, 0x00,
  0xF0, 0xCF, 0xCD, 0xC7, 0x3C, 0x00, 0x00, 0xF0, 0x10, 0x00, 0x3D, 0xE7, 0x00, 0x00, 0xF0, 0x10,
  0x00, 0x00, 0xF7, 0x0E, 0x00, 0xF0, 0x10, 0x01, 0x61, 0xCD, 0x00, 0x00, 0xF0, 0xCF, 0xCF, 0xA2,
  0x1D, 0x00, 0x00, 0xF0, 0x10, 0x00, 0x00, 0x00, 0x00, 0x00, 0xF0, 0x10, 0x00, 0x00, 0x00, 0x00,
  0x00, 0xF0, 0x10, 0x00, 0x00, 0x00, 0x00, 0x00, 0x0B, 0x94, 0xD9, 0xD1, 0xCA, 0x4D, 0x00, 0x00,
  0x00, 0xAF, 0x93, 0x03, 0x00, 0x20, 0xDA, 0x3E, 0x00, 0x1F, 0xEE, 0x09, 0x00, 0x00, 0x00, 0x60,
  0xB0, 0x00, 0x49, 0xC6, 0x00, 0x00, 0x00, 0x00, 0x2E, 0xDF, 0x00, 0x49, 0xC7, 0x00, 0x00, 0x00,
  0x00, 0x30, 0xDD, 0x00, 0x1D, 0xEF, 0x09, 0x00, 0x00, 0x00, 0x61, 0xB2, 0x00, 0x00, 0xAD, 0x92,
  0x02, 0x00, 0x20, 0xDA, 0x43, 0x00, 0x00, 0x0B, 0x94, 0xD9, 0xD8, 0xE5, 0x53, 0x00, 0x00, 0x00,
  0x00, 0x00, 0x00, 0x1E, 0xE5, 0x3D, 0x00, 0x00, 0x00, 0x00, 0x00, 0x00, 0x00, 0x48, 0xE8, 0x26,
  0x00, 0x00, 0xF0, 0xCF, 0xCD, 0xCA, 0x41, 0x00, 0x00, 0xF0, 0x10, 0x00, 0x35, 0xE9, 0x00, 0x00,
  0xF0, 0x10, 0x00, 0x00, 0xF5, 0x0B, 0x00, 0xF0, 0x10, 0x00, 0x55, 0xC9, 0x00, 0x00, 0xF0, 0xCF,
  0xDF, 0xCD, 0x19, 0x00, 0x00, 0xF0, 0x10, 0x14, 0xE0, 0x1D, 0x00, 0x00, 0xF0, 0x10, 0x00, 0x66,
  0xB4, 0x00, 0x00, 0xF0, 0x10, 0x00, 0x01, 0xC8, 0x59, 0x00, 0x77, 0xC6, 0xD0, 0xD0, 0x26, 0x3E,
  0xCD, 0x04, 0x00, 0x18, 0x05, 0x42, 0xD3, 0x07, 0x00, 0x00, 0x00, 0x02, 0xAB, 0xD8, 0x67, 0x08,
  0x00, 0x00, 0x00, 0x3D, 0xAD, 0xDC, 0x1A, 0x00, 0x00, 0x00, 0x00, 0xA0, 0x6E, 0x14, 0x04, 0x00,
  0x02, 0xAF, 0x58, 0x50, 0xD5, 0xCE, 0xCE, 0x85, 0x01, 0xB5, 0xCC, 0xE2, 0xE8, 0xCC, 0xCC, 0x00,
  0x00, 0x70, 0x8C, 0x00, 0x00, 0x00, 0x00, 0x70, 0x8C, 0x00, 0x00, 0x00, 0x00, 0x70, 0x8C, 0x00,
  0x00, 0x00, 0x00, 0x70, 0x8C, 0x00, 0x00, 0x00, 0x00, 0x70, 0x8C, 0x00, 0x00, 0x00, 0x00, 0x70,
  0x8C, 0x00, 0x00, 0x00, 0x00, 0x70, 0x8C, 0x00, 0x00, 0x04, 0xFC, 0x00, 0x00, 0x00, 0x00, 0xF0,
  0x0C, 0x04, 0xFC, 0x00, 0x00, 0x00, 0x00, 0xF0, 0x0C, 0x04, 0xFC, 0x00, 0x00, 0x00, 0x00, 0xF0,
  0x0C, 0x04, 0xFC, 0x00, 0x00, 0x00, 0x00, 0xF0, 0x0C, 0x04, 0xFC, 0x00, 0x00, 0x00, 0x00, 0xF0,
  0x0C, 0x00, 0xF1, 0x09, 0x00, 0x00, 0x03, 0xF6, 0x03, 0x00, 0xAA, 0x70, 0x00, 0x00, 0x6A, 0xB3,
  0x00, 0x00, 0x15, 0xA8, 0xCE, 0xD1, 0xAE, 0x17, 0x00, 0xD3, 0x33, 0x00, 0x00, 0x00, 0x9D, 0x6A,
  0x7A, 0x8C, 0x00, 0x00, 0x06, 0xEA, 0x15, 0x20, 0xE2, 0x01, 0x00, 0x4D, 0xB7, 0x00, 0x00, 0xC6,
  0x3E, 0x00, 0xA5, 0x5E, 0x00, 0x00, 0x6C, 0x96, 0x09, 0xEA, 0x0D, 0x00, 0x00, 0x15, 0xE5, 0x54,
  0xAB, 0x00, 0x00, 0x00, 0x00, 0xB8, 0xCD, 0x51, 0x00, 0x00, 0x00, 0x00, 0x5D, 0xF0, 0x07, 0x00,
  0x00, 0xBF, 0x4B, 0x00, 0x00, 0x95, 0xBD, 0x00, 0x00, 0x15, 0xF0, 0x04, 0x7C, 0x8B, 0x00, 0x00,
  0xD9, 0xDE, 0x0E, 0x00, 0x53, 0xB2, 0x00, 0x39, 0xCB, 0x00, 0x29, 0xC6, 0x9B, 0x54, 0x00, 0x92,
  0x6F, 0x00, 0x04, 0xEE, 0x0E, 0x72, 0x80, 0x51, 0x9F, 0x00, 0xD1, 0x2C, 0x00, 0x00, 0xB3, 0x4A,
  0xBB, 0x37, 0x0C, 0xE2, 0x14, 0xE7, 0x00, 0x00, 0x00, 0x70, 0x8C, 0xE3, 0x02, 0x00, 0xBB, 0x7E,
  0xA6, 0x00, 0x00, 0x00, 0x2D, 0xE4, 0xA5, 0x00, 0x00, 0x70, 0xE3, 0x63, 0x00, 0x00, 0x00, 0x01,
  0xE8, 0x5C, 0x00, 0x00, 0x25, 0xFF, 0x21, 0x00, 0x00, 0x7B, 0x9D, 0x00, 0x00, 0x28, 0xD6, 0x09,
  0x05, 0xD1, 0x3B, 0x00, 0xBF, 0x43, 0x00, 0x00, 0x36, 0xD0, 0x63, 0x9F, 0x00, 0x00, 0x00, 0x00,
  0x94, 0xEC, 0x13, 0x00, 0x00, 0x00, 0x00, 0xBF, 0xDE, 0x36, 0x00, 0x00, 0x00, 0x62, 0x9E, 0x3A,
  0xCF, 0x04, 0x00, 0x15, 0xDB, 0x14, 0x00, 0xA0, 0x75, 0x00, 0xA4, 0x66, 0x00, 0x00, 0x16, 0xE4,
  0x21, 0xBC, 0x56, 0x00, 0x00, 0x21, 0xE2, 0x0B, 0x35, 0xD8, 0x04, 0x00, 0xA4, 0x6B, 0x00, 0x00,
  0xAD, 0x64, 0x2D, 0xDB, 0x05, 0x00, 0x00, 0x28, 0xDF, 0xB8, 0x5B, 0x00, 0x00, 0x00, 0x00, 0x9D,
  0xD1, 0x01, 0x00, 0x00, 0x00, 0x00, 0x60, 0x9C, 0x00, 0x00, 0x00, 0x00, 0x00, 0x60, 0x9C, 0x00,
  0x00, 0x00, 0x00, 0x00, 0x60, 0x9C, 0x00, 0x00, 0x00, 0x5C, 0xCC, 0xCC, 0xCC, 0xE6, 0xB7, 0x00,
  0x00, 0x00, 0x09, 0xDA, 0x3B, 0x00, 0x00, 0x00, 0x88, 0x97, 0x00, 0x00, 0x00, 0x2E, 0xE1, 0x0F,
  0x00, 0x00, 0x02, 0xC9, 0x52, 0x00, 0x00, 0x00, 0x6F, 0xB0, 0x00, 0x00, 0x00, 0x1D, 0xE5, 0x1C,
  0x00, 0x00, 0x00, 0x8C, 0xEE, 0xCC, 0xCC, 0xCC, 0xAF, 0x20, 0xF7, 0xCC, 0x46, 0x20, 0xD4, 0x00,
  0x00, 0x20, 0xD4, 0x00, 0x00, 0x20, 0xD4, 0x00, 0x00, 0x20, 0xD4, 0x00, 0x00, 0x20, 0xD4, 0x00,
  0x00, 0x20, 0xD4, 0x00, 0x00, 0x20, 0xD4, 0x00, 0x00, 0x20, 0xD4, 0x00, 0x00, 0x1C, 0xDF, 0xCC,
  0x46, 0xB6, 0x3E, 0x00, 0x00, 0x58, 0x9C, 0x00, 0x00, 0x09, 0xE2, 0x09, 0x00, 0x00, 0x9D, 0x58,
  0x00, 0x00, 0x40, 0xB6, 0x00, 0x00, 0x01, 0xDD, 0x18, 0x00, 0x00, 0x85, 0x72, 0x00, 0x00, 0x27,
  0xD0, 0x92, 0xD6, 0xBC, 0x00, 0x00, 0x34, 0xBC, 0x00, 0x00, 0x34, 0xBC, 0x00, 0x00, 0x34, 0xBC,
  0x00, 0x00, 0x34, 0xBC, 0x00, 0x00, 0x34, 0xBC, 0x00, 0x00, 0x34, 0xBC, 0x00, 0x00, 0x34, 0xBC,
  0x00, 0x00, 0x34, 0xBC, 0x00, 0x92, 0xD0, 0xA7, 0x00, 0x00, 0x00, 0x7C, 0x8D, 0x00, 0x00, 0x00,
  0x09, 0xBD, 0xB5, 0x1A, 0x00, 0x00, 0x6A, 0x62, 0x3D, 0x94, 0x00, 0x03, 0xC7, 0x07, 0x00, 0xB7,
  0x1F, 0x58, 0x80, 0x00, 0x00, 0x3C, 0x9D, 0x00, 0x00, 0x00, 0x00, 0x00, 0x00, 0x00, 0x00, 0x00,
  0x00, 0x00, 0x00, 0x00, 0x00, 0x00, 0x00, 0x00, 0x00, 0x00, 0x00, 0x00, 0x00, 0x00, 0x00, 0x03,
  0xCC, 0xCC, 0xCC, 0xCC, 0xB8, 0x4B, 0xD2, 0x02, 0x00, 0x7B, 0x69, 0x00, 0x00, 0x00, 0x00, 0x00,
  0x00, 0x00, 0x00, 0x00, 0x00, 0x00, 0x00, 0x00, 0x00, 0x00, 0x00, 0x00, 0x00, 0x00, 0x00, 0x00,
  0x00, 0x7C, 0xC8, 0xD1, 0xA1, 0x01, 0x00, 0x09, 0x00, 0x00, 0xC2, 0x35, 0x02, 0x80, 0xCB, 0xCD,
  0xEE, 0x48, 0x5C, 0xBF, 0x0C, 0x00, 0xB2, 0x48, 0x6F, 0x98, 0x00, 0x1A, 0xEB, 0x48, 0x15, 0xC8,
  0xD5, 0xAC, 0x94, 0x48, 0x10, 0xE8, 0x00, 0x00, 0x00, 0x00, 0x00, 0x10, 0xE7, 0x00, 0x00, 0x00,
  0x00, 0x00, 0x10, 0xE4, 0x92, 0xCE, 0xCE, 0x39, 0x00, 0x10, 0xFF, 0x3E, 0x00, 0x39, 0xDC, 0x00,
  0x10, 0xF3, 0x00, 0x00, 0x00, 0xE5, 0x17, 0x10, 0xF3, 0x00, 0x00, 0x00, 0xE5, 0x17, 0x10, 0xFF,
  0x43, 0x00, 0x39, 0xDC, 0x00, 0x10, 0xC4, 0x9A, 0xCF, 0xCD, 0x39, 0x00, 0x00, 0x55, 0xD1, 0xCF,
  0xA8, 0x1C, 0xE7, 0x18, 0x00, 0x03, 0x57, 0xAA, 0x00, 0x00, 0x00, 0x58, 0xAA, 0x00, 0x00, 0x00,
  0x20, 0xE8, 0x17, 0x00, 0x06, 0x00, 0x5C, 0xD3, 0xCF, 0xA8, 0x00, 0x00, 0x00, 0x00, 0x24, 0xD4,
  0x00, 0x00, 0x00, 0x00, 0x00, 0x24, 0xD4, 0x00, 0x00, 0x62, 0xD6, 0xCB, 0x88, 0xD4, 0x00, 0x1F,
  0xE8, 0x16, 0x00, 0x81, 0xD4, 0x00, 0x54, 0xAA, 0x00, 0x00, 0x2D, 0xD4, 0x00, 0x54, 0xA8, 0x00,
  0x00, 0x29, 0xD4, 0x00, 0x20, 0xE5, 0x13, 0x00, 0x76, 0xD4, 0x00, 0x00, 0x65, 0xD6, 0xC9, 0x73,
  0xD2, 0x00, 0x00, 0x53, 0xCC, 0xD0, 0xAA, 0x0A, 0x1A, 0xD0, 0x0A, 0x00, 0x8F, 0x79, 0x56, 0xEC,
  0xCC, 0xCC, 0xD5, 0x90, 0x58, 0xB1, 0x00, 0x00, 0x00, 0x00, 0x1C, 0xEF, 0x27, 0x00, 0x03, 0x10,
  0x00, 0x51, 0xD2, 0xCF, 0xD1, 0x43, 0x00, 0x52, 0xDC, 0xCC, 0x19, 0x00, 0xC1, 0x3C, 0x00, 0x00,
  0x82, 0xF4, 0xD4, 0x85, 0x00, 0x00, 0xCC, 0x2C, 0x00, 0x00, 0x00, 0xCC, 0x2C, 0x00, 0x00, 0x00,
  0xCC, 0x2C, 0x00, 0x00, 0x00, 0xCC, 0x2C, 0x00, 0x00, 0x00, 0xCC, 0x2C, 0x00, 0x00, 0x00, 0x5F,
  0xD5, 0xC0, 0x6D, 0xD0, 0x00, 0x1C, 0xE6, 0x15, 0x00, 0x7D, 0xD4, 0x00, 0x53, 0xAA, 0x00, 0x00,
  0x29, 0xD4, 0x00, 0x54, 0xA9, 0x00, 0x00, 0x25, 0xD4, 0x00, 0x1E, 0xE4, 0x13, 0x00, 0x72, 0xD4,
  0x00, 0x00, 0x64, 0xD6, 0xC1, 0x89, 0xD4, 0x00, 0x00, 0x00, 0x00, 0x00, 0x2A, 0xCB, 0x00, 0x00,
  0x28, 0x00, 0x00, 0x81, 0x9C, 0x00, 0x00, 0xB9, 0xD5, 0xCF, 0xB8, 0x1A, 0x00, 0x10, 0xE8, 0x00,
  0x00, 0x00, 0x00, 0x00, 0x10, 0xE8, 0x00, 0x00, 0x00, 0x00, 0x00, 0x10, 0xE4, 0x8C, 0xC6, 0xD6,
  0x48, 0x00, 0x10, 0xFF, 0x43, 0x00, 0x3B, 0xCE, 0x00, 0x10, 0xF3, 0x00, 0x00, 0x0C, 0xE7, 0x00,
  0x10, 0xE8, 0x00, 0x00, 0x0C, 0xE8, 0x00, 0x10, 0xE8, 0x00, 0x00, 0x0C, 0xE8, 0x00, 0x10, 0xE8,
  0x00, 0x00, 0x0C, 0xE8, 0x00, 0x09, 0x9F, 0x00, 0x00, 0x00, 0x00, 0x10, 0xE8, 0x00, 0x10, 0xE8,
  0x00, 0x10, 0xE8, 0x00, 0x10, 0xE8, 0x00, 0x10, 0xE8, 0x00, 0x10, 0xE8, 0x00, 0x00, 0x09, 0x9F,
  0x00, 0x00, 0x00, 0x00, 0x00, 0x00, 0x10, 0xE8, 0x00, 0x00, 0x10, 0xE8, 0x00, 0x00, 0x10, 0xE8,
  0x00, 0x00, 0x10, 0xE8, 0x00, 0x00, 0x10, 0xE8, 0x00, 0x00, 0x10, 0xE8, 0x00, 0x00, 0x10, 0xE8,
  0x00, 0x00, 0x1E, 0xDB, 0x00, 0x7B, 0xDE, 0x6A, 0x00, 0x10, 0xE4, 0x00, 0x00, 0x00, 0x00, 0x10,
  0xE4, 0x00, 0x00, 0x00, 0x00, 0x10, 0xE4, 0x00, 0x1B, 0xD1, 0x33, 0x10, 0xE4, 0x13, 0xCD, 0x40,
  0x00, 0x10, 0xE3, 0xC2, 0x70, 0x00, 0x00, 0x10, 0xF9, 0x79, 0xD6, 0x0D, 0x00, 0x10, 0xE4, 0x00,
  0x7D, 0xA7, 0x00, 0x10, 0xE4, 0x00, 0x02, 0xBF, 0x68, 0x10, 0xE8, 0x00, 0x10, 0xE8, 0x00, 0x10,
  0xE8, 0x00, 0x10, 0xE8, 0x00, 0x10, 0xE8, 0x00, 0x10, 0xE8, 0x00, 0x10, 0xE8, 0x00, 0x10, 0xE8,
  0x00, 0x10, 0xCF, 0x8E, 0xC7, 0xC9, 0x45, 0xB4, 0xD1, 0xB4, 0x06, 0x10, 0xFF, 0x3B, 0x00, 0x7A,
  0xE4, 0x0E, 0x00, 0xB9, 0x4C, 0x10, 0xF2, 0x00, 0x00, 0x50, 0xAB, 0x00, 0x00, 0x90, 0x63, 0x10,
  0xE8, 0x00, 0x00, 0x50, 0xA4, 0x00, 0x00, 0x90, 0x64, 0x10, 0xE8, 0x00, 0x00, 0x50, 0xA4, 0x00,
  0x00, 0x90, 0x64, 0x10, 0xE8, 0x00, 0x00, 0x50, 0xA4, 0x00, 0x00, 0x90, 0x64, 0x10, 0xCF, 0x8C,
  0xC5, 0xD7, 0x48, 0x00, 0x10, 0xFF, 0x46, 0x00, 0x3B, 0xCD, 0x00, 0x10, 0xF3, 0x00, 0x00, 0x0C,
  0xE7, 0x00, 0x10, 0xE8, 0x00, 0x00, 0x0C, 0xE8, 0x00, 0x10, 0xE8, 0x00, 0x00, 0x0C, 0xE8, 0x00,
  0x10, 0xE8, 0x00, 0x00, 0x0C, 0xE8, 0x00, 0x00, 0x4D, 0xCB, 0xD0, 0xB8, 0x1D, 0x00, 0x19, 0xE2,
  0x17, 0x00, 0x5B, 0xBC, 0x00, 0x52, 0xA9, 0x00, 0x00, 0x03, 0xF9, 0x05, 0x57, 0xAA, 0x00, 0x00,
  0x03, 0xF5, 0x03, 0x19, 0xE5, 0x19, 0x00, 0x5E, 0xB7, 0x00, 0x00, 0x4F, 0xD0, 0xCD, 0xB5, 0x1D,
  0x00, 0x10, 0xCF, 0x8F, 0xCE, 0xCF, 0x39, 0x00, 0x10, 0xFF, 0x3B, 0x00, 0x3D, 0xDD, 0x00, 0x10,
  0xF1, 0x00, 0x00, 0x00, 0xE5, 0x17, 0x10, 0xF4, 0x00, 0x00, 0x00, 0xED, 0x16, 0x10, 0xFF, 0x45,
  0x00, 0x44, 0xDA, 0x00, 0x10, 0xE3, 0x97, 0xC5, 0xCD, 0x37, 0x00, 0x10, 0xE7, 0x00, 0x00, 0x00,
  0x00, 0x00, 0x10, 0xE8, 0x00, 0x00, 0x00, 0x00, 0x00, 0x10, 0xE8, 0x00, 0x00, 0x00, 0x00, 0x00,
  0x00, 0x5F, 0xD6, 0xCA, 0x6E, 0xD0, 0x00, 0x1E, 0xE5, 0x15, 0x00, 0x7F, 0xD4, 0x00, 0x53, 0xAA,
  0x00, 0x00, 0x2D, 0xD4, 0x00, 0x54, 0xA9, 0x00, 0x00, 0x29, 0xD4, 0x00, 0x20, 0xE6, 0x14, 0x00,
  0x74, 0xD4, 0x00, 0x00, 0x65, 0xD7, 0xC7, 0x83, 0xD4, 0x00, 0x00, 0x00, 0x00, 0x00, 0x23, 0xD4,
  0x00, 0x00, 0x00, 0x00, 0x00, 0x24, 0xD4, 0x00, 0x00, 0x00, 0x00, 0x00, 0x24, 0xD4, 0x00, 0x10,
  0xC7, 0x79, 0xD3, 0x46, 0x10, 0xFA, 0x62, 0x00, 0x00, 0x10, 0xF6, 0x04, 0x00, 0x00, 0x10, 0xE8,
  0x00, 0x00, 0x00, 0x10, 0xE8, 0x00, 0x00, 0x00, 0x10, 0xE8, 0x00, 0x00, 0x00, 0x14, 0xB6, 0xCA,
  0xD4, 0x62, 0x5F, 0x95, 0x00, 0x01, 0x0A, 0x19, 0xCB, 0x9C, 0x2F, 0x00, 0x00, 0x01, 0x47, 0xC8,
  0x6D, 0x12, 0x02, 0x00, 0x43, 0xB7, 0x4B, 0xD6, 0xCC, 0xCA, 0x3B, 0x00, 0x53, 0x00, 0x00, 0x03,
  0xDC, 0x00, 0x00, 0x92, 0xFE, 0xCC, 0x8C, 0x00, 0xF8, 0x00, 0x00, 0x00, 0xF8, 0x00, 0x00, 0x00,
  0xF8, 0x00, 0x00, 0x00, 0xF2, 0x11, 0x00, 0x00, 0x79, 0xDF, 0x90, 0x20, 0xD8, 0x00, 0x00, 0x1C,
  0xDC, 0x00, 0x20, 0xD8, 0x00, 0x00, 0x1C, 0xDC, 0x00, 0x20, 0xD8, 0x00, 0x00, 0x1C, 0xDC, 0x00,
  0x1F, 0xD8, 0x00, 0x00, 0x27, 0xDC, 0x00, 0x0A, 0xF1, 0x11, 0x00, 0x78, 0xDC, 0x00, 0x00, 0x78,
  0xDB, 0xC4, 0x76, 0xD7, 0x00, 0xD0, 0x34, 0x00, 0x00, 0xA2, 0x67, 0x71, 0x8F, 0x00, 0x09, 0xEA,
  0x10, 0x16, 0xE2, 0x03, 0x57, 0xA7, 0x00, 0x00, 0xB3, 0x44, 0xB1, 0x47, 0x00, 0x00, 0x53, 0xA5,
  0xDD, 0x02, 0x00, 0x00, 0x06, 0xEA, 0x87, 0x00, 0x00, 0xBE, 0x3F, 0x00, 0x58, 0xF7, 0x0A, 0x00,
  0x9A, 0x64, 0x79, 0x80, 0x00, 0xA7, 0xC2, 0x4F, 0x00, 0xDB, 0x1E, 0x35, 0xC1, 0x05, 0xDB, 0x4E,
  0x9C, 0x1D, 0xD7, 0x00, 0x02, 0xE6, 0x4C, 0x9F, 0x0A, 0xDE, 0x60, 0x92, 0x00, 0x00, 0xAB, 0xC1,
  0x4F, 0x00, 0xB4, 0xC3, 0x4C, 0x00, 0x00, 0x66, 0xF6, 0x09, 0x00, 0x67, 0xFA, 0x0C, 0x00, 0x5C,
  0xB9, 0x00, 0x0B, 0xD7, 0x30, 0x00, 0xAA, 0x67, 0x92, 0x78, 0x00, 0x00, 0x13, 0xDD, 0xC2, 0x02,
  0x00, 0x00, 0x1E, 0xDD, 0xCE, 0x08, 0x00, 0x01, 0xBF, 0x4F, 0x7C, 0x91, 0x00, 0x73, 0x9F, 0x00,
  0x04, 0xCC, 0x46, 0xCC, 0x39, 0x00, 0x00, 0x9C, 0x6D, 0x6B, 0x96, 0x00, 0x05, 0xE8, 0x15, 0x11,
  0xE4, 0x05, 0x49, 0xB5, 0x00, 0x00, 0xA9, 0x4D, 0x9F, 0x59, 0x00, 0x00, 0x49, 0x9F, 0xDF, 0x0A,
  0x00, 0x00, 0x03, 0xDD, 0xA1, 0x00, 0x00, 0x00, 0x00, 0xB9, 0x45, 0x00, 0x00, 0x00, 0x2E, 0xD9,
  0x02, 0x00, 0x00, 0xB1, 0xD4, 0x3C, 0x00, 0x00, 0x00, 0x4F, 0xCC, 0xCC, 0xE4, 0xA2, 0x00, 0x00,
  0x0B, 0xD2, 0x2B, 0x00, 0x00, 0x9B, 0x70, 0x00, 0x00, 0x4E, 0xBB, 0x01, 0x00, 0x17, 0xD8, 0x1B,
  0x00, 0x00, 0x8B, 0xEC, 0xCC, 0xCC, 0x95, 0x00, 0x0A, 0xAE, 0xB5, 0x00, 0x4D, 0xB1, 0x00, 0x00,
  0x58, 0x9C, 0x00, 0x00, 0x7E, 0x88, 0x00, 0x9A, 0xD6, 0x13, 0x00, 0x00, 0x87, 0x7D, 0x00, 0x00,
  0x58, 0x9B, 0x00, 0x00, 0x57, 0x9C, 0x00, 0x00, 0x3C, 0xC4, 0x04, 0x00, 0x00, 0x85, 0xA9, 0x00,
  0x00, 0x60, 0x70, 0x00, 0x00, 0x00, 0x00, 0x60, 0x70, 0x00, 0x00, 0x00, 0x00, 0x60, 0x70, 0x00,
  0x00, 0x00, 0x00, 0x60, 0x70, 0x00, 0x00, 0x00, 0x00, 0x60, 0x70, 0x00, 0x00, 0x00, 0x00, 0x60,
  0x70, 0x00, 0x00, 0x00, 0x00, 0x60, 0x70, 0x00, 0x00, 0x00, 0x00, 0x60, 0x70, 0x00, 0x00, 0x00,
  0x00, 0x60, 0x70, 0x00, 0x00, 0x00, 0x00, 0x60, 0x70, 0x00, 0x00, 0x00, 0x00, 0x60, 0x70, 0x00,
  0x00, 0x82, 0xC4, 0x1E, 0x00, 0x00, 0x81, 0x7D, 0x00, 0x00, 0x6C, 0x88, 0x00, 0x00, 0x5A, 0xAB,
  0x01, 0x00, 0x04, 0xBC, 0xC9, 0x00, 0x4E, 0xB2, 0x02, 0x00, 0x6B, 0x88, 0x00, 0x00, 0x6C, 0x87,
  0x00, 0x00, 0x9A, 0x69, 0x00, 0x83, 0x9D, 0x08, 0x00, 0x2D, 0xC3, 0xC6, 0x64, 0x2C, 0x6A, 0x49,
  0x11, 0x1F, 0xA0, 0xD2, 0x48, 0x00, 0x00, 0x00, 0x00, 0x00, 0x00, 0x00, 0x00, 0x00, 0x00, 0x00,
  0x00, 0x00, 0x00, 0x00, 0x00, 0x00, 0x00,
};

#endif // NOTES_FONTS_H
